<7>[   14.581422] platform charger-manager: Added to deferred list
<7>[   14.581525] PM: Moving platform:sprd_backlight to end of list
<7>[   14.581529] platform sprd_backlight: Retrying from deferred list
<7>[   14.581561] bus: 'platform': driver_probe_device: matched device sprd_backlight with driver pwm-backlight
<7>[   14.581565] bus: 'platform': really_probe: probing driver pwm-backlight with device sprd_backlight
<7>[   14.581573] pwm-backlight sprd_backlight: no pinctrl handle
<4>[   14.581639] pwm-backlight sprd_backlight: sprd_backlight supply power not found, using dummy regulator
<6>[   14.591413] WCN BASEread AD_DCXO_BONDING_OPT val:0x618c
<6>[   14.596809] WCN BASExtal_26m clock Buffer mode
<7>[   14.601488] platform sprd_backlight: Driver pwm-backlight requests probe deferral
<7>[   14.601492] platform sprd_backlight: Added to deferred list
<6>[   14.601630] WCN BASEGNSS start to auto download
<6>[   14.606357] WCN BASEGNSS gnss_download_from_partition entry
<3>[   14.612132] WCN BASEgnss_load_firmware_data gnss_ops set_file_path error
<6>[   14.619078] WCN BASEtry open file /dev/block/platform/soc/soc:ap-apb/71400000.sdio/by-name/gnssmodem,count_num:1,errno=-2,gnss_load_firmware_data
<3>[   14.632303] WCN BASENo such file or directory
<14>[   14.653048] init: init first stage started!
<14>[   14.657549] init: Unable to open /lib/modules, skipping module loading.
<14>[   14.672945] init: Skip mounting partition: /product
<14>[   14.678161] init: Using Android DT directory /proc/device-tree/firmware/android/
<14>[   14.686540] init: Skip mounting partition: /product
<14>[   14.692025] init: [libfs_mgr]ReadDefaultFstab(): failed to find device default fstab
<14>[   14.711242] init: DSU not detected, proceeding with normal boot
<14>[   14.718842] init: [libfs_mgr]superblock s_max_mnt_count:65535,/dev/block/platform/soc/soc:ap-apb/71400000.sdio/by-name/vendor
<6>[   14.733660] EXT4-fs (mmcblk0p37): mounted filesystem with ordered data mode. Opts: barrier=1
<14>[   14.742397] init: [libfs_mgr]__mount(source=/dev/block/platform/soc/soc:ap-apb/71400000.sdio/by-name/vendor,target=/vendor,type=ext4)=0: Success
<14>[   14.756251] init: Skipped setting INIT_AVB_VERSION (not in recovery mode)
<14>[   14.788781] init: Skip mounting partition: /product
<11>[   14.796425] init: Could not find mount entry for /system
<14>[   14.802011] init: Loading SELinux policy
<14>[   14.812924] init: Failed to read /vendor/etc/selinux/precompiled_sepolicy.plat_sepolicy_and_mapping.sha256: No such file or directory
<14>[   14.825146] init: Compiling SELinux policy
<6>[   15.669911] WCN BASEtry open file /dev/block/platform/soc/soc:ap-apb/71400000.sdio/by-name/gnssmodem,count_num:2,errno=-2,gnss_load_firmware_data
<3>[   15.694231] WCN BASENo such file or directory
<6>[   16.725920] WCN BASEtry open file /dev/block/platform/soc/soc:ap-apb/71400000.sdio/by-name/gnssmodem,count_num:3,errno=-2,gnss_load_firmware_data
<3>[   16.750267] WCN BASENo such file or directory
<6>[   17.781910] WCN BASEtry open file /dev/block/platform/soc/soc:ap-apb/71400000.sdio/by-name/gnssmodem,count_num:4,errno=-2,gnss_load_firmware_data
<3>[   17.806227] WCN BASENo such file or directory
<11>[   18.055961] init: /system/bin/secilc: Hello, parsing /system/etc/selinux/plat_sepolicy.cil
<11>[   18.064520] init: /system/bin/secilc: Hello, parsing /system/etc/selinux/mapping/28.0.cil
<11>[   18.072930] init: /system/bin/secilc: Hello, parsing /system/etc/selinux/mapping/28.0.compat.cil
<11>[   18.081912] init: /system/bin/secilc: Hello, parsing /system_ext/etc/selinux/system_ext_sepolicy.cil
<11>[   18.091291] init: /system/bin/secilc: Hello, parsing /vendor/etc/selinux/plat_pub_versioned.cil
<11>[   18.100165] init: /system/bin/secilc: Hello, parsing /vendor/etc/selinux/vendor_sepolicy.cil
<14>[   18.108906] init: Loading compiled SELinux policy
<7>[   18.116985] SELinux: 16384 avtab hash slots, 38396 rules.
<7>[   18.130372] SELinux: 16384 avtab hash slots, 38396 rules.
<7>[   18.130383] SELinux:  1 users, 4 roles, 1970 types, 0 bools, 1 sens, 1024 cats
<7>[   18.130389] SELinux:  99 classes, 38396 rules
<6>[   18.132175] SELinux:  policy capability network_peer_controls=1
<6>[   18.138298] SELinux:  policy capability open_perms=1
<6>[   18.143467] SELinux:  policy capability extended_socket_class=1
<6>[   18.149620] SELinux:  policy capability always_check_network=0
<6>[   18.155653] SELinux:  policy capability cgroup_seclabel=0
<6>[   18.161275] SELinux:  policy capability nnp_nosuid_transition=1
<7>[   18.167433] SELinux:  Completing initialization.
<7>[   18.167435] SELinux:  Setting up existing superblocks.
<14>[   18.245955] selinux: SELinux: Loaded policy from /dev/sepolicy.8cHiV4
<5>[   18.246101] audit: type=1403 audit(1786020947.831:2): policy loaded auid=4294967295 ses=4294967295
<14>[   18.252596] selinux: 
<5>[   18.264330] audit: type=1404 audit(1786020947.839:3): enforcing=1 old_enforcing=0 auid=4294967295 ses=4294967295
<14>[   18.288390] selinux: SELinux: Loaded file_contexts
<14>[   18.293390] selinux: 
<6>[   18.299021] KernelSU: /system/bin/init second_stage executed via argv1 check
<6>[   18.353916] KernelSU: found variant: selinux_status_lock
<6>[   18.406877] KernelSU: found variant: selinux_status_page
<4>[   18.412766] KernelSU: initialize_fake_status: status_page not exist
<4>[   18.419192] KernelSU: selinux_hide: fake status need late initialization
<7>[   18.431991] SELinux: 16384 avtab hash slots, 38396 rules.
<7>[   18.441847] SELinux: 16384 avtab hash slots, 38396 rules.
<7>[   18.441879] SELinux:  1 users, 4 roles, 1970 types, 0 bools, 1 sens, 1024 cats
<7>[   18.441886] SELinux:  99 classes, 38396 rules
<6>[   18.443570] KernelSU: len of ksu_dup_policydb (backup_db) output: 699740
<6>[   18.443584] KernelSU: backup sepolicy success!
<7>[   18.468803] SELinux: 16384 avtab hash slots, 38396 rules.
<7>[   18.478689] SELinux: 16384 avtab hash slots, 38396 rules.
<7>[   18.478701] SELinux:  1 users, 4 roles, 1970 types, 0 bools, 1 sens, 1024 cats
<7>[   18.478708] SELinux:  99 classes, 38396 rules
<6>[   18.480428] KernelSU: len of ksu_dup_policydb output: 699740
<6>[   18.492316] KernelSU: class memfd_file does not exist
<6>[   18.503423] KernelSU: class memfd_file does not exist
<6>[   18.508719] KernelSU: class memfd_file does not exist
<6>[   18.513981] KernelSU: class memfd_file does not exist
<6>[   18.519252] KernelSU: class memfd_file does not exist
<6>[   18.545647] KernelSU: Cached su SID: 59
<6>[   18.549682] KernelSU: Cached zygote SID: 60
<6>[   18.554078] KernelSU: Cached init SID: 61
<6>[   18.558344] KernelSU: Cached ksu_file SID: 62
<14>[   18.585024] init: init second stage started!
<14>[   18.628465] init: Using Android DT directory /proc/device-tree/firmware/android/
<12>[   18.640458] init: Overriding previous 'ro.' property 'ro.control_privapp_permissions':'enforce' with new value 'log'
<12>[   18.652398] init: Overriding previous 'ro.' property 'ro.control_privapp_permissions':'log' with new value 'disable'
<12>[   18.667430] init: Overriding previous 'ro.' property 'pm.dexopt.shared':'speed' with new value 'quicken'
<12>[   18.677211] init: Couldn't load property file '/odm/default.prop': open() failed: No such file or directory: No such file or directory
<12>[   18.689491] init: Couldn't load property file '/odm/build.prop': open() failed: No such file or directory: No such file or directory
<12>[   18.703136] init: Overriding previous 'ro.' property 'ro.iorapd.enable':'false' with new value 'true'
<12>[   18.712559] init: Overriding previous 'ro.' property 'ro.config.alarm_alert':'Oxygen.ogg' with new value 'Argon.ogg'
<12>[   18.723308] init: Couldn't load property file '/factory/factory.prop': open() failed: No such file or directory: No such file or directory
<14>[   18.738823] init: Setting product property ro.product.brand to 'Phh' (from ro.product.product.brand)
<14>[   18.748142] init: Setting product property ro.product.device to 'phhgsi_arm64_ab' (from ro.product.product.device)
<14>[   18.758735] init: Setting product property ro.product.manufacturer to 'unknown' (from ro.product.product.manufacturer)
<14>[   18.769615] init: Setting product property ro.product.model to 'Phh-Treble vanilla' (from ro.product.product.model)
<14>[   18.780261] init: Setting product property ro.product.name to 'treble_arm64_bvN' (from ro.product.product.name)
<14>[   18.790554] init: snet: Hiding sensitive props
<14>[   18.797754] selinux: SELinux: Loaded file_contexts
<14>[   18.802759] selinux: 
<14>[   18.805247] init: Running restorecon...
<11>[   18.816855] selinux: SELinux: Could not get canonical path for /metadata/ota/rollback-indicator restorecon: No such file or directory.
<11>[   18.829136] selinux: 
<11>[   18.831677] selinux: SELinux:  Could not stat /metadata/gsi: No such file or directory.
<6>[   18.839908] WCN BASEtry open file /dev/block/platform/soc/soc:ap-apb/71400000.sdio/by-name/gnssmodem,count_num:5,errno=-2,gnss_load_firmware_data
<11>[   18.840541] selinux: 
<3>[   18.853127] WCN BASENo such file or directory
<14>[   18.856832] init: Created socket '/dev/socket/property_service', mode 666, user 0, group 0
<14>[   18.877157] init: Activated APEX 'com.android.adbd' in /system_ext/apex/com.android.adbd to /apex/com.android.adbd, version 300000000 
<14>[   18.891417] init: Activated APEX 'com.android.apex.cts.shim' in /system_ext/apex/com.android.apex.cts.shim.v1_with_prebuilts to /apex/com.android.apex.cts.shim, version 1 
<14>[   18.908607] init: Activated APEX 'com.android.art' in /system_ext/apex/com.android.art.release to /apex/com.android.art, version 1 
<14>[   18.922409] init: Activated APEX 'com.android.cellbroadcast' in /system_ext/apex/com.android.cellbroadcast to /apex/com.android.cellbroadcast, version 300000000 
<14>[   18.939190] init: Activated APEX 'com.android.conscrypt' in /system_ext/apex/com.android.conscrypt to /apex/com.android.conscrypt, version 300000000 
<14>[   18.954819] init: Activated APEX 'com.android.extservices' in /system_ext/apex/com.android.extservices to /apex/com.android.extservices, version 300000000 
<14>[   18.971050] init: Activated APEX 'com.android.i18n' in /system_ext/apex/com.android.i18n to /apex/com.android.i18n, version 1 
<14>[   18.984914] init: Activated APEX 'com.android.ipsec' in /system_ext/apex/com.android.ipsec to /apex/com.android.ipsec, version 300000000 
<14>[   18.999477] init: Activated APEX 'com.android.media' in /system_ext/apex/com.android.media to /apex/com.android.media, version 300000000 
<14>[   19.013749] init: Activated APEX 'com.android.media.swcodec' in /system_ext/apex/com.android.media.swcodec to /apex/com.android.media.swcodec, version 300000000 
<14>[   19.030848] init: Activated APEX 'com.android.mediaprovider' in /system_ext/apex/com.android.mediaprovider to /apex/com.android.mediaprovider, version 300000000 
<14>[   19.046539] init: Activated APEX 'com.android.neuralnetworks' in /system_ext/apex/com.android.neuralnetworks to /apex/com.android.neuralnetworks, version 300000000 
<14>[   19.062752] init: Activated APEX 'com.android.os.statsd' in /system_ext/apex/com.android.os.statsd to /apex/com.android.os.statsd, version 300000000 
<14>[   19.077774] init: Activated APEX 'com.android.permission' in /system_ext/apex/com.android.permission to /apex/com.android.permission, version 300000000 
<14>[   19.093006] init: Activated APEX 'com.android.resolv' in /system_ext/apex/com.android.resolv to /apex/com.android.resolv, version 300000000 
<14>[   19.107608] init: Activated APEX 'com.android.runtime' in /system_ext/apex/com.android.runtime to /apex/com.android.runtime, version 1 
<14>[   19.121763] init: Activated APEX 'com.android.sdkext' in /system_ext/apex/com.android.sdkext to /apex/com.android.sdkext, version 300000000 
<14>[   19.136406] init: Activated APEX 'com.android.tethering' in /system_ext/apex/com.android.tethering to /apex/com.android.tethering, version 300000000 
<14>[   19.151703] init: Activated APEX 'com.android.tzdata' in /system_ext/apex/com.android.tzdata to /apex/com.android.tzdata, version 300000000 
<14>[   19.166641] init: Activated APEX 'com.android.vndk.v30' in /system_ext/apex/com.android.vndk.current to /apex/com.android.vndk.v30, version 1 
<14>[   19.181748] init: Activated APEX 'com.android.vndk.v27' in /system_ext/apex/com.android.vndk.v27 to /apex/com.android.vndk.v27, version 1 
<14>[   19.196309] init: Activated APEX 'com.android.vndk.v28' in /system_ext/apex/com.android.vndk.v28 to /apex/com.android.vndk.v28, version 1 
<14>[   19.211080] init: Activated APEX 'com.android.vndk.v29' in /system_ext/apex/com.android.vndk.v29 to /apex/com.android.vndk.v29, version 1 
<14>[   19.224726] init: Activated APEX 'com.android.wifi' in /system_ext/apex/com.android.wifi to /apex/com.android.wifi, version 300000000 
<14>[   19.237029] init: SetupMountNamespaces done
<14>[   19.242605] init: Forked subcontext for 'u:r:vendor_init:s0' with pid 211
<6>[   19.243232] KernelSU: mark no sucompat checks for pid: '211', exec: '/system/bin/init'
<14>[   19.258579] init: Parsing file /system/etc/init/hw/init.rc...
<6>[   19.264654] KernelSU: ksu_common_newfstat_ret: stat init.rc 
<6>[   19.270561] KernelSU: module rc: open /metadata/ksu/modules.rc failed: -2
<6>[   19.277541] KernelSU: ksu_common_newfstat_ret: adding rc len: 44496 -> 44836 (static=340 module=0)
<6>[   19.286696] KernelSU: ksu_common_newfstat_ret: added rc len 
<6>[   19.292610] KernelSU: ksu_common_newfstat_ret: stat init.rc 
<6>[   19.298468] KernelSU: ksu_common_newfstat_ret: adding rc len: 44496 -> 44836 (static=340 module=0)
<6>[   19.307637] KernelSU: ksu_common_newfstat_ret: added rc len 
<6>[   19.313788] KernelSU: stop init_rc_hook!
<6>[   19.317879] KernelSU: read init.rc, comm: init, rc_count: 340, module_rc: 0
<6>[   19.327837] KernelSU: read_iter_proxy: orig read finished, start append rc
<6>[   19.335602] KernelSU: read_iter_proxy: append static 340
<6>[   19.341115] KernelSU: read_iter_proxy: static append done
<14>[   19.346792] init: Added '/init.environ.rc' to import list
<14>[   19.352397] init: Added '/system/etc/init/hw/init.usb.rc' to import list
<14>[   19.359301] init: Added '/init.uws6152_1h10_go.rc' to import list
<14>[   19.365616] init: Added '/vendor/etc/init/hw/init.uws6152_1h10_go.rc' to import list
<14>[   19.373581] init: Added '/system/etc/init/hw/init.usb.configfs.rc' to import list
<14>[   19.381289] init: Added '/system/etc/init/hw/init.zygote64_32.rc' to import list
<14>[   19.390676] init: Parsing file /init.environ.rc...
<14>[   19.397283] init: Parsing file /system/etc/init/hw/init.usb.rc...
<14>[   19.404705] init: Parsing file /init.uws6152_1h10_go.rc...
<14>[   19.410413] init: Unable to read config file '/init.uws6152_1h10_go.rc': open() failed: No such file or directory
<14>[   19.421742] init: Parsing file /vendor/etc/init/hw/init.uws6152_1h10_go.rc...
<14>[   19.429761] init: Added '/vendor/etc/init/hw/init.common.rc' to import list
<14>[   19.437293] init: Parsing file /vendor/etc/init/hw/init.common.rc...
<14>[   19.445009] init: Added '/vendor/etc/init/hw/init.uws6152_1h10_go.usb.rc' to import list
<14>[   19.453292] init: Added '/vendor/etc/init/hw/init.ram.rc' to import list
<14>[   19.460201] init: Added '/vendor/etc/init/hw/init.storage.rc' to import list
<11>[   19.467564] init: /vendor/etc/init/hw/init.common.rc: 51: Invalid keyword 'ubiattach'
<11>[   19.476305] init: /vendor/etc/init/hw/init.common.rc: 426: Invalid keyword 'rmmod'
<11>[   19.484066] init: /vendor/etc/init/hw/init.common.rc: 437: chmod requires 2 arguments
<11>[   19.492306] init: /vendor/etc/init/hw/init.common.rc: 578: Invalid keyword 'mknod'
<14>[   19.500298] init: Parsing file /vendor/etc/init/hw/init.uws6152_1h10_go.usb.rc...
<14>[   19.513949] init: Parsing file /vendor/etc/init/hw/init.ram.rc...
<14>[   19.521311] init: Parsing file /vendor/etc/init/hw/init.storage.rc...
<14>[   19.528430] init: Parsing file /system/etc/init/hw/init.usb.configfs.rc...
<14>[   19.536561] init: Parsing file /system/etc/init/hw/init.zygote64_32.rc...
<14>[   19.544476] init: Parsing directory /system/etc/init...
<14>[   19.550133] init: Parsing file /system/etc/init/adbd.rc...
<14>[   19.556208] init: Parsing file /system/etc/init/android.hardware.biometrics.fingerprint@2.1-service.oplus.rc...
<14>[   19.566856] init: Parsing file /system/etc/init/android.hardware.biometrics.fingerprint@2.1-service.oppo.rc...
<14>[   19.577885] init: Parsing file /system/etc/init/android.hidl.allocator@1.0-service.rc...
<14>[   19.586499] init: Parsing file /system/etc/init/android.system.suspend@1.0-service.rc...
<14>[   19.595603] init: Parsing file /system/etc/init/apexd.rc...
<14>[   19.601741] init: Parsing file /system/etc/init/atrace.rc...
<14>[   19.608640] init: Parsing file /system/etc/init/atrace_userdebug.rc...
<14>[   19.616255] init: Parsing file /system/etc/init/audioserver.rc...
<14>[   19.623042] init: Parsing file /system/etc/init/blank_screen.rc...
<14>[   19.630267] init: Parsing file /system/etc/init/bootanim.rc...
<14>[   19.636652] init: Parsing file /system/etc/init/bootstat-debug.rc...
<14>[   19.643993] init: Parsing file /system/etc/init/bootstat.rc...
<14>[   19.650969] init: Parsing file /system/etc/init/bpfloader.rc...
<14>[   19.657758] init: Parsing file /system/etc/init/cameraserver.rc...
<14>[   19.664961] init: Parsing file /system/etc/init/clean_scratch_files.rc...
<14>[   19.672390] init: Parsing file /system/etc/init/cppreopts.rc...
<14>[   19.678966] init: Parsing file /system/etc/init/credstore.rc...
<14>[   19.685455] init: Parsing file /system/etc/init/dot-adb.rc...
<14>[   19.692198] init: Parsing file /system/etc/init/dot-radio.rc...
<14>[   19.699153] init: Parsing file /system/etc/init/dot-system.rc...
<14>[   19.705735] init: Parsing file /system/etc/init/dot-updates.rc...
<14>[   19.712586] init: Parsing file /system/etc/init/drmserver.rc...
<14>[   19.719056] init: Parsing file /system/etc/init/dumpstate.rc...
<14>[   19.725987] init: Parsing file /system/etc/init/flags_health_check.rc...
<14>[   19.733209] init: Parsing file /system/etc/init/gatekeeperd.rc...
<14>[   19.739854] init: Parsing file /system/etc/init/gpuservice.rc...
<14>[   19.747038] init: Parsing file /system/etc/init/gsid.rc...
<14>[   19.753312] init: Parsing file /system/etc/init/healthd.rc...
<14>[   19.759709] init: Parsing file /system/etc/init/heapprofd.rc...
<14>[   19.766943] init: Parsing file /system/etc/init/hwservicemanager.rc...
<14>[   19.774640] init: Parsing file /system/etc/init/idmap2d.rc...
<14>[   19.781378] init: Parsing file /system/etc/init/incidentd.rc...
<14>[   19.787843] init: Parsing file /system/etc/init/init-debug.rc...
<14>[   19.794840] init: Parsing file /system/etc/init/init.legacy-gsi.rc...
<14>[   19.801993] init: Added '/system/etc/init/gsi/init.vndk-28.rc' to import list
<14>[   19.809669] init: Parsing file /system/etc/init/gsi/init.vndk-28.rc...
<14>[   19.816399] init: Unable to read config file '/system/etc/init/gsi/init.vndk-28.rc': open() failed: No such file or directory
<14>[   19.827895] init: Parsing file /system/etc/init/installd.rc...
<14>[   19.834898] init: Parsing file /system/etc/init/iorapd.rc...
<14>[   19.841428] init: Parsing file /system/etc/init/keystore.rc...
<14>[   19.848069] init: Parsing file /system/etc/init/llkd-debuggable.rc...
<14>[   19.855075] init: Parsing file /system/etc/init/llkd.rc...
<14>[   19.861617] init: Parsing file /system/etc/init/lmkd.rc...
<14>[   19.867696] init: Parsing file /system/etc/init/logcatd.rc...
<14>[   19.874558] init: Parsing file /system/etc/init/logd.rc...
<14>[   19.880700] init: Parsing file /system/etc/init/logtagd.rc...
<14>[   19.887454] init: Parsing file /system/etc/init/lpdumpd.rc...
<14>[   19.893776] init: Parsing file /system/etc/init/mdnsd.rc...
<6>[   19.899560] WCN BASEtry open file /dev/block/platform/soc/soc:ap-apb/71400000.sdio/by-name/gnssmodem,count_num:6,errno=-2,gnss_load_firmware_data
<14>[   19.903040] init: Parsing file /system/etc/init/mediaextractor.rc...
<3>[   19.912760] WCN BASENo such file or directory
<14>[   19.924422] init: Parsing file /system/etc/init/mediametrics.rc...
<14>[   19.931571] init: Parsing file /system/etc/init/mediaserver.rc...
<14>[   19.939248] init: Parsing file /system/etc/init/mtk-sms-fwk-ready.rc...
<14>[   19.946428] init: Parsing file /system/etc/init/mtpd.rc...
<14>[   19.952921] init: Parsing file /system/etc/init/netd.rc...
<14>[   19.959011] init: Parsing file /system/etc/init/oplus-alert-slider.rc...
<14>[   19.966891] init: Parsing file /system/etc/init/otapreopt.rc...
<14>[   19.973381] init: Parsing file /system/etc/init/perfetto.rc...
<14>[   19.980331] init: Parsing file /system/etc/init/phh-remotectl.rc...
<14>[   19.987162] init: Parsing file /system/etc/init/racoon.rc...
<14>[   19.993760] init: Parsing file /system/etc/init/recovery-persist.rc...
<14>[   20.000809] init: Parsing file /system/etc/init/recovery-refresh.rc...
<14>[   20.008314] init: Parsing file /system/etc/init/rss_hwm_reset.rc...
<14>[   20.015136] init: Parsing file /system/etc/init/servicemanager.rc...
<14>[   20.022526] init: Parsing file /system/etc/init/smartcharge-init.rc...
<14>[   20.030039] init: Parsing file /system/etc/init/storaged.rc...
<14>[   20.036411] init: Parsing file /system/etc/init/surfaceflinger.rc...
<14>[   20.044012] init: Parsing file /system/etc/init/tombstoned.rc...
<14>[   20.051537] init: Parsing file /system/etc/init/traced_perf.rc...
<14>[   20.058735] init: Parsing file /system/etc/init/traceur.rc...
<14>[   20.065244] init: Parsing file /system/etc/init/twrp.rc...
<14>[   20.071353] init: Parsing file /system/etc/init/uncrypt.rc...
<14>[   20.078116] init: Parsing file /system/etc/init/update_engine.rc...
<14>[   20.084947] init: Parsing file /system/etc/init/update_verifier.rc...
<14>[   20.092386] init: Parsing file /system/etc/init/usbd.rc...
<14>[   20.098445] init: Parsing file /system/etc/init/vdc.rc...
<14>[   20.104852] init: Parsing file /system/etc/init/vndk.rc...
<14>[   20.111036] init: Parsing file /system/etc/init/vold.rc...
<14>[   20.117531] init: Parsing file /system/etc/init/vr_hwc.rc...
<14>[   20.123772] init: Parsing file /system/etc/init/wait_for_keymaster.rc...
<14>[   20.131684] init: Parsing file /system/etc/init/wifi.rc...
<14>[   20.137947] init: Parsing file /system/etc/init/wificond.rc...
<14>[   20.144648] init: Parsing directory /system_ext/etc/init...
<14>[   20.150454] init: Parsing file /system_ext/etc/init/init.gsi.rc...
<14>[   20.157224] init: Parsing file /product/etc/init...
<14>[   20.162315] init: Unable to read config file '/product/etc/init': open() failed: No such file or directory
<14>[   20.172168] init: Parsing file /odm/etc/init...
<14>[   20.176920] init: Unable to read config file '/odm/etc/init': open() failed: No such file or directory
<14>[   20.186451] init: Parsing directory /vendor/etc/init...
<14>[   20.192048] init: Parsing file /vendor/etc/init/android.hardware.audio@2.0-service.rc...
<14>[   20.201155] init: Parsing file /vendor/etc/init/android.hardware.biometrics.fingerprint@2.1-service.rc...
<14>[   20.211297] init: Parsing file /vendor/etc/init/android.hardware.bluetooth.a2dp@1.0-service.rc...
<14>[   20.221193] init: Parsing file /vendor/etc/init/android.hardware.bluetooth@1.0-service.unisoc.rc...
<14>[   20.230779] init: Parsing file /vendor/etc/init/android.hardware.camera.provider@2.4-service.rc...
<14>[   20.240312] init: Parsing file /vendor/etc/init/android.hardware.cas@1.0-service.rc...
<14>[   20.249263] init: Parsing file /vendor/etc/init/android.hardware.configstore@1.1-service.rc...
<14>[   20.258899] init: Parsing file /vendor/etc/init/android.hardware.drm@1.0-service.rc...
<14>[   20.267859] init: Parsing file /vendor/etc/init/android.hardware.drm@1.1-service.clearkey.rc...
<14>[   20.277106] init: Parsing file /vendor/etc/init/android.hardware.drm@1.1-service.widevine.rc...
<14>[   20.286861] init: Parsing file /vendor/etc/init/android.hardware.dumpstate@1.0-service.rc...
<14>[   20.295903] init: Parsing file /vendor/etc/init/android.hardware.gatekeeper@1.0-service.rc...
<14>[   20.305435] init: Parsing file /vendor/etc/init/android.hardware.graphics.allocator@2.0-service.rc...
<14>[   20.315768] init: Parsing file /vendor/etc/init/android.hardware.graphics.composer@2.1-service.rc...
<14>[   20.325950] init: Parsing file /vendor/etc/init/android.hardware.health@2.0-service.rc...
<14>[   20.335357] init: Parsing file /vendor/etc/init/android.hardware.keymaster@3.0-service.rc...
<14>[   20.344354] init: Parsing file /vendor/etc/init/android.hardware.media.omx@1.0-service.rc...
<14>[   20.353552] init: Parsing file /vendor/etc/init/android.hardware.sensors@1.0-service.rc...
<14>[   20.362682] init: Parsing file /vendor/etc/init/android.hardware.usb@1.1-service.rc...
<14>[   20.371509] init: Parsing file /vendor/etc/init/android.hardware.wifi@1.0-service.rc...
<14>[   20.380064] init: Parsing file /vendor/etc/init/autotest.rc...
<14>[   20.386673] init: Parsing file /vendor/etc/init/avc_backtrace.rc...
<14>[   20.393488] init: Parsing file /vendor/etc/init/camera.rc...
<14>[   20.400289] init: Parsing file /vendor/etc/init/charge.rc...
<11>[   20.406565] init: /vendor/etc/init/charge.rc: 23: ignored duplicate definition of service 'ueventd'
<14>[   20.415829] init: Parsing file /vendor/etc/init/cp_diskserver.rc...
<14>[   20.423116] init: Parsing file /vendor/etc/init/engpc.rc...
<14>[   20.429523] init: Parsing file /vendor/etc/init/factorytest.rc...
<14>[   20.436494] init: Parsing file /vendor/etc/init/hostapd.android.rc...
<14>[   20.444002] init: Parsing file /vendor/etc/init/init.sprd_flash.rc...
<14>[   20.450994] init: Parsing file /vendor/etc/init/init.vibdrv.rc...
<14>[   20.458139] init: Parsing file /vendor/etc/init/init_expand.rc...
<14>[   20.464759] init: Parsing file /vendor/etc/init/iqfeed.rc...
<14>[   20.472060] init: Parsing file /vendor/etc/init/mlogservice.rc...
<14>[   20.478857] init: Parsing file /vendor/etc/init/modem_control.rc...
<14>[   20.485699] init: Parsing file /vendor/etc/init/modemd.rc...
<14>[   20.491885] init: Parsing file /vendor/etc/init/otpd.rc...
<14>[   20.498142] init: Parsing file /vendor/etc/init/phasecheckserver.rc...
<14>[   20.505310] init: Parsing file /vendor/etc/init/refnotify.rc...
<14>[   20.511929] init: Parsing file /vendor/etc/init/rpmbserver_androido.rc...
<14>[   20.519334] init: Parsing file /vendor/etc/init/slogmodem_vendor.rc...
<14>[   20.526907] init: Parsing file /vendor/etc/init/sprdrild.rc...
<14>[   20.533334] init: Parsing file /vendor/etc/init/srtd.rc...
<14>[   20.539404] init: Parsing file /vendor/etc/init/storageproxyd_androidp.rc...
<14>[   20.547801] init: Parsing file /vendor/etc/init/systemDebuggerd.rc...
<11>[   20.555280] init: /vendor/etc/init/systemDebuggerd.rc: 1: ignored duplicate definition of service 'systemDebuggerd'
<14>[   20.565935] init: Parsing file /vendor/etc/init/thermald.rc...
<14>[   20.573069] init: Parsing file /vendor/etc/init/tsupplicant.rc...
<14>[   20.580097] init: Parsing file /vendor/etc/init/vendor.sprd.hardware.aprd@1.0-service.rc...
<14>[   20.589843] init: Parsing file /vendor/etc/init/vendor.sprd.hardware.combined@1.0-service.rc...
<14>[   20.599999] init: Parsing file /vendor/etc/init/vendor.sprd.hardware.connmgr@1.0-service.rc...
<14>[   20.609485] init: Parsing file /vendor/etc/init/vendor.sprd.hardware.cplog_connmgr@1.0-service.rc...
<14>[   20.620106] init: Parsing file /vendor/etc/init/vendor.sprd.hardware.gnss@2.0-service.rc...
<14>[   20.629702] init: Parsing file /vendor/etc/init/vendor.sprd.hardware.ifaa@1.0-service.rc...
<14>[   20.639360] init: Parsing file /vendor/etc/init/vendor.sprd.hardware.log@1.0-service.rc...
<14>[   20.648290] init: Parsing file /vendor/etc/init/vendor.sprd.hardware.network@1.0-service.rc...
<14>[   20.658232] init: Parsing file /vendor/etc/init/vendor.sprd.hardware.power@3.0-service.rc...
<14>[   20.668057] init: Parsing file /vendor/etc/init/vndservicemanager.rc...
<14>[   20.675941] init: Parsing file /vendor/etc/init/wcn.rc...
<14>[   20.682032] init: Parsing file /vendor/etc/init/wcnd.rc...
<14>[   20.688430] init: Parsing file /vendor/etc/init/yloglite.rc...
<14>[   20.696696] init: processing action (SetupCgroups) from (<Builtin Action>:0)
<11>[   20.705456] libprocessgroup: Failed to mount blkio cgroup: No such file or directory
<12>[   20.713426] libprocessgroup: Failed to setup blkio cgroup
<11>[   20.719497] libprocessgroup: restored ownership for cgroup2 cgroup
<12>[   20.729662] init: DM_DEV_STATUS failed for system: No such device or address
<12>[   20.736922] init: DM_DEV_STATUS failed for vroot: No such device or address
<14>[   20.744721] init: Skip mounting partition: /product
<12>[   20.750416] init: DM_DEV_STATUS failed for system: No such device or address
<12>[   20.757696] init: DM_DEV_STATUS failed for vroot: No such device or address
<14>[   20.765337] init: Skip mounting partition: /product
<12>[   20.770785] init: DM_DEV_STATUS failed for system: No such device or address
<12>[   20.778038] init: DM_DEV_STATUS failed for vroot: No such device or address
<14>[   20.785651] init: Skip mounting partition: /product
<12>[   20.791114] init: DM_DEV_STATUS failed for system: No such device or address
<12>[   20.798363] init: DM_DEV_STATUS failed for vroot: No such device or address
<14>[   20.805991] init: Skip mounting partition: /product
<12>[   20.811439] init: DM_DEV_STATUS failed for system: No such device or address
<12>[   20.818674] init: DM_DEV_STATUS failed for vroot: No such device or address
<14>[   20.826292] init: Skip mounting partition: /product
<12>[   20.831725] init: DM_DEV_STATUS failed for system: No such device or address
<12>[   20.838990] init: DM_DEV_STATUS failed for vroot: No such device or address
<14>[   20.846637] init: Skip mounting partition: /product
<12>[   20.852073] init: DM_DEV_STATUS failed for system: No such device or address
<12>[   20.859311] init: DM_DEV_STATUS failed for vroot: No such device or address
<14>[   20.866930] init: Skip mounting partition: /product
<12>[   20.872335] init: DM_DEV_STATUS failed for system: No such device or address
<12>[   20.879583] init: DM_DEV_STATUS failed for vroot: No such device or address
<14>[   20.887253] init: Skip mounting partition: /product
<12>[   20.892732] init: DM_DEV_STATUS failed for system: No such device or address
<12>[   20.899953] init: DM_DEV_STATUS failed for vroot: No such device or address
<14>[   20.907548] init: Skip mounting partition: /product
<12>[   20.912961] init: DM_DEV_STATUS failed for system: No such device or address
<6>[   20.920233] WCN BASEtry open file /dev/block/platform/soc/soc:ap-apb/71400000.sdio/by-name/gnssmodem,count_num:7,errno=-2,gnss_load_firmware_data
<12>[   20.922068] init: DM_DEV_STATUS failed for vroot: No such device or address
<3>[   20.933456] WCN BASENo such file or directory
<14>[   20.945787] init: Skip mounting partition: /product
<12>[   20.951306] init: DM_DEV_STATUS failed for system: No such device or address
<12>[   20.958555] init: DM_DEV_STATUS failed for vroot: No such device or address
<14>[   20.966163] init: Skip mounting partition: /product
<12>[   20.971618] init: DM_DEV_STATUS failed for system: No such device or address
<12>[   20.978902] init: DM_DEV_STATUS failed for vroot: No such device or address
<14>[   20.986477] init: Skip mounting partition: /product
<12>[   20.991886] init: DM_DEV_STATUS failed for system: No such device or address
<12>[   20.999162] init: DM_DEV_STATUS failed for vroot: No such device or address
<14>[   21.006704] init: Skip mounting partition: /product
<12>[   21.012095] init: DM_DEV_STATUS failed for system: No such device or address
<12>[   21.019381] init: DM_DEV_STATUS failed for vroot: No such device or address
<14>[   21.026964] init: Skip mounting partition: /product
<12>[   21.032389] init: DM_DEV_STATUS failed for system: No such device or address
<12>[   21.039634] init: DM_DEV_STATUS failed for vroot: No such device or address
<14>[   21.047235] init: Skip mounting partition: /product
<12>[   21.052670] init: DM_DEV_STATUS failed for system: No such device or address
<12>[   21.059938] init: DM_DEV_STATUS failed for vroot: No such device or address
<14>[   21.067518] init: Skip mounting partition: /product
<12>[   21.072907] init: DM_DEV_STATUS failed for system: No such device or address
<12>[   21.080173] init: DM_DEV_STATUS failed for vroot: No such device or address
<14>[   21.087766] init: Skip mounting partition: /product
<12>[   21.093201] init: DM_DEV_STATUS failed for system: No such device or address
<12>[   21.100457] init: DM_DEV_STATUS failed for vroot: No such device or address
<14>[   21.108057] init: Skip mounting partition: /product
<12>[   21.113499] init: DM_DEV_STATUS failed for system: No such device or address
<12>[   21.120781] init: DM_DEV_STATUS failed for vroot: No such device or address
<14>[   21.128328] init: Skip mounting partition: /product
<12>[   21.133815] init: DM_DEV_STATUS failed for system: No such device or address
<12>[   21.141065] init: DM_DEV_STATUS failed for vroot: No such device or address
<14>[   21.148677] init: Skip mounting partition: /product
<12>[   21.154136] init: DM_DEV_STATUS failed for system: No such device or address
<12>[   21.161377] init: DM_DEV_STATUS failed for vroot: No such device or address
<14>[   21.168980] init: Skip mounting partition: /product
<12>[   21.174424] init: DM_DEV_STATUS failed for system: No such device or address
<12>[   21.181692] init: DM_DEV_STATUS failed for vroot: No such device or address
<14>[   21.189282] init: Skip mounting partition: /product
<12>[   21.194697] init: DM_DEV_STATUS failed for system: No such device or address
<12>[   21.201959] init: DM_DEV_STATUS failed for vroot: No such device or address
<14>[   21.209547] init: Skip mounting partition: /product
<12>[   21.214979] init: DM_DEV_STATUS failed for system: No such device or address
<12>[   21.222227] init: DM_DEV_STATUS failed for vroot: No such device or address
<14>[   21.229811] init: Skip mounting partition: /product
<12>[   21.235247] init: DM_DEV_STATUS failed for system: No such device or address
<12>[   21.242489] init: DM_DEV_STATUS failed for vroot: No such device or address
<14>[   21.250105] init: Skip mounting partition: /product
<14>[   21.255684] init: processing action (SetKptrRestrict) from (<Builtin Action>:0)
<14>[   21.263508] init: processing action (TestPerfEventSelinux) from (<Builtin Action>:0)
<14>[   21.271885] init: processing action (early-init) from (/system/etc/init/hw/init.rc:15)
<14>[   21.292616] init: starting service 'exec 1 (/system/bin/linkerconfig --target /linkerconfig/bootstrap)'...
<4>[   21.303933] cgroup: init (1) created nested cgroup for controller "memory" which has incomplete hierarchy support. Nested cgroups may change behavior in the future.
<6>[   21.304359] KernelSU: mark no sucompat checks for pid: '212', exec: '/system/bin/linkerconfig'
<4>[   21.318793] cgroup: "memory" requires setting use_hierarchy to 1 on the root
<14>[   21.319151] init: SVC_EXEC service 'exec 1 (/system/bin/linkerconfig --target /linkerconfig/bootstrap)' pid 212 (uid 0 gid 0+0 context default) started; waiting...
<14>[   21.349987] init: Command 'exec -- /system/bin/linkerconfig --target /linkerconfig/bootstrap' action=early-init (/system/etc/init/hw/init.rc:59) took 58ms and succeeded
<14>[   21.382731] init: Service 'exec 1 (/system/bin/linkerconfig --target /linkerconfig/bootstrap)' (pid 212) exited with status 0 waiting took 0.078000 seconds
<12>[   21.398143] init: DM_DEV_STATUS failed for system: No such device or address
<12>[   21.405495] init: DM_DEV_STATUS failed for vroot: No such device or address
<14>[   21.413282] init: Skip mounting partition: /product
<12>[   21.418976] init: DM_DEV_STATUS failed for system: No such device or address
<12>[   21.426230] init: DM_DEV_STATUS failed for vroot: No such device or address
<14>[   21.433843] init: Skip mounting partition: /product
<12>[   21.439284] init: DM_DEV_STATUS failed for system: No such device or address
<12>[   21.446546] init: DM_DEV_STATUS failed for vroot: No such device or address
<14>[   21.454184] init: Skip mounting partition: /product
<12>[   21.459635] init: DM_DEV_STATUS failed for system: No such device or address
<12>[   21.466924] init: DM_DEV_STATUS failed for vroot: No such device or address
<14>[   21.474527] init: Skip mounting partition: /product
<12>[   21.479937] init: DM_DEV_STATUS failed for system: No such device or address
<12>[   21.487191] init: DM_DEV_STATUS failed for vroot: No such device or address
<14>[   21.494822] init: Skip mounting partition: /product
<12>[   21.500277] init: DM_DEV_STATUS failed for system: No such device or address
<12>[   21.507538] init: DM_DEV_STATUS failed for vroot: No such device or address
<14>[   21.515160] init: Skip mounting partition: /product
<12>[   21.520583] init: DM_DEV_STATUS failed for system: No such device or address
<12>[   21.527819] init: DM_DEV_STATUS failed for vroot: No such device or address
<14>[   21.535435] init: Skip mounting partition: /product
<12>[   21.540873] init: DM_DEV_STATUS failed for system: No such device or address
<12>[   21.548119] init: DM_DEV_STATUS failed for vroot: No such device or address
<14>[   21.555779] init: Skip mounting partition: /product
<12>[   21.561242] init: DM_DEV_STATUS failed for system: No such device or address
<12>[   21.568470] init: DM_DEV_STATUS failed for vroot: No such device or address
<14>[   21.576083] init: Skip mounting partition: /product
<12>[   21.581497] init: DM_DEV_STATUS failed for system: No such device or address
<12>[   21.588777] init: DM_DEV_STATUS failed for vroot: No such device or address
<14>[   21.596406] init: Skip mounting partition: /product
<12>[   21.601920] init: DM_DEV_STATUS failed for system: No such device or address
<12>[   21.609153] init: DM_DEV_STATUS failed for vroot: No such device or address
<14>[   21.616780] init: Skip mounting partition: /product
<12>[   21.622263] init: DM_DEV_STATUS failed for system: No such device or address
<12>[   21.629505] init: DM_DEV_STATUS failed for vroot: No such device or address
<14>[   21.637150] init: Skip mounting partition: /product
<12>[   21.642599] init: DM_DEV_STATUS failed for system: No such device or address
<12>[   21.649835] init: DM_DEV_STATUS failed for vroot: No such device or address
<14>[   21.657432] init: Skip mounting partition: /product
<12>[   21.662869] init: DM_DEV_STATUS failed for system: No such device or address
<12>[   21.670131] init: DM_DEV_STATUS failed for vroot: No such device or address
<14>[   21.677734] init: Skip mounting partition: /product
<12>[   21.683161] init: DM_DEV_STATUS failed for system: No such device or address
<12>[   21.690407] init: DM_DEV_STATUS failed for vroot: No such device or address
<14>[   21.698030] init: Skip mounting partition: /product
<12>[   21.703449] init: DM_DEV_STATUS failed for system: No such device or address
<12>[   21.710702] init: DM_DEV_STATUS failed for vroot: No such device or address
<14>[   21.718351] init: Skip mounting partition: /product
<12>[   21.723780] init: DM_DEV_STATUS failed for system: No such device or address
<12>[   21.731065] init: DM_DEV_STATUS failed for vroot: No such device or address
<14>[   21.738635] init: Skip mounting partition: /product
<12>[   21.744034] init: DM_DEV_STATUS failed for system: No such device or address
<12>[   21.751306] init: DM_DEV_STATUS failed for vroot: No such device or address
<14>[   21.758931] init: Skip mounting partition: /product
<12>[   21.764400] init: DM_DEV_STATUS failed for system: No such device or address
<12>[   21.771637] init: DM_DEV_STATUS failed for vroot: No such device or address
<14>[   21.779231] init: Skip mounting partition: /product
<12>[   21.784718] init: DM_DEV_STATUS failed for system: No such device or address
<12>[   21.791943] init: DM_DEV_STATUS failed for vroot: No such device or address
<14>[   21.799589] init: Skip mounting partition: /product
<12>[   21.805066] init: DM_DEV_STATUS failed for system: No such device or address
<12>[   21.812310] init: DM_DEV_STATUS failed for vroot: No such device or address
<14>[   21.819939] init: Skip mounting partition: /product
<12>[   21.825355] init: DM_DEV_STATUS failed for system: No such device or address
<12>[   21.832581] init: DM_DEV_STATUS failed for vroot: No such device or address
<14>[   21.840220] init: Skip mounting partition: /product
<12>[   21.845684] init: DM_DEV_STATUS failed for system: No such device or address
<12>[   21.852922] init: DM_DEV_STATUS failed for vroot: No such device or address
<14>[   21.860538] init: Skip mounting partition: /product
<12>[   21.865978] init: DM_DEV_STATUS failed for system: No such device or address
<12>[   21.873206] init: DM_DEV_STATUS failed for vroot: No such device or address
<14>[   21.880863] init: Skip mounting partition: /product
<12>[   21.886348] init: DM_DEV_STATUS failed for system: No such device or address
<12>[   21.893592] init: DM_DEV_STATUS failed for vroot: No such device or address
<14>[   21.901219] init: Skip mounting partition: /product
<14>[   21.906787] init: starting service 'ueventd'...
<6>[   21.914233] KernelSU: mark no sucompat checks for pid: '213', exec: '/system/bin/ueventd'
<14>[   21.914729] init: starting service 'apexd-bootstrap'...
<6>[   21.929841] KernelSU: mark no sucompat checks for pid: '214', exec: '/system/bin/apexd'
<14>[   21.931052] init: SVC_EXEC service 'apexd-bootstrap' pid 214 (uid 0 gid 1000+0 context default) started; waiting...
<6>[   21.948714] WCN BASEtry open file /dev/block/platform/soc/soc:ap-apb/71400000.sdio/by-name/gnssmodem,count_num:8,errno=-2,gnss_load_firmware_data
<3>[   21.961942] WCN BASENo such file or directory
<14>[   21.980495] ueventd: ueventd started!
<14>[   21.986799] selinux: SELinux: Loaded file_contexts
<14>[   21.991784] selinux: 
<14>[   21.994467] ueventd: Parsing file /system/etc/ueventd.rc...
<14>[   22.002278] ueventd: Parsing file /vendor/ueventd.rc...
<11>[   22.009221] ueventd: /vendor/ueventd.rc: 87: /sys/ lines must have 5 entries
<11>[   22.016575] ueventd: /vendor/ueventd.rc: 88: /sys/ lines must have 5 entries
<11>[   22.023809] ueventd: /vendor/ueventd.rc: 89: /sys/ lines must have 5 entries
<14>[   22.025550] apexd: This device does not support updatable APEX. Exiting
<11>[   22.031101] ueventd: /vendor/ueventd.rc: 90: /sys/ lines must have 5 entries
<14>[   22.041318] init: Service 'apexd-bootstrap' (pid 214) exited with status 0 waiting took 0.112000 seconds
<14>[   22.045264] ueventd: Parsing file /odm/ueventd.rc...
<12>[   22.059384] init: DM_DEV_STATUS failed for system: No such device or address
<14>[   22.060097] ueventd: Unable to read config file '/odm/ueventd.rc': open() failed: No such file or directory
<12>[   22.067450] init: DM_DEV_STATUS failed for vroot: No such device or address
<14>[   22.077303] ueventd: Parsing file /ueventd.uws6152_1h10_go.rc...
<14>[   22.077323] ueventd: Unable to read config file '/ueventd.uws6152_1h10_go.rc': open() failed: No such file or directory
<14>[   22.086390] init: Skip mounting partition: /product
<14>[   22.091537] ueventd: Skip mounting partition: /product
<12>[   22.103247] init: DM_DEV_STATUS failed for system: No such device or address
<12>[   22.119563] init: DM_DEV_STATUS failed for vroot: No such device or address
<14>[   22.128201] init: Skip mounting partition: /product
<3>[   22.132555] power_supply sc27xx-fgu: driver failed to report `status' property: -22
<12>[   22.134419] init: DM_DEV_STATUS failed for system: No such device or address
<7>[   22.141204] device: 'sc27xx-fgu': dev_uevent: class uevent() returned -22
<12>[   22.148468] init: DM_DEV_STATUS failed for vroot: No such device or address
<4>[   22.148628] synth uevent: /devices/platform/soc/soc:aon/32100000.spi/spi_master/spi4/spi4.0/sc27xx-fgu/power_supply/sc27xx-fgu: failed to send uevent
<3>[   22.155615] power_supply sc27xx-fgu: uevent: failed to send synthetic uevent
<14>[   22.157012] init: Skip mounting partition: /product
<12>[   22.182749] init: DM_DEV_STATUS failed for system: No such device or address
<12>[   22.190119] init: DM_DEV_STATUS failed for vroot: No such device or address
<14>[   22.198875] init: Skip mounting partition: /product
<12>[   22.205026] init: DM_DEV_STATUS failed for system: No such device or address
<12>[   22.212382] init: DM_DEV_STATUS failed for vroot: No such device or address
<14>[   22.221138] init: Skip mounting partition: /product
<12>[   22.227403] init: DM_DEV_STATUS failed for system: No such device or address
<12>[   22.253425] init: DM_DEV_STATUS failed for vroot: No such device or address
<14>[   22.335518] init: Skip mounting partition: /product
<12>[   22.342047] init: DM_DEV_STATUS failed for system: No such device or address
<12>[   22.349520] init: DM_DEV_STATUS failed for vroot: No such device or address
<14>[   22.371101] init: Skip mounting partition: /product
<12>[   22.376686] init: DM_DEV_STATUS failed for system: No such device or address
<12>[   22.383939] init: DM_DEV_STATUS failed for vroot: No such device or address
<14>[   22.392198] init: Skip mounting partition: /product
<12>[   22.397730] init: DM_DEV_STATUS failed for system: No such device or address
<12>[   22.404969] init: DM_DEV_STATUS failed for vroot: No such device or address
<14>[   22.412775] init: Skip mounting partition: /product
<12>[   22.418490] init: DM_DEV_STATUS failed for system: No such device or address
<12>[   22.425726] init: DM_DEV_STATUS failed for vroot: No such device or address
<14>[   22.433374] init: Skip mounting partition: /product
<12>[   22.438952] init: DM_DEV_STATUS failed for system: No such device or address
<12>[   22.446238] init: DM_DEV_STATUS failed for vroot: No such device or address
<14>[   22.453930] init: Skip mounting partition: /product
<12>[   22.459465] init: DM_DEV_STATUS failed for system: No such device or address
<12>[   22.466696] init: DM_DEV_STATUS failed for vroot: No such device or address
<14>[   22.474391] init: Skip mounting partition: /product
<12>[   22.479974] init: DM_DEV_STATUS failed for system: No such device or address
<12>[   22.487253] init: DM_DEV_STATUS failed for vroot: No such device or address
<14>[   22.494910] init: Skip mounting partition: /product
<12>[   22.500380] init: DM_DEV_STATUS failed for system: No such device or address
<12>[   22.507638] init: DM_DEV_STATUS failed for vroot: No such device or address
<14>[   22.515312] init: Skip mounting partition: /product
<12>[   22.520817] init: DM_DEV_STATUS failed for system: No such device or address
<12>[   22.528109] init: DM_DEV_STATUS failed for vroot: No such device or address
<14>[   22.535826] init: Skip mounting partition: /product
<12>[   22.541326] init: DM_DEV_STATUS failed for system: No such device or address
<12>[   22.548562] init: DM_DEV_STATUS failed for vroot: No such device or address
<14>[   22.556244] init: Skip mounting partition: /product
<12>[   22.561761] init: DM_DEV_STATUS failed for system: No such device or address
<12>[   22.569063] init: DM_DEV_STATUS failed for vroot: No such device or address
<14>[   22.576758] init: Skip mounting partition: /product
<12>[   22.582253] init: DM_DEV_STATUS failed for system: No such device or address
<12>[   22.589494] init: DM_DEV_STATUS failed for vroot: No such device or address
<14>[   22.597268] init: Skip mounting partition: /product
<12>[   22.602768] init: DM_DEV_STATUS failed for system: No such device or address
<12>[   22.610040] init: DM_DEV_STATUS failed for vroot: No such device or address
<14>[   22.617638] init: Skip mounting partition: /product
<12>[   22.623266] init: DM_DEV_STATUS failed for system: No such device or address
<12>[   22.630530] init: DM_DEV_STATUS failed for vroot: No such device or address
<14>[   22.638219] init: Skip mounting partition: /product
<12>[   22.643770] init: DM_DEV_STATUS failed for system: No such device or address
<12>[   22.651027] init: DM_DEV_STATUS failed for vroot: No such device or address
<14>[   22.658705] init: Skip mounting partition: /product
<12>[   22.664293] init: DM_DEV_STATUS failed for system: No such device or address
<12>[   22.671573] init: DM_DEV_STATUS failed for vroot: No such device or address
<14>[   22.679240] init: Skip mounting partition: /product
<12>[   22.684703] init: DM_DEV_STATUS failed for system: No such device or address
<12>[   22.691952] init: DM_DEV_STATUS failed for vroot: No such device or address
<14>[   22.699659] init: Skip mounting partition: /product
<12>[   22.705164] init: DM_DEV_STATUS failed for system: No such device or address
<12>[   22.712432] init: DM_DEV_STATUS failed for vroot: No such device or address
<14>[   22.720066] init: Skip mounting partition: /product
<12>[   22.725527] init: DM_DEV_STATUS failed for system: No such device or address
<12>[   22.732839] init: DM_DEV_STATUS failed for vroot: No such device or address
<14>[   22.740500] init: Skip mounting partition: /product
<14>[   22.746146] init: processing action (ro.product.cpu.abilist32=* && early-init) from (/system/etc/init/hw/init.rc:85)
<14>[   22.757273] init: starting service 'boringssl_self_test32'...
<5>[   22.764844] audit: type=1400 audit(1786020952.351:4): avc:  granted  { open } for  pid=219 comm="init" path="/dev/kmsg_debug" dev="tmpfs" ino=10581 scontext=u:r:init:s0 tcontext=u:object_r:kmsg_debug_device:s0 tclass=chr_file
<6>[   22.765033] KernelSU: mark no sucompat checks for pid: '219', exec: '/system/bin/boringssl_self_test32'
<14>[   22.786311] init: SVC_EXEC service 'boringssl_self_test32' pid 219 (uid 0 gid 0+0 context default) started; waiting...
<14>[   22.890579] init: Service 'boringssl_self_test32' (pid 219) exited with status 0 waiting took 0.126000 seconds
<14>[   22.902158] init: processing action (ro.product.cpu.abilist64=* && early-init) from (/system/etc/init/hw/init.rc:87)
<14>[   22.913794] init: starting service 'boringssl_self_test64'...
<5>[   22.922951] audit: type=1400 audit(1786020952.511:5): avc:  granted  { open } for  pid=220 comm="init" path="/dev/kmsg_debug" dev="tmpfs" ino=10581 scontext=u:r:init:s0 tcontext=u:object_r:kmsg_debug_device:s0 tclass=chr_file
<6>[   22.923015] KernelSU: mark no sucompat checks for pid: '220', exec: '/system/bin/boringssl_self_test64'
<14>[   22.924991] init: SVC_EXEC service 'boringssl_self_test64' pid 220 (uid 0 gid 0+0 context default) started; waiting...
<6>[   22.999258] WCN BASEgnss_load_firmware_data finish read_Len:176128
<6>[   23.005631] WCN BASEgnss_download_from_partition image magic 0xa3fc0.
<14>[   23.020835] init: Service 'boringssl_self_test64' (pid 220) exited with status 0 waiting took 0.098000 seconds
<14>[   23.032442] init: processing action (early-init) from (/init.environ.rc:2)
<14>[   23.039899] init: processing action (early-init) from (/vendor/etc/init/hw/init.common.rc:5)
<12>[   23.049552] init: DM_DEV_STATUS failed for system: No such device or address
<12>[   23.056995] init: DM_DEV_STATUS failed for vroot: No such device or address
<14>[   23.065729] init: Skip mounting partition: /product
<12>[   23.072677] init: DM_DEV_STATUS failed for system: No such device or address
<12>[   23.080041] init: DM_DEV_STATUS failed for vroot: No such device or address
<14>[   23.088654] init: Skip mounting partition: /product
<12>[   23.094982] init: DM_DEV_STATUS failed for system: No such device or address
<12>[   23.102414] init: DM_DEV_STATUS failed for vroot: No such device or address
<14>[   23.119067] init: Skip mounting partition: /product
<6>[   23.121700] WCN BASEgnss_download_from_partition gnss download firmware finish
<12>[   23.125234] init: DM_DEV_STATUS failed for system: No such device or address
<3>[   23.131595] WCN BASEpre_gnss_download_firmware gnss_ops write_data error
<6>[   23.131597] WCN BASEgnss start run enter 
<6>[   23.131667] WCN SLP_MGR: sdio_pub_int_gnss_en0 ok!
<12>[   23.146103] init: DM_DEV_STATUS failed for vroot: No such device or address
<6>[   23.153514] WCN BASEgnss_start_run reset reg val:0x1
<14>[   23.156485] init: Skip mounting partition: /product
<6>[   23.162523] WCN BASEgnss start to backup calidata
<12>[   23.168565] init: DM_DEV_STATUS failed for system: No such device or address
<3>[   23.172545] WCN BASEpre_gnss_download_firmware gnss_ops backup_data error
<6>[   23.172557] WCN BASEgnss auto download finished and run ok
<6>[   23.172559] WCN BASEgnss_powerdomain_close
<6>[   23.172846] WCN BASEgnss_powerdomain_close R_CGM_GNSS_FAKE_CFG:0x0
<12>[   23.177692] init: DM_DEV_STATUS failed for vroot: No such device or address
<6>[   23.185781] WCN BASEgnss_powerdomain_close PD_GNSS_SS_AON_CFG4:0x4041000
<14>[   23.186376] ueventd: Coldboot took 1.078 seconds
<14>[   23.193332] init: Skip mounting partition: /product
<6>[   23.197481] WCN BASEgnss_powerdomain_close PD_GNSS_SS_AON_CFG4:0x4041008
<6>[   23.197786] WCN BASEthen marlin start to download
<12>[   23.202846] init: DM_DEV_STATUS failed for system: No such device or address
<6>[   23.208200] WCN BASEmarlin_download_from_partition entry
<6>[   23.213770] WCN BASEbtwf_load_firmware_data finish read_Len:947200
<12>[   23.227333] init: DM_DEV_STATUS failed for vroot: No such device or address
<6>[   23.232264] WCN BASEmarlin_download_from_partition image magic 0x1a0aa0.
<14>[   23.278157] init: Skip mounting partition: /product
<12>[   23.283989] init: DM_DEV_STATUS failed for system: No such device or address
<12>[   23.291256] init: DM_DEV_STATUS failed for vroot: No such device or address
<14>[   23.298996] init: Skip mounting partition: /product
<12>[   23.304864] init: DM_DEV_STATUS failed for system: No such device or address
<12>[   23.312156] init: DM_DEV_STATUS failed for vroot: No such device or address
<14>[   23.320029] init: Skip mounting partition: /product
<12>[   23.325689] init: DM_DEV_STATUS failed for system: No such device or address
<12>[   23.332930] init: DM_DEV_STATUS failed for vroot: No such device or address
<14>[   23.340644] init: Skip mounting partition: /product
<12>[   23.346226] init: DM_DEV_STATUS failed for system: No such device or address
<12>[   23.353622] init: DM_DEV_STATUS failed for vroot: No such device or address
<14>[   23.361577] init: Skip mounting partition: /product
<12>[   23.367272] init: DM_DEV_STATUS failed for system: No such device or address
<12>[   23.374563] init: DM_DEV_STATUS failed for vroot: No such device or address
<14>[   23.382578] init: Skip mounting partition: /product
<12>[   23.388289] init: DM_DEV_STATUS failed for system: No such device or address
<12>[   23.395540] init: DM_DEV_STATUS failed for vroot: No such device or address
<14>[   23.403180] init: Skip mounting partition: /product
<12>[   23.408844] init: DM_DEV_STATUS failed for system: No such device or address
<12>[   23.416119] init: DM_DEV_STATUS failed for vroot: No such device or address
<14>[   23.424203] init: Skip mounting partition: /product
<12>[   23.429813] init: DM_DEV_STATUS failed for system: No such device or address
<12>[   23.437079] init: DM_DEV_STATUS failed for vroot: No such device or address
<14>[   23.444798] init: Skip mounting partition: /product
<12>[   23.450472] init: DM_DEV_STATUS failed for system: No such device or address
<12>[   23.457773] init: DM_DEV_STATUS failed for vroot: No such device or address
<14>[   23.465810] init: Skip mounting partition: /product
<12>[   23.471410] init: DM_DEV_STATUS failed for system: No such device or address
<12>[   23.478708] init: DM_DEV_STATUS failed for vroot: No such device or address
<14>[   23.486367] init: Skip mounting partition: /product
<12>[   23.492075] init: DM_DEV_STATUS failed for system: No such device or address
<12>[   23.499332] init: DM_DEV_STATUS failed for vroot: No such device or address
<14>[   23.507052] init: Skip mounting partition: /product
<12>[   23.512738] init: DM_DEV_STATUS failed for system: No such device or address
<12>[   23.520037] init: DM_DEV_STATUS failed for vroot: No such device or address
<14>[   23.527741] init: Skip mounting partition: /product
<12>[   23.533375] init: DM_DEV_STATUS failed for system: No such device or address
<12>[   23.540627] init: DM_DEV_STATUS failed for vroot: No such device or address
<14>[   23.548693] init: Skip mounting partition: /product
<12>[   23.554467] init: DM_DEV_STATUS failed for system: No such device or address
<12>[   23.561709] init: DM_DEV_STATUS failed for vroot: No such device or address
<14>[   23.569662] init: Skip mounting partition: /product
<12>[   23.575491] init: DM_DEV_STATUS failed for system: No such device or address
<12>[   23.582738] init: DM_DEV_STATUS failed for vroot: No such device or address
<14>[   23.590622] init: Skip mounting partition: /product
<12>[   23.596290] init: DM_DEV_STATUS failed for system: No such device or address
<12>[   23.603541] init: DM_DEV_STATUS failed for vroot: No such device or address
<14>[   23.611193] init: Skip mounting partition: /product
<12>[   23.617010] init: DM_DEV_STATUS failed for system: No such device or address
<12>[   23.624251] init: DM_DEV_STATUS failed for vroot: No such device or address
<14>[   23.631967] init: Skip mounting partition: /product
<12>[   23.637641] init: DM_DEV_STATUS failed for system: No such device or address
<12>[   23.644911] init: DM_DEV_STATUS failed for vroot: No such device or address
<14>[   23.652918] init: Skip mounting partition: /product
<12>[   23.658575] init: DM_DEV_STATUS failed for system: No such device or address
<12>[   23.665815] init: DM_DEV_STATUS failed for vroot: No such device or address
<14>[   23.673720] init: Skip mounting partition: /product
<6>[   23.685840] WCN BASEmarlin_download_from_partition finish and successful
<6>[   23.692723] WCN BASEmarlin_start_run
<6>[   23.696697] WCN BASEtsx cali init flag 0
<14>[   23.696865] init: Command 'mkdir /vendor/etc/seccomp_policy 0777 media system' action=early-init (/vendor/etc/init/hw/init.common.rc:14) took 11ms and failed: lchown failed on /vendor/etc/seccomp_policy: Read-only file system
<3>[   23.700823] WCN BASEopen file error
<6>[   23.700825] WCN BASEtsx cali read fail! default 0xffff
<6>[   23.724730] WCN SLP_MGR: sdio_pub_int_btwf_en0 ok!
<6>[   23.735507] WCN BASEmarlin_start_run read reset reg val:0x1
<14>[   23.742246] init: processing action (early-init) from (/vendor/etc/init/camera.rc:1)
<6>[   23.751336] WCN BASE: s_marlin_bootup_time=23751332216
<6>[   23.752632] WCN BASEmarlin_start_run after reset reg val:0x0
<4>[   23.759315] sprd_sensor: loading out-of-tree module taints kernel.
<6>[   23.763839] WCN BASEcheck_cp_clock_mode
<6>[   23.763841] WCN BASExtal_26m clock use BUFFER mode
<6>[   23.763866] WCN BASEavdd18_dcxo power disable
<6>[   23.763887] WCN BASEtsx_dac_data:65535
<6>[   23.763889] WCN BASEcali_data_offset:0x18
<7>[   23.796147] bus: 'i2c': add driver sensor_main
<6>[   23.796256] SENSOR_DRV: 211: sprd_sensor_register_driver L 561: register main sensor:0
<7>[   23.804358] bus: 'i2c': add driver sensor_sub
<7>[   23.804368] bus: 'i2c': driver_probe_device: matched device 0-006e with driver sensor_sub
<7>[   23.804388] bus: 'i2c': really_probe: probing driver sensor_sub with device 0-006e
<7>[   23.804400] sensor_sub 0-006e: no pinctrl handle
<6>[   23.804492] SENSOR_DRV: 211: sprd_sensor_probe L 233: dcam sensor probe start:device name:(null)
<6>[   23.813493] SENSOR_DRV: 211: sprd_sensor_parse_clk_dt L 78: sensor_info->sensor_clk: ffffffc0f705aa80 id 1
<3>[   23.823410] SENSOR_DRV: 211: sprd_sensor_parse_gpio_dt L 118: invalid gpio: i=2, gpio=-2, name=flash-gpios
<3>[   23.833260] SENSOR_DRV: 211: sprd_sensor_parse_gpio_dt L 118: invalid gpio: i=3, gpio=-2, name=mipi-switch-en-gpios
<3>[   23.843875] SENSOR_DRV: 211: sprd_sensor_parse_gpio_dt L 118: invalid gpio: i=4, gpio=-2, name=mipi-switch-mode-gpios
<3>[   23.854762] SENSOR_DRV: 211: sprd_sensor_parse_gpio_dt L 118: invalid gpio: i=5, gpio=-2, name=switch-mode-gpios
<3>[   23.865101] SENSOR_DRV: 211: sprd_sensor_parse_gpio_dt L 118: invalid gpio: i=6, gpio=-2, name=cam-id-gpios
<3>[   23.875055] SENSOR_DRV: 211: sprd_sensor_parse_gpio_dt L 118: invalid gpio: i=7, gpio=-2, name=iovdd-gpios
<3>[   23.884908] SENSOR_DRV: 211: sprd_sensor_parse_gpio_dt L 118: invalid gpio: i=8, gpio=-2, name=avdd-gpios
<3>[   23.894708] SENSOR_DRV: 211: sprd_sensor_parse_gpio_dt L 118: invalid gpio: i=9, gpio=-2, name=dvdd-gpios
<3>[   23.904473] SENSOR_DRV: 211: sprd_sensor_parse_gpio_dt L 118: invalid gpio: i=10, gpio=-2, name=mot-gpios
<6>[   23.914257] csi_api: 211 135 csi_api_mipi_phy_cfg_init : sensor_id 1 mipi_phy:phy_id:1
<6>[   23.922393] SENSOR_DRV: 211: sprd_sensor_config L 211: 18446743803125960448
<6>[   23.929569] csi_api: 211 149 csi_api_dt_node_init : Entry, phyid:1, sensor_id:1
<6>[   23.937277] csi_api: 211 249 csi_api_dt_node_init : irq e0 id:13
<6>[   23.943485] csi_api: 211 251 csi_api_dt_node_init : irq e1 id:12
<6>[   23.949707] dphy_drv: 211 341 phy_parse_dt : phy_id :1, reg:1
<6>[   23.955703] csi_api: 211 264 csi_api_dt_node_init : csi dt info:sensor_id :1, phy_id:1, csi_id:0, csi_info:0xffffffc0f5272f18
<6>[   23.967190] SENSOR_DRV: 211: parse_dcam_id L 154: dcam id is 0
<7>[   23.973229] driver: 'sensor_sub': driver_bound: bound to device '0-006e'
<7>[   23.973244] PM: Moving platform:charger-manager to end of list
<7>[   23.973249] platform charger-manager: Retrying from deferred list
<7>[   23.973391] bus: 'platform': driver_probe_device: matched device charger-manager with driver charger-manager
<7>[   23.973396] bus: 'platform': really_probe: probing driver charger-manager with device charger-manager
<7>[   23.973407] charger-manager charger-manager: no pinctrl handle
<6>[   23.973519] charger-manager charger-manager: Ignoring full-battery soc(state of charge) threshold as it is not supplied
<7>[   23.973972] bus: 'i2c': really_probe: bound device 0-006e to driver sensor_sub
<3>[   23.984566] charger-manager charger-manager: Cannot find power supply "eta6947_charger"
<6>[   23.984633] SENSOR_DRV: 211: sprd_sensor_register_driver L 563: register sub sensor:0
<7>[   23.992793] platform charger-manager: Driver charger-manager requests probe deferral
<7>[   24.000849] bus: 'i2c': add driver sensor_main2
<6>[   24.000851] WCN BASEmarlin_write_cali_data finish
<6>[   24.000858] WCN MEM_PD: mem_pd_save_bin entry
<6>[   24.005853] SENSOR_DRV: 211: sprd_sensor_register_driver L 565: register main2 sensor:0
<7>[   24.010325] platform charger-manager: Added to deferred list
<7>[   24.010341] PM: Moving platform:sprd_backlight to end of list
<7>[   24.018536] platform sprd_backlight: Retrying from deferred list
<7>[   24.018589] bus: 'i2c': add driver sensor_sub2
<7>[   24.018592] bus: 'platform': driver_probe_device: matched device sprd_backlight with driver pwm-backlight
<7>[   24.018597] bus: 'platform': really_probe: probing driver pwm-backlight with device sprd_backlight
<7>[   24.018606] pwm-backlight sprd_backlight: no pinctrl handle
<6>[   24.018684] SENSOR_DRV: 211: sprd_sensor_register_driver L 567: register  sub2 sensor:0
<4>[   24.018687] pwm-backlight sprd_backlight: sprd_backlight supply power not found, using dummy regulator
<7>[   24.019097] platform sprd_backlight: Driver pwm-backlight requests probe deferral
<7>[   24.026923] bus: 'i2c': add driver sensor_main3
<7>[   24.036371] platform sprd_backlight: Added to deferred list
<6>[   24.036475] SENSOR_DRV: 211: sprd_sensor_register_driver L 569: register main3 sensor:0
<7>[   24.044725] bus: 'i2c': add driver sensor_sub3
<6>[   24.044788] SENSOR_DRV: 211: sprd_sensor_register_driver L 571: register  sub3 sensor:0
<6>[   24.052263] WCN SLP_MGR: irq_cnt1!!
<6>[   24.052967] SENSOR_CORE: 211: sprd_sensor_core_module_init line=762: sensor register
<6>[   24.056774] WCN SLP_MGR: PUB_INT_STS0-0x1
<7>[   24.064664] device: 'sprd_sensor': device_add
<7>[   24.068913] PM: Adding info for No Bus:sprd_sensor
<6>[   24.068974] WCN MEM_PD: save_bin_cp_ready ,cp while(1) state
<6>[   24.068983] WCN MEM_PD: cp first power on
<6>[   24.074846] SENSOR_CORE: 211: sprd_sensor_core_module_init line=765: create device node
<14>[   24.087565] init: Command 'insmod /vendor/lib/modules/sprd_sensor.ko' action=early-init (/vendor/etc/init/camera.rc:2) took 337ms and succeeded
<6>[   24.088911] WCN BASEmarlin: chipid=2355b001, marlin_get_wcn_chipid
<7>[   24.103869] bus: 'platform': add driver sprd_flash
<6>[   24.107132] WCN MEM_PD: sdio_read_mem_from_cp  read wifi/bt mem bin
<7>[   24.107390] Registering platform device 'sprd_flash'. Parent at platform
<7>[   24.113594] device: 'sprd_flash': device_add
<7>[   24.113612] bus: 'platform': add device sprd_flash
<7>[   24.113652] PM: Adding info for platform:sprd_flash
<7>[   24.113829] bus: 'platform': driver_probe_device: matched device sprd_flash with driver sprd_flash
<7>[   24.113838] bus: 'platform': really_probe: probing driver sprd_flash with device sprd_flash
<7>[   24.113947] sprd_flash sprd_flash: no default pinctrl state
<7>[   24.113967] device: 'sprd_flash': device_add
<7>[   24.113993] PM: Adding info for No Bus:sprd_flash
<7>[   24.114316] driver: 'sprd_flash': driver_bound: bound to device 'sprd_flash'
<7>[   24.114345] PM: Moving platform:charger-manager to end of list
<7>[   24.114349] platform charger-manager: Retrying from deferred list
<7>[   24.114482] bus: 'platform': driver_probe_device: matched device charger-manager with driver charger-manager
<7>[   24.114486] bus: 'platform': really_probe: probing driver charger-manager with device charger-manager
<7>[   24.114496] charger-manager charger-manager: no pinctrl handle
<6>[   24.114650] charger-manager charger-manager: Ignoring full-battery soc(state of charge) threshold as it is not supplied
<7>[   24.118023] bus: 'platform': really_probe: bound device sprd_flash to driver sprd_flash
<3>[   24.125630] charger-manager charger-manager: Cannot find power supply "eta6947_charger"
<7>[   24.125642] platform charger-manager: Driver charger-manager requests probe deferral
<7>[   24.125646] platform charger-manager: Added to deferred list
<7>[   24.125665] PM: Moving platform:sprd_backlight to end of list
<7>[   24.133834] platform sprd_backlight: Retrying from deferred list
<7>[   24.133896] bus: 'platform': driver_probe_device: matched device sprd_backlight with driver pwm-backlight
<7>[   24.133900] bus: 'platform': really_probe: probing driver pwm-backlight with device sprd_backlight
<7>[   24.133908] pwm-backlight sprd_backlight: no pinctrl handle
<4>[   24.133981] pwm-backlight sprd_backlight: sprd_backlight supply power not found, using dummy regulator
<7>[   24.143690] platform sprd_backlight: Driver pwm-backlight requests probe deferral
<7>[   24.143694] platform sprd_backlight: Added to deferred list
<6>[   24.177515] WCN MEM_PD: sdio_read_mem_from_cp save wifi/bt mem bin ok
<6>[   24.184145] WCN MEM_PD: mem_pd_power_switch
<6>[   24.189642] WCN MEM_PD: wifi irammem power down
<6>[   24.195972] WCN MEM_PD: wifi drammem power down
<6>[   24.200995] WCN MEM_PD: mem_pd_power_switch
<7>[   24.206918] bus: 'platform': add driver sprd_image
<7>[   24.206992] bus: 'platform': driver_probe_device: matched device 62900000.dcam with driver sprd_image
<7>[   24.206997] bus: 'platform': really_probe: probing driver sprd_image with device 62900000.dcam
<7>[   24.207010] sprd_image 62900000.dcam: no pinctrl handle
<6>[   24.207033] CAM_CORE: 211 6395 camcore_probe : Start camera img probe
<7>[   24.213653] device: 'sprd_image': device_add
<7>[   24.213680] PM: Adding info for No Bus:sprd_image
<6>[   24.214330] CAM_CORE: 211 6424 camcore_probe : sprd img probe pdev name 62900000.dcam
<6>[   24.214627] WCN MEM_PD: bt iram power down
<6>[   24.222364] CAM_CORE: 211 6425 camcore_probe : sprd dcam dev name (null)
<6>[   24.226990] WCN MEM_PD: wifi/bt mem power down
<6>[   24.233602] DCAM_DRV: 211 114 dcam_drv_dt_parse : start dcam dts parse
<6>[   24.238283] WCN MEM_PD: sdio_ap_int_cp_save_cp_mem, cp while(1) break
<6>[   24.238497] WCN SLP_MGR: irq_cnt2!!
<6>[   24.245071] DCAM_DRV: 211 158 dcam_drv_dt_parse : dev: 62900000.dcam, full name: /soc/mm/dcam@62900000, cam_ahb_gpr: ffffffc0f9f04000, count: 3
<6>[   24.268577] WCN SDIO: sdiohal_runtime_get enable irq ok
<6>[   24.269504] WCN SLP_MGR: PUB_INT_STS0-0x1
<6>[   24.269946] DCAM_DRV: 211 160 dcam_drv_dt_parse : DCAM dcam_max_w = 8048 dcam_max_h = 6036
<6>[   24.270049] DCAM_DRV: 211 175 dcam_drv_dt_parse : DCAM IOMMU Base  0xffffff800c5a0000
<6>[   24.270157] DCAM_DRV: 211 208 dcam_drv_dt_parse : get dcam qos node. r: 10 10 w: 13 10
<6>[   24.270717] DCAM_DRV: 211 307 dcam_drv_dt_parse : DCAM0 reg: dcam0_reg 0x62900000 ffffff800973d000, irq: dcam0 24
<6>[   24.270784] DCAM_DRV: 211 307 dcam_drv_dt_parse : DCAM1 reg: dcam1_reg 0x62901000 ffffff8009745000, irq: dcam1 25
<6>[   24.270852] DCAM_DRV: 211 307 dcam_drv_dt_parse : DCAM2 reg: dcam2_reg 0x62902000 ffffff800974d000, irq: dcam2 26
<6>[   24.270887] DCAM_DRV: 211 336 dcam_drv_dt_parse : DCAM AXIM reg: axi_ctrl_reg ffffff8009755000
<6>[   24.270894] CAM_CORE: 211 6432 camcore_probe : sprd isp dev name (null)
<6>[   24.270902] ISP_DRV: 211 841 isp_drv_dt_parse : isp dev device node dcam, full name /soc/mm/dcam@62900000
<6>[   24.270912] ISP_DRV: 211 851 isp_drv_dt_parse : after isp dev device node isp, full name /soc/mm/isp@62000000
<6>[   24.270940] ISP_DRV: 211 857 isp_drv_dt_parse : sprd s_isp_pdev name 62000000.isp
<6>[   24.271172] ISP_DRV: 211 907 isp_drv_dt_parse : ISP IOMMU Base  0xffffff800c600000
<6>[   24.271202] ISP_DRV: 211 936 isp_drv_dt_parse : get isp qos node. r: 7 6 w: 7 6
<6>[   24.271228] ISP_DRV: 211 976 isp_drv_dt_parse : isp phys reg base is 62000000
<6>[   24.271299] ISP_DRV: 211 994 isp_drv_dt_parse : ISP0 dts OK! regbase ffffff800c800000, irq 8
<6>[   24.271336] ISP_DRV: 211 994 isp_drv_dt_parse : ISP1 dts OK! regbase ffffff800c800000, irq 9
<6>[   24.271571] DCAM_DEBUG: 211 660 camdebugger_dcam_init : dcam debugfs init ok
<7>[   24.271805] driver: 'sprd_image': driver_bound: bound to device '62900000.dcam'
<7>[   24.271850] PM: Moving platform:charger-manager to end of list
<7>[   24.271860] platform charger-manager: Retrying from deferred list
<7>[   24.272158] bus: 'platform': driver_probe_device: matched device charger-manager with driver charger-manager
<7>[   24.272168] bus: 'platform': really_probe: probing driver charger-manager with device charger-manager
<7>[   24.272188] charger-manager charger-manager: no pinctrl handle
<6>[   24.272442] charger-manager charger-manager: Ignoring full-battery soc(state of charge) threshold as it is not supplied
<3>[   24.272454] charger-manager charger-manager: Cannot find power supply "eta6947_charger"
<7>[   24.272480] platform charger-manager: Driver charger-manager requests probe deferral
<7>[   24.272487] platform charger-manager: Added to deferred list
<7>[   24.272517] PM: Moving platform:sprd_backlight to end of list
<7>[   24.272523] platform sprd_backlight: Retrying from deferred list
<7>[   24.272592] bus: 'platform': driver_probe_device: matched device sprd_backlight with driver pwm-backlight
<7>[   24.272600] bus: 'platform': really_probe: probing driver pwm-backlight with device sprd_backlight
<7>[   24.272614] pwm-backlight sprd_backlight: no pinctrl handle
<4>[   24.272701] pwm-backlight sprd_backlight: sprd_backlight supply power not found, using dummy regulator
<7>[   24.273039] platform sprd_backlight: Driver pwm-backlight requests probe deferral
<7>[   24.273046] platform sprd_backlight: Added to deferred list
<7>[   24.273098] bus: 'platform': really_probe: bound device 62900000.dcam to driver sprd_image
<6>[   24.273982] WCN BASEthen marlin download finished and run ok
<6>[   24.273985] WCN BASEavdd33-bound-wbreq unbound
<14>[   24.274088] init: Command 'insmod /vendor/lib/modules/sprd_camera.ko' action=early-init (/vendor/etc/init/camera.rc:4) took 139ms and succeeded
<6>[   24.276035] WCN BASEwifipa 3v3 0
<6>[   24.281090] WCN BASEmarlin close, need to notify loopcheck
<6>[   24.287111] WCN BASE: mdbg_ring_write totallen:1024 write:1024 wp:ffffffc0f8c40400 rp:ffffffc0f8c40000 [rate:85]
<7>[   24.294303] bus: 'platform': add driver sprd_cpp
<7>[   24.294420] bus: 'platform': driver_probe_device: matched device 62800000.cpp with driver sprd_cpp
<7>[   24.294429] bus: 'platform': really_probe: probing driver sprd_cpp with device 62800000.cpp
<7>[   24.294448] sprd_cpp 62800000.cpp: no pinctrl handle
<7>[   24.294485] device: 'sprd_cpp': device_add
<7>[   24.294528] PM: Adding info for No Bus:sprd_cpp
<6>[   24.294752] WCN MEM_PD: save_bin_cp_ready ,wifi/bt power down, wait event
<6>[   24.294766] WCN BASEmarlin power state:100, subsys: [WCN_AUTO] power 0
<6>[   24.294768] WCN BASEmarlin close, need to notify loopcheck
<6>[   24.294770] WCN BASEwcn chip start power off!
<6>[   24.294772] WCN SDIO: sdiohal_runtime_put disable device
<6>[   24.294775] WCN BASEavdd12-bound-wbreq unbound
<6>[   24.294785] WCN SLP_MGR: irq_cnt3!!
<6>[   24.294796] CPP_CORE: 211 1136 sprd_cppcore_probe : sprd cpp probe pdev name 62800000.cpp
<6>[   24.294917] WCN SLP_MGR: PUB_INT_STS0-0x4
<3>[   24.295183] CPP_CORE: 211 1213 sprd_cppcore_probe : fail to read cpp_rst regmap
<3>[   24.295189] CPP_CORE: 211 1213 sprd_cppcore_probe : fail to read path0_rst regmap
<3>[   24.295195] CPP_CORE: 211 1213 sprd_cppcore_probe : fail to read path1_rst regmap
<3>[   24.295201] CPP_CORE: 211 1213 sprd_cppcore_probe : fail to read dma_rst regmap
<6>[   24.295205] CPP_CORE: 211 1229 sprd_cppcore_probe : cpp probe OK
<7>[   24.295212] driver: 'sprd_cpp': driver_bound: bound to device '62800000.cpp'
<7>[   24.295243] PM: Moving platform:charger-manager to end of list
<7>[   24.295252] platform charger-manager: Retrying from deferred list
<7>[   24.295537] bus: 'platform': driver_probe_device: matched device charger-manager with driver charger-manager
<7>[   24.295545] bus: 'platform': really_probe: probing driver charger-manager with device charger-manager
<7>[   24.295564] charger-manager charger-manager: no pinctrl handle
<6>[   24.295802] charger-manager charger-manager: Ignoring full-battery soc(state of charge) threshold as it is not supplied
<3>[   24.295814] charger-manager charger-manager: Cannot find power supply "eta6947_charger"
<7>[   24.295836] platform charger-manager: Driver charger-manager requests probe deferral
<7>[   24.295842] platform charger-manager: Added to deferred list
<7>[   24.295872] PM: Moving platform:sprd_backlight to end of list
<7>[   24.295878] platform sprd_backlight: Retrying from deferred list
<7>[   24.295939] bus: 'platform': driver_probe_device: matched device sprd_backlight with driver pwm-backlight
<7>[   24.295946] bus: 'platform': really_probe: probing driver pwm-backlight with device sprd_backlight
<7>[   24.295958] pwm-backlight sprd_backlight: no pinctrl handle
<4>[   24.296039] pwm-backlight sprd_backlight: sprd_backlight supply power not found, using dummy regulator
<7>[   24.296373] platform sprd_backlight: Driver pwm-backlight requests probe deferral
<7>[   24.296379] platform sprd_backlight: Added to deferred list
<7>[   24.296683] bus: 'platform': really_probe: bound device 62800000.cpp to driver sprd_cpp
<7>[   24.324151] bus: 'platform': add driver sprd_fd
<6>[   24.334315] WCN BASEavdd33-bound-wbreq unbound
<6>[   24.334733] WCN SLP_MGR: allow sleep
<7>[   24.343319] bus: 'platform': driver_probe_device: matched device 62a00000.fd with driver sprd_fd
<6>[   24.349962] WCN BASEavdd12-parent-bound-chip bound
<6>[   24.351993] WCN BASEwifipa 3v3 0
<7>[   24.359798] bus: 'platform': really_probe: probing driver sprd_fd with device 62a00000.fd
<6>[   24.379931] WCN BASEmarlin_analog_power_enable avdd12 power disable
<7>[   24.385467] sprd_fd 62a00000.fd: no pinctrl handle
<6>[   24.392907] WCN BASEmarlin chip en pull down
<6>[   24.392909] WCN BASEmarlin_digital_power_enable D1v2 0
<6>[   24.392921] WCN MEM_PD: mem_pd_chip_poweroff_deinit
<6>[   24.400359] fd_core: 211 317 sprd_fd_probe : sprd_fd_probe start
<7>[   24.408950] bus: 'sdio': remove device mmc1:8800:1
<7>[   24.417641] device: 'sprd_fd': device_add
<6>[   24.424829] WCN SDIO: remove card end
<7>[   24.424839] bus: 'sdio': remove driver sdiohal
<6>[   24.424855] WCN SDIO: sdiohal_remove remove card successful
<7>[   24.435940] PM: Adding info for No Bus:sprd_fd
<7>[   24.444079] driver: 'sdiohal': driver_release
<6>[   24.454065] fd_drv: 211 181 sprd_fd_parse_dt : start fd dts parse
<7>[   24.459435] PM: Removing info for sdio:mmc1:8800:1
<6>[   24.459496] WCN BASEmarlin power off!
<6>[   24.464200] fd_drv: 211 160 sprd_fd_config_syscon : syscon info  fd_eb  reg 0x0  mask 0x400
<6>[   24.477171] mmc1: card 8800 removed
<7>[   24.477197] bus: 'mmc': remove device mmc1:8800
<7>[   24.477200] PM: Removing info for mmc:mmc1:8800
<6>[   24.477226] mmc1: clock 0Hz busmode 2 powermode 0 cs 0 Vdd 0 width 1 timing 0
<6>[   24.480717] fd_drv: 211 160 sprd_fd_config_syscon : syscon info  fd_rst  reg 0x4  mask 0x4000000
<3>[   24.486357] sprd_signal_voltage_on_off(sdio_wifi) there is no signal voltage!
<3>[   24.487369] sprd_sdhc_set_vqmmc(sdio_wifi) There is no signalling voltage
<6>[   24.496789] fd_drv: 211 160 sprd_fd_config_syscon : syscon info  fd_save_rst  reg 0x4  mask 0x8000000
<6>[   24.503755] mmc1: clock 0Hz busmode 2 powermode 1 cs 0 Vdd 18 width 1 timing 0
<3>[   24.503958] sprd_signal_voltage_on_off(sdio_wifi) there is no signal voltage!
<6>[   24.510543] fd_drv: 211 160 sprd_fd_config_syscon : syscon info  fd_lpc  reg 0x40  mask 0x10000
<6>[   24.533865] mmc1: clock 400000Hz busmode 2 powermode 2 cs 0 Vdd 18 width 1 timing 0
<6>[   24.534797] fd_drv: 211 160 sprd_fd_config_syscon : syscon info  fd_dvfs_eb  reg 0x0  mask 0x200
<3>[   24.544328] sprd_signal_voltage_on_off(sdio_wifi) there is no signal voltage!
<6>[   24.547392] fd_drv: 211 200 sprd_fd_parse_dt : dev: 62a00000.fd, node: fd, full name: /soc/mm/fd@62a00000
<6>[   24.577845] sprd_sdhc sdio_wifi CMD52 int 0x18001
<6>[   24.595053] sprd_sdhc sdio_wifi CMD52 int 0x18001
<6>[   24.595119] mmc1: clock 400000Hz busmode 2 powermode 2 cs 1 Vdd 18 width 1 timing 0
<6>[   24.603781] fd_drv: 211 243 sprd_fd_parse_dt : fd_drv iobase 0xffffff800ca00000  irq_no 27
<6>[   24.622909] mmc1: clock 400000Hz busmode 2 powermode 2 cs 0 Vdd 18 width 1 timing 0
<6>[   24.626494] fd_drv: 211 272 sprd_fd_parse_dt : get fd qos node. r: 1 w: 1
<6>[   24.636297] sprd_sdhc sdio_wifi CMD5 int 0x18001
<6>[   24.646139] sprd_sdhc sdio_wifi CMD5 int 0x18001
<6>[   24.651240] sprd_sdhc sdio_wifi CMD5 int 0x18001
<6>[   24.657472] sprd_sdhc sdio_wifi CMD5 int 0x18001
<6>[   24.657521] mmc1: clock 0Hz busmode 2 powermode 0 cs 0 Vdd 0 width 1 timing 0
<6>[   24.661485] cam_buf: 211 51 cambuf_mdbg_init : reset to 0
<3>[   24.667169] sprd_signal_voltage_on_off(sdio_wifi) there is no signal voltage!
<6>[   24.868454] cam_buf: 211 414 cam_buf_iommudev_reg : dev 2, iommu_mode 0 iommu_hw_en 1
<6>[   24.876460] fd_core: 211 343 sprd_fd_probe : sprd_fd_probe end ret 0
<7>[   24.883037] driver: 'sprd_fd': driver_bound: bound to device '62a00000.fd'
<7>[   24.883052] PM: Moving platform:charger-manager to end of list
<7>[   24.883058] platform charger-manager: Retrying from deferred list
<7>[   24.883207] bus: 'platform': driver_probe_device: matched device charger-manager with driver charger-manager
<7>[   24.883212] bus: 'platform': really_probe: probing driver charger-manager with device charger-manager
<7>[   24.883226] charger-manager charger-manager: no pinctrl handle
<6>[   24.883357] charger-manager charger-manager: Ignoring full-battery soc(state of charge) threshold as it is not supplied
<7>[   24.883717] bus: 'platform': really_probe: bound device 62a00000.fd to driver sprd_fd
<3>[   24.894327] charger-manager charger-manager: Cannot find power supply "eta6947_charger"
<7>[   24.894338] platform charger-manager: Driver charger-manager requests probe deferral
<7>[   24.894341] platform charger-manager: Added to deferred list
<7>[   24.894367] PM: Moving platform:sprd_backlight to end of list
<7>[   24.902557] platform sprd_backlight: Retrying from deferred list
<7>[   24.902588] bus: 'platform': driver_probe_device: matched device sprd_backlight with driver pwm-backlight
<7>[   24.902592] bus: 'platform': really_probe: probing driver pwm-backlight with device sprd_backlight
<7>[   24.902599] pwm-backlight sprd_backlight: no pinctrl handle
<4>[   24.902655] pwm-backlight sprd_backlight: sprd_backlight supply power not found, using dummy regulator
<14>[   24.903468] init: Command 'insmod /vendor/lib/modules/sprd_fd.ko' action=early-init (/vendor/etc/init/camera.rc:6) took 605ms and succeeded
<7>[   24.912346] platform sprd_backlight: Driver pwm-backlight requests probe deferral
<7>[   24.924859] platform sprd_backlight: Added to deferred list
<3>[   24.945705] enter mmsys_moudule_init 
<3>[   24.949583] Enter  register_ip_dvfs_ops:  
<6>[   24.954043] dvfs ops:  mmsys get_ip_dvfs_ops
<3>[   24.958539] Exit register_ip_dvfs_ops:  
<7>[   24.962905] bus: 'platform': add driver mmsys-dvfs
<3>[   24.963179] Enter  register_ip_dvfs_ops:  
<6>[   24.967642] dvfs ops:  mmsys get_ip_dvfs_ops
<3>[   24.972131] Exit register_ip_dvfs_ops:  
<7>[   24.976468] bus: 'platform': add driver cpp-dvfs
<3>[   24.976665] Enter  register_ip_dvfs_ops:  
<6>[   24.981127] dvfs ops:  mmsys get_ip_dvfs_ops
<3>[   24.985612] Exit register_ip_dvfs_ops:  
<7>[   24.989960] bus: 'platform': add driver fd-dvfs
<3>[   24.990147] Enter  register_ip_dvfs_ops:  
<6>[   24.994593] dvfs ops:  mmsys get_ip_dvfs_ops
<3>[   24.999085] Exit register_ip_dvfs_ops:  
<7>[   25.003420] bus: 'platform': add driver isp-dvfs
<3>[   25.003597] Enter  register_ip_dvfs_ops:  
<6>[   25.008063] dvfs ops:  mmsys get_ip_dvfs_ops
<3>[   25.012546] Exit register_ip_dvfs_ops:  
<7>[   25.016886] bus: 'platform': add driver jpg-dvfs
<3>[   25.017066] Enter  register_ip_dvfs_ops:  
<6>[   25.021525] dvfs ops:  mmsys get_ip_dvfs_ops
<3>[   25.026018] Exit register_ip_dvfs_ops:  
<7>[   25.030355] bus: 'platform': add driver dcam_if-dvfs
<3>[   25.030533] Enter  register_ip_dvfs_ops:  
<6>[   25.034999] dvfs ops:  mmsys get_ip_dvfs_ops
<3>[   25.039491] Exit register_ip_dvfs_ops:  
<7>[   25.043808] bus: 'platform': add driver dcam_axi-dvfs
<3>[   25.043984] Enter  register_ip_dvfs_ops:  
<6>[   25.048424] dvfs ops:  mmsys get_ip_dvfs_ops
<3>[   25.052937] Exit register_ip_dvfs_ops:  
<7>[   25.057271] bus: 'platform': add driver mtx-dvfs
<3>[   25.057448] end mmsys_moudule_init 
<14>[   25.061306] init: Command 'insmod /vendor/lib/modules/mmdvfs.ko' action=early-init (/vendor/etc/init/camera.rc:7) took 136ms and succeeded
<14>[   25.074403] init: processing action (early-init) from (/vendor/etc/init/charge.rc:17)
<14>[   25.082903] init: processing action (wait_for_coldboot_done) from (<Builtin Action>:0)
<14>[   25.091020] init: start_waiting_for_property("ro.cold_boot_done", "true"): already set
<14>[   25.099178] init: processing action (MixHwrngIntoLinuxRng) from (<Builtin Action>:0)
<14>[   25.107127] init: /dev/hw_random not found
<14>[   25.111434] init: processing action (SetMmapRndBits) from (<Builtin Action>:0)
<14>[   25.119315] init: processing action (KeychordInit) from (<Builtin Action>:0)
<5>[   25.127274] audit: type=1400 audit(1786020954.719:6): avc:  granted  { read } for  pid=1 comm="init" name="mice" dev="tmpfs" ino=11010 scontext=u:r:init:s0 tcontext=u:object_r:input_device:s0 tclass=chr_file
<5>[   25.145972] audit: type=1400 audit(1786020954.719:7): avc:  granted  { read open } for  pid=1 comm="init" path="/dev/input/mice" dev="tmpfs" ino=11010 scontext=u:r:init:s0 tcontext=u:object_r:input_device:s0 tclass=chr_file
<12>[   25.169950] init: EVIOCSMASK not supported: Invalid argument
<5>[   25.169968] audit: type=1400 audit(1786020954.759:8): avc:  granted  { read } for  pid=1 comm="init" name="event5" dev="tmpfs" ino=12861 scontext=u:r:init:s0 tcontext=u:object_r:input_device:s0 tclass=chr_file
<5>[   25.194626] audit: type=1400 audit(1786020954.759:9): avc:  granted  { read open } for  pid=1 comm="init" path="/dev/input/event5" dev="tmpfs" ino=12861 scontext=u:r:init:s0 tcontext=u:object_r:input_device:s0 tclass=chr_file
<5>[   25.214749] audit: type=1400 audit(1786020954.767:10): avc:  granted  { read } for  pid=1 comm="init" name="event3" dev="tmpfs" ino=12858 scontext=u:r:init:s0 tcontext=u:object_r:input_device:s0 tclass=chr_file
<5>[   25.233610] audit: type=1400 audit(1786020954.767:11): avc:  granted  { read open } for  pid=1 comm="init" path="/dev/input/event3" dev="tmpfs" ino=12858 scontext=u:r:init:s0 tcontext=u:object_r:input_device:s0 tclass=chr_file
<5>[   25.253875] audit: type=1400 audit(1786020954.767:12): avc:  granted  { read } for  pid=1 comm="init" name="event4" dev="tmpfs" ino=10973 scontext=u:r:init:s0 tcontext=u:object_r:input_device:s0 tclass=chr_file
<5>[   25.272721] audit: type=1400 audit(1786020954.767:13): avc:  granted  { read open } for  pid=1 comm="init" path="/dev/input/event4" dev="tmpfs" ino=10973 scontext=u:r:init:s0 tcontext=u:object_r:input_device:s0 tclass=chr_file
<5>[   25.294044] audit: type=1400 audit(1786020954.883:14): avc:  granted  { read } for  pid=1 comm="init" name="event0" dev="tmpfs" ino=10964 scontext=u:r:init:s0 tcontext=u:object_r:input_device:s0 tclass=chr_file
<5>[   25.312865] audit: type=1400 audit(1786020954.883:15): avc:  granted  { read open } for  pid=1 comm="init" path="/dev/input/event0" dev="tmpfs" ino=10964 scontext=u:r:init:s0 tcontext=u:object_r:input_device:s0 tclass=chr_file
<14>[   25.438063] init: Command 'KeychordInit' action=KeychordInit (<Builtin Action>:0) took 311ms and succeeded
<14>[   25.448185] init: processing action (init) from (/system/etc/init/hw/init.rc:114)
<3>[   25.463449] Trying to create more than 5 SchedTune boosting groups
<14>[   25.469930] init: Command 'mkdir /dev/stune/nnapi-hal' action=init (/system/etc/init/hw/init.rc:147) took 6ms and failed: mkdir() failed on /dev/stune/nnapi-hal: No space left on device
<12>[   25.490460] init: DM_DEV_STATUS failed for system: No such device or address
<12>[   25.497755] init: DM_DEV_STATUS failed for vroot: No such device or address
<14>[   25.505449] init: Skip mounting partition: /product
<12>[   25.511143] init: DM_DEV_STATUS failed for system: No such device or address
<12>[   25.518390] init: DM_DEV_STATUS failed for vroot: No such device or address
<14>[   25.526050] init: Skip mounting partition: /product
<12>[   25.531550] init: DM_DEV_STATUS failed for system: No such device or address
<12>[   25.538825] init: DM_DEV_STATUS failed for vroot: No such device or address
<14>[   25.546372] init: Skip mounting partition: /product
<12>[   25.551823] init: DM_DEV_STATUS failed for system: No such device or address
<12>[   25.559092] init: DM_DEV_STATUS failed for vroot: No such device or address
<14>[   25.566686] init: Skip mounting partition: /product
<12>[   25.572135] init: DM_DEV_STATUS failed for system: No such device or address
<12>[   25.579390] init: DM_DEV_STATUS failed for vroot: No such device or address
<14>[   25.586958] init: Skip mounting partition: /product
<12>[   25.592391] init: DM_DEV_STATUS failed for system: No such device or address
<12>[   25.599661] init: DM_DEV_STATUS failed for vroot: No such device or address
<14>[   25.607219] init: Skip mounting partition: /product
<12>[   25.612625] init: DM_DEV_STATUS failed for system: No such device or address
<12>[   25.619877] init: DM_DEV_STATUS failed for vroot: No such device or address
<14>[   25.627491] init: Skip mounting partition: /product
<12>[   25.632919] init: DM_DEV_STATUS failed for system: No such device or address
<12>[   25.640196] init: DM_DEV_STATUS failed for vroot: No such device or address
<14>[   25.647771] init: Skip mounting partition: /product
<12>[   25.653169] init: DM_DEV_STATUS failed for system: No such device or address
<12>[   25.660398] init: DM_DEV_STATUS failed for vroot: No such device or address
<14>[   25.668031] init: Skip mounting partition: /product
<12>[   25.673472] init: DM_DEV_STATUS failed for system: No such device or address
<12>[   25.680740] init: DM_DEV_STATUS failed for vroot: No such device or address
<14>[   25.688316] init: Skip mounting partition: /product
<12>[   25.693821] init: DM_DEV_STATUS failed for system: No such device or address
<12>[   25.701090] init: DM_DEV_STATUS failed for vroot: No such device or address
<14>[   25.708678] init: Skip mounting partition: /product
<12>[   25.714090] init: DM_DEV_STATUS failed for system: No such device or address
<12>[   25.721325] init: DM_DEV_STATUS failed for vroot: No such device or address
<14>[   25.728931] init: Skip mounting partition: /product
<12>[   25.734341] init: DM_DEV_STATUS failed for system: No such device or address
<12>[   25.741598] init: DM_DEV_STATUS failed for vroot: No such device or address
<14>[   25.749205] init: Skip mounting partition: /product
<12>[   25.754664] init: DM_DEV_STATUS failed for system: No such device or address
<12>[   25.761907] init: DM_DEV_STATUS failed for vroot: No such device or address
<14>[   25.769500] init: Skip mounting partition: /product
<12>[   25.774915] init: DM_DEV_STATUS failed for system: No such device or address
<12>[   25.782166] init: DM_DEV_STATUS failed for vroot: No such device or address
<14>[   25.789768] init: Skip mounting partition: /product
<12>[   25.795221] init: DM_DEV_STATUS failed for system: No such device or address
<12>[   25.802474] init: DM_DEV_STATUS failed for vroot: No such device or address
<14>[   25.810082] init: Skip mounting partition: /product
<12>[   25.815517] init: DM_DEV_STATUS failed for system: No such device or address
<12>[   25.822785] init: DM_DEV_STATUS failed for vroot: No such device or address
<14>[   25.830350] init: Skip mounting partition: /product
<12>[   25.835755] init: DM_DEV_STATUS failed for system: No such device or address
<12>[   25.843021] init: DM_DEV_STATUS failed for vroot: No such device or address
<14>[   25.850600] init: Skip mounting partition: /product
<12>[   25.856041] init: DM_DEV_STATUS failed for system: No such device or address
<12>[   25.863287] init: DM_DEV_STATUS failed for vroot: No such device or address
<14>[   25.870870] init: Skip mounting partition: /product
<12>[   25.876371] init: DM_DEV_STATUS failed for system: No such device or address
<12>[   25.883650] init: DM_DEV_STATUS failed for vroot: No such device or address
<14>[   25.891226] init: Skip mounting partition: /product
<12>[   25.896626] init: DM_DEV_STATUS failed for system: No such device or address
<12>[   25.903895] init: DM_DEV_STATUS failed for vroot: No such device or address
<14>[   25.911499] init: Skip mounting partition: /product
<12>[   25.916931] init: DM_DEV_STATUS failed for system: No such device or address
<12>[   25.924184] init: DM_DEV_STATUS failed for vroot: No such device or address
<14>[   25.931762] init: Skip mounting partition: /product
<12>[   25.937218] init: DM_DEV_STATUS failed for system: No such device or address
<12>[   25.944490] init: DM_DEV_STATUS failed for vroot: No such device or address
<14>[   25.952062] init: Skip mounting partition: /product
<12>[   25.957451] init: DM_DEV_STATUS failed for system: No such device or address
<12>[   25.964719] init: DM_DEV_STATUS failed for vroot: No such device or address
<14>[   25.972299] init: Skip mounting partition: /product
<12>[   25.977728] init: DM_DEV_STATUS failed for system: No such device or address
<12>[   25.984975] init: DM_DEV_STATUS failed for vroot: No such device or address
<14>[   25.992558] init: Skip mounting partition: /product
<4>[   25.998719] request_module fs-binder succeeded, but still no fs?
<4>[   26.004931] ------------[ cut here ]------------
<4>[   26.009734] WARNING: CPU: 3 PID: 1 at get_fs_type+0x9c/0xd8
<4>[   26.015524] Modules linked in: mmdvfs(O) sprd_fd(O) sprd_cpp(O) sprd_camera(O) sprd_flash_drv(O) sprd_sensor(O)
<4>[   26.025826] CPU: 3 PID: 1 Comm: init Tainted: G S         O    4.14.98-Kalirok-Nethunter #1
<4>[   26.034390] Hardware name: Unisoc UWS6152 1H10 board (DT)
<4>[   26.040016] task: ffffffc0faa48000 task.stack: ffffff8008048000
<4>[   26.046157] PC is at get_fs_type+0x9c/0xd8
<4>[   26.050487] LR is at get_fs_type+0x9c/0xd8
<4>[   26.054814] pc : [<ffffff800821da54>] lr : [<ffffff800821da54>] pstate: 60400045
<4>[   26.062428] sp : ffffff800804bda0
<4>[   26.065977] x29: ffffff800804bda0 x28: ffffffc0faa48000 
<4>[   26.071515] x27: ffffffc0f56f5900 x26: 0000000000000000 
<4>[   26.077052] x25: 0000000000000000 x24: 0000000000000020 
<4>[   26.082591] x23: ffffff800905d000 x22: 0000000000000000 
<4>[   26.088130] x21: 0000000000000006 x20: ffffffc0f56f5900 
<4>[   26.093668] x19: 0000000000000000 x18: 0000007f9b2aa000 
<4>[   26.099206] x17: 0000007f9a922890 x16: ffffff8008222344 
<4>[   26.104745] x15: ffffffffffffffff x14: ffff000000000000 
<4>[   26.110284] x13: ffffffffffffffff x12: 0000000000000003 
<4>[   26.115822] x11: 0101010101010101 x10: 7f7f7f7f7f7f7f7f 
<4>[   26.121360] x9 : 0000000000000047 x8 : ffffff800919547c 
<4>[   26.126899] x7 : 20747562202c6465 x6 : 0a3f7366206f6e20 
<4>[   26.132437] x5 : 0000000000000000 x4 : 0000000000000000 
<4>[   26.137976] x3 : ffffffffffffffff x2 : ebfb6176b484da00 
<4>[   26.143514] x1 : ebfb6176b484da00 x0 : 0000000000000034 
<4>[   26.149057] \x0aPC: 0xffffff800821d9d4:
<4>[   26.154505] d9d4  aa0003f6 4b140015 b5000080 aa1403e0 941d93d7 2a0003f5 aa1403e0 2a1503e1
<4>[   26.162898] d9f4  97ffffbb aa0003f3 b5000320 90005341 52800020 91284c21 2a1503e2 aa1403e3
<4>[   26.171293] da14  97fabbdf 35000240 aa1403e0 2a1503e1 97ffffaf b50001a0 d0007a20 39545801
<4>[   26.179687] da34  35000161 52800021 39145801 90005340 2a1503e1 aa1403e2 91286c00 97fb97de
<4>[   26.188081] da54  d4210000 14000002 aa0003f3 b40000f3 b40000d6 b9400a60 37100080 aa1303e0
<4>[   26.196475] da74  d2800013 97ffffca aa1303e0 a94153f3 a9425bf5 a8c37bfd d65f03c0 a9bd7bfd
<4>[   26.204869] da94  7100081f 910003fd a9025bf5 a90153f3 aa0203f6 54000420 71000c1f 54000a60
<4>[   26.213264] dab4  7100041f 128002b3 54000ba1 aa0103e0 97ffb86e b140041f aa0003f5 2a0003f3
<4>[   26.221659] \x0aLR: 0xffffff800821d9d4:
<4>[   26.227110] d9d4  aa0003f6 4b140015 b5000080 aa1403e0 941d93d7 2a0003f5 aa1403e0 2a1503e1
<4>[   26.235504] d9f4  97ffffbb aa0003f3 b5000320 90005341 52800020 91284c21 2a1503e2 aa1403e3
<4>[   26.243898] da14  97fabbdf 35000240 aa1403e0 2a1503e1 97ffffaf b50001a0 d0007a20 39545801
<4>[   26.252293] da34  35000161 52800021 39145801 90005340 2a1503e1 aa1403e2 91286c00 97fb97de
<4>[   26.260687] da54  d4210000 14000002 aa0003f3 b40000f3 b40000d6 b9400a60 37100080 aa1303e0
<4>[   26.269081] da74  d2800013 97ffffca aa1303e0 a94153f3 a9425bf5 a8c37bfd d65f03c0 a9bd7bfd
<4>[   26.277475] da94  7100081f 910003fd a9025bf5 a90153f3 aa0203f6 54000420 71000c1f 54000a60
<4>[   26.285870] dab4  7100041f 128002b3 54000ba1 aa0103e0 97ffb86e b140041f aa0003f5 2a0003f3
<4>[   26.294266] \x0aSP: 0xffffff800804bd20:
<4>[   26.299716] bd20  00000020 00000000 00000000 00000000 00000000 00000000 f56f5900 ffffffc0
<4>[   26.308110] bd40  faa48000 ffffffc0 0804bda0 ffffff80 0821da54 ffffff80 0804bda0 ffffff80
<4>[   26.316504] bd60  0821da54 ffffff80 60400045 00000000 f56f5900 ffffffc0 00000073 00000000
<4>[   26.324899] bd80  ffffffff 0000007f 00000000 ffff0000 0804bda0 ffffff80 0821da54 ffffff80
<4>[   26.333292] bda0  0804bdd0 ffffff80 08221e58 ffffff80 ffffffed 00000000 00000020 00000000
<4>[   26.341687] bdc0  f56f5980 ffffffc0 f7278000 ffffffc0 0804be80 ffffff80 082223d4 ffffff80
<4>[   26.350081] bde0  00000000 00000000 f56f5900 ffffffc0 f56f5980 ffffffc0 f7278000 ffffffc0
<4>[   26.358475] be00  fa3f84c9 0000007d 00000015 00000000 00000124 00000000 00000028 00000000
<4>[   26.366875] \x0aX8: 0xffffff80091953fc:
<4>[   26.372322] 53fc  00000003 74696e69 4d44203a 5645445f 4154535f 20535554 6c696166 66206465
<4>[   26.380715] 541c  7620726f 746f6f72 6f4e203a 63757320 65642068 65636976 20726f20 72646461
<4>[   26.389110] 543c  00737365 0d46f873 00000006 0027003c c2010000 00000003 74696e69 6b53203a
<4>[   26.397504] 545c  6d207069 746e756f 20676e69 74726170 6f697469 2f203a6e 646f7270 00746375
<4>[   26.405898] 547c  0da4fb75 00000006 00340048 82000000 00000003 75716572 5f747365 75646f6d
<4>[   26.414292] 549c  6620656c 69622d73 7265646e 63757320 64656563 202c6465 20747562 6c697473
<4>[   26.422687] 54bc  6f6e206c 3f736620 0e03c53b 00000006 00240038 86000000 00000003 2d2d2d2d
<4>[   26.431081] 54dc  2d2d2d2d 2d2d2d2d 7563205b 65682074 5d206572 2d2d2d2d 2d2d2d2d 2d2d2d2d
<4>[   26.439478] \x0aX16: 0xffffff80082222c4:
<4>[   26.445014] 22c4  97ffee9b aa0003f5 aa1303e1 aa1603e0 97ffee97 aa0003f6 b4000140 f9401019
<4>[   26.453408] 22e4  f94012a0 eb19001f 54fffbe0 aa1503e0 aa1803e1 97ffee8e aa0003f5 17fffff9
<4>[   26.461802] 2304  97ffefa7 b400007b aa1b03e0 97fff53f aa1403e0 b400009a aa1a03e0 97fff53b
<4>[   26.470196] 2324  aa1403e0 a94153f3 a9425bf5 a94363f7 a9446bf9 f9402bfb a8c67bfd d65f03c0
<4>[   26.478591] 2344  a9bc7bfd 910003fd a9025bf5 aa0003f5 aa0203e0 a90153f3 f9001bf7 aa0303f3
<4>[   26.486985] 2364  aa0103f7 aa0403f6 97fffccc b140041f aa0003f4 54000069 2a0003f3 1400001c
<4>[   26.495379] 2384  aa1503e0 97fffcc5 b140041f aa0003f5 54000069 2a0003f3 14000013 aa1603e0
<4>[   26.503774] 23a4  97fffc69 b140041f aa0003f6 54000069 2a0003f3 1400000a aa1303e3 aa1503e0
<4>[   26.512169] \x0aX20: 0xffffffc0f56f5880:
<4>[   26.517706] 5880  75636573 79746972 6c65732e 78756e69 00001200 00020074 00aa9650 ffffff80
<4>[   26.526101] 58a0  00000070 00000000 00001231 00020074 00aac110 ffffff80 0000000c 00000000
<4>[   26.534495] 58c0  0000123c 00020074 00aae2c0 ffffff80 00000068 00000000 00001255 00020074
<4>[   26.542889] 58e0  00aac538 ffffff80 000000bc 00000000 00001265 00020074 00aac080 ffffff80
<4>[   26.551283] 5900  646e6962 ff007265 00001273 00000055 081e9d00 ffffff80 00000000 00000000
<4>[   26.559677] 5920  0000128a 00020074 00aada40 ffffff80 00000008 00000000 0000129e 00000055
<4>[   26.568071] 5940  080c9b04 ffffff80 00000000 00000000 000012bf 00040074 00acd000 ffffff80
<4>[   26.576466] 5960  00000050 00000000 000012cb 00020074 00aac258 ffffff80 00000028 00000000
<4>[   26.584861] \x0aX23: 0xffffff800905cf80:
<4>[   26.590399] cf80  00000000 00000000 00000000 00000000 00000000 00000000 00000000 00000000
<4>[   26.598793] cfa0  00000000 00000000 00000000 00000000 00000000 00000000 00000000 00000000
<4>[   26.607187] cfc0  00000000 00000000 00000000 00000000 00000000 00000000 00000000 00000000
<4>[   26.615581] cfe0  00000000 00000000 00000000 00000000 00000000 00000000 00000000 00000000
<4>[   26.623975] d000  00000000 00000000 00000000 00000000 00000000 00000000 00000000 00000000
<4>[   26.632370] d020  00000000 00000000 00000000 00000000 00000000 00000000 00000000 00000000
<4>[   26.640763] d040  00000000 00000000 00000000 00000000 00000000 00000000 00000000 00000000
<4>[   26.649157] d060  00000000 00000000 00000000 00000000 00000000 00000000 00000000 00000000
<4>[   26.657553] \x0aX27: 0xffffffc0f56f5880:
<4>[   26.663090] 5880  75636573 79746972 6c65732e 78756e69 00001200 00020074 00aa9650 ffffff80
<4>[   26.671485] 58a0  00000070 00000000 00001231 00020074 00aac110 ffffff80 0000000c 00000000
<4>[   26.679879] 58c0  0000123c 00020074 00aae2c0 ffffff80 00000068 00000000 00001255 00020074
<4>[   26.688273] 58e0  00aac538 ffffff80 000000bc 00000000 00001265 00020074 00aac080 ffffff80
<4>[   26.696668] 5900  646e6962 ff007265 00001273 00000055 081e9d00 ffffff80 00000000 00000000
<4>[   26.705062] 5920  0000128a 00020074 00aada40 ffffff80 00000008 00000000 0000129e 00000055
<4>[   26.713456] 5940  080c9b04 ffffff80 00000000 00000000 000012bf 00040074 00acd000 ffffff80
<4>[   26.721851] 5960  00000050 00000000 000012cb 00020074 00aac258 ffffff80 00000028 00000000
<4>[   26.730246] \x0aX28: 0xffffffc0faa47f80:
<4>[   26.735782] 7f80  00000000 00000000 00000000 00000000 00000000 00000000 00000000 00000000
<4>[   26.744177] 7fa0  00000000 00000000 00000000 00000000 00000000 00000000 00000002 00000000
<4>[   26.752572] 7fc0  00000000 00000000 00000000 00000000 00000000 00000000 00000000 00000000
<4>[   26.760966] 7fe0  00000000 00000000 00000000 00000000 80000000 00000000 00000000 00000040
<4>[   26.769360] 8000  00000020 00000000 ffffffff ffffffff 00000000 00000000 00000000 00000000
<4>[   26.777754] 8020  08048000 ffffff80 00000002 00404100 00000000 00000000 00000000 00000000
<4>[   26.786148] 8040  00000001 00000003 00000000 00000000 00000000 00000000 00000000 00000000
<4>[   26.794542] 8060  00000003 00000001 00000078 00000078 00000078 00000000 089bdc90 ffffff80
<4>[   26.802938] \x0aX29: 0xffffff800804bd20:
<4>[   26.808475] bd20  00000020 00000000 00000000 00000000 00000000 00000000 f56f5900 ffffffc0
<4>[   26.816869] bd40  faa48000 ffffffc0 0804bda0 ffffff80 0821da54 ffffff80 0804bda0 ffffff80
<4>[   26.825264] bd60  0821da54 ffffff80 60400045 00000000 f56f5900 ffffffc0 00000073 00000000
<4>[   26.833658] bd80  ffffffff 0000007f 00000000 ffff0000 0804bda0 ffffff80 0821da54 ffffff80
<4>[   26.842052] bda0  0804bdd0 ffffff80 08221e58 ffffff80 ffffffed 00000000 00000020 00000000
<4>[   26.850446] bdc0  f56f5980 ffffffc0 f7278000 ffffffc0 0804be80 ffffff80 082223d4 ffffff80
<4>[   26.858840] bde0  00000000 00000000 f56f5900 ffffffc0 f56f5980 ffffffc0 f7278000 ffffffc0
<4>[   26.867236] be00  fa3f84c9 0000007d 00000015 00000000 00000124 00000000 00000028 00000000
<4>[   26.875629] 
<4>[   26.877360] Call trace:
<4>[   26.880044] Exception stack(0xffffff800804bc60 to 0xffffff800804bda0)
<4>[   26.886709] bc60: 0000000000000034 ebfb6176b484da00 ebfb6176b484da00 ffffffffffffffff
<4>[   26.894757] bc80: 0000000000000000 0000000000000000 0a3f7366206f6e20 20747562202c6465
<4>[   26.902805] bca0: ffffff800919547c 0000000000000047 7f7f7f7f7f7f7f7f 0101010101010101
<4>[   26.910852] bcc0: 0000000000000003 ffffffffffffffff ffff000000000000 ffffffffffffffff
<4>[   26.918900] bce0: ffffff8008222344 0000007f9a922890 0000007f9b2aa000 0000000000000000
<4>[   26.926948] bd00: ffffffc0f56f5900 0000000000000006 0000000000000000 ffffff800905d000
<4>[   26.934996] bd20: 0000000000000020 0000000000000000 0000000000000000 ffffffc0f56f5900
<4>[   26.943045] bd40: ffffffc0faa48000 ffffff800804bda0 ffffff800821da54 ffffff800804bda0
<4>[   26.951092] bd60: ffffff800821da54 0000000060400045 ffffffc0f56f5900 0000000000000073
<4>[   26.959140] bd80: 0000007fffffffff ffff000000000000 ffffff800804bda0 ffffff800821da54
<4>[   26.967189] [<ffffff800821da54>] get_fs_type+0x9c/0xd8
<4>[   26.972556] [<ffffff8008221e58>] do_mount+0x794/0xacc
<4>[   26.977833] [<ffffff80082223d4>] SyS_mount+0x90/0xc4
<4>[   26.983025] Exception stack(0xffffff800804bec0 to 0xffffff800804c000)
<4>[   26.989689] bec0: 0000007dfa3f84b1 0000007dfa3f84c9 0000007dfa3f8499 0000000000000000
<4>[   26.997737] bee0: 0000007dfa3f84e1 6c6f6f7000000000 fefefefefefefeff 7f7f7f7f7f7f7f7f
<4>[   27.005785] bf00: 0000000000000028 0000007dfa3f8480 000000000000001a 0000007fe8d60cc0
<4>[   27.013833] bf20: 000000558c1ea338 000000558c1ea1d0 0000007fe8d60b90 0000ffff00000fff
<4>[   27.021881] bf40: 000000558c1ed180 0000007f9a922890 0000007f9b2aa000 0000007f9b16a000
<4>[   27.029929] bf60: 0000007dfa3f84b1 0000007dfa3f8499 0000000000000000 0000000000000000
<4>[   27.037977] bf80: 0000007dfa3f84c9 0000000000000005 0000007fe8d60ad8 0000000000000018
<4>[   27.046025] bfa0: 00000000000000f0 0000007fe8d60d00 000000558c1490d8 0000007fe8d60a30
<4>[   27.054073] bfc0: 0000007f9a922898 00000000a0000000 0000007dfa3f84b1 0000000000000028
<4>[   27.062121] bfe0: 0000000000000000 0000000000000000 0000000000000000 0000000000000000
<4>[   27.070172] [<ffffff80080832c0>] el0_svc_naked+0x34/0x38
<4>[   27.075708] ---[ end trace a4b606f1715244a5 ]---
<14>[   27.080675] init: Command 'mount binder binder /dev/binderfs stats=global' action=init (/system/etc/init/hw/init.rc:177) took 1081ms and failed: mount() failed: No such device
<12>[   27.096890] init: DM_DEV_STATUS failed for system: No such device or address
<12>[   27.104171] init: DM_DEV_STATUS failed for vroot: No such device or address
<14>[   27.111797] init: Skip mounting partition: /product
<12>[   27.117399] init: DM_DEV_STATUS failed for system: No such device or address
<12>[   27.124646] init: DM_DEV_STATUS failed for vroot: No such device or address
<14>[   27.132258] init: Skip mounting partition: /product
<12>[   27.137695] init: DM_DEV_STATUS failed for system: No such device or address
<12>[   27.144923] init: DM_DEV_STATUS failed for vroot: No such device or address
<14>[   27.152554] init: Skip mounting partition: /product
<12>[   27.158017] init: DM_DEV_STATUS failed for system: No such device or address
<12>[   27.165260] init: DM_DEV_STATUS failed for vroot: No such device or address
<14>[   27.172849] init: Skip mounting partition: /product
<12>[   27.178275] init: DM_DEV_STATUS failed for system: No such device or address
<12>[   27.185549] init: DM_DEV_STATUS failed for vroot: No such device or address
<14>[   27.193162] init: Skip mounting partition: /product
<12>[   27.198561] init: DM_DEV_STATUS failed for system: No such device or address
<12>[   27.205804] init: DM_DEV_STATUS failed for vroot: No such device or address
<14>[   27.213420] init: Skip mounting partition: /product
<12>[   27.218830] init: DM_DEV_STATUS failed for system: No such device or address
<12>[   27.226078] init: DM_DEV_STATUS failed for vroot: No such device or address
<14>[   27.233688] init: Skip mounting partition: /product
<12>[   27.239153] init: DM_DEV_STATUS failed for system: No such device or address
<12>[   27.246397] init: DM_DEV_STATUS failed for vroot: No such device or address
<14>[   27.254023] init: Skip mounting partition: /product
<12>[   27.259437] init: DM_DEV_STATUS failed for system: No such device or address
<12>[   27.266685] init: DM_DEV_STATUS failed for vroot: No such device or address
<14>[   27.274296] init: Skip mounting partition: /product
<12>[   27.279749] init: DM_DEV_STATUS failed for system: No such device or address
<12>[   27.286992] init: DM_DEV_STATUS failed for vroot: No such device or address
<14>[   27.294572] init: Skip mounting partition: /product
<12>[   27.300042] init: DM_DEV_STATUS failed for system: No such device or address
<12>[   27.307326] init: DM_DEV_STATUS failed for vroot: No such device or address
<14>[   27.314917] init: Skip mounting partition: /product
<12>[   27.320307] init: DM_DEV_STATUS failed for system: No such device or address
<12>[   27.327575] init: DM_DEV_STATUS failed for vroot: No such device or address
<14>[   27.335164] init: Skip mounting partition: /product
<12>[   27.340623] init: DM_DEV_STATUS failed for system: No such device or address
<12>[   27.347876] init: DM_DEV_STATUS failed for vroot: No such device or address
<14>[   27.355458] init: Skip mounting partition: /product
<12>[   27.360896] init: DM_DEV_STATUS failed for system: No such device or address
<12>[   27.368168] init: DM_DEV_STATUS failed for vroot: No such device or address
<14>[   27.375722] init: Skip mounting partition: /product
<12>[   27.381114] init: DM_DEV_STATUS failed for system: No such device or address
<12>[   27.388380] init: DM_DEV_STATUS failed for vroot: No such device or address
<14>[   27.395962] init: Skip mounting partition: /product
<12>[   27.401396] init: DM_DEV_STATUS failed for system: No such device or address
<12>[   27.408649] init: DM_DEV_STATUS failed for vroot: No such device or address
<14>[   27.416232] init: Skip mounting partition: /product
<12>[   27.421669] init: DM_DEV_STATUS failed for system: No such device or address
<12>[   27.428923] init: DM_DEV_STATUS failed for vroot: No such device or address
<14>[   27.436509] init: Skip mounting partition: /product
<12>[   27.441974] init: DM_DEV_STATUS failed for system: No such device or address
<6>[   27.449206] WCN BASE: wcn_send_atcmd:already power off
<12>[   27.449965] init: DM_DEV_STATUS failed for vroot: No such device or address
<6>[   27.454565] WCN BASE: wcn_set_armlog_status:at+armlog=1\x0d
<6>[   27.454568] WCN BASE: wcn_send_atcmd:already power off
<6>[   27.454570] WCN BASE: wcn_send_atcmd:already power off
<3>[   27.454571] WCN BASE error: incorrect get loglevel
<14>[   27.483643] init: Skip mounting partition: /product
<12>[   27.489068] init: DM_DEV_STATUS failed for system: No such device or address
<12>[   27.496295] init: DM_DEV_STATUS failed for vroot: No such device or address
<14>[   27.503917] init: Skip mounting partition: /product
<12>[   27.509434] init: DM_DEV_STATUS failed for system: No such device or address
<12>[   27.516716] init: DM_DEV_STATUS failed for vroot: No such device or address
<14>[   27.524318] init: Skip mounting partition: /product
<12>[   27.529733] init: DM_DEV_STATUS failed for system: No such device or address
<12>[   27.536991] init: DM_DEV_STATUS failed for vroot: No such device or address
<14>[   27.544593] init: Skip mounting partition: /product
<12>[   27.550007] init: DM_DEV_STATUS failed for system: No such device or address
<12>[   27.557257] init: DM_DEV_STATUS failed for vroot: No such device or address
<14>[   27.564830] init: Skip mounting partition: /product
<12>[   27.570264] init: DM_DEV_STATUS failed for system: No such device or address
<12>[   27.577529] init: DM_DEV_STATUS failed for vroot: No such device or address
<14>[   27.585118] init: Skip mounting partition: /product
<12>[   27.590532] init: DM_DEV_STATUS failed for system: No such device or address
<12>[   27.597814] init: DM_DEV_STATUS failed for vroot: No such device or address
<14>[   27.605384] init: Skip mounting partition: /product
<12>[   27.610775] init: DM_DEV_STATUS failed for system: No such device or address
<12>[   27.618056] init: DM_DEV_STATUS failed for vroot: No such device or address
<14>[   27.625644] init: Skip mounting partition: /product
<14>[   27.631469] init: Command 'symlink /dev/binderfs/binder /dev/binder' action=init (/system/etc/init/hw/init.rc:183) took 0ms and failed: symlink() failed: File exists
<14>[   27.646645] init: Command 'symlink /dev/binderfs/hwbinder /dev/hwbinder' action=init (/system/etc/init/hw/init.rc:184) took 0ms and failed: symlink() failed: File exists
<14>[   27.662118] init: Command 'symlink /dev/binderfs/vndbinder /dev/vndbinder' action=init (/system/etc/init/hw/init.rc:185) took 0ms and failed: symlink() failed: File exists
<12>[   27.697198] init: DM_DEV_STATUS failed for system: No such device or address
<12>[   27.704544] init: DM_DEV_STATUS failed for vroot: No such device or address
<14>[   27.712354] init: Skip mounting partition: /product
<12>[   27.718129] init: DM_DEV_STATUS failed for system: No such device or address
<12>[   27.725402] init: DM_DEV_STATUS failed for vroot: No such device or address
<14>[   27.732999] init: Skip mounting partition: /product
<12>[   27.738502] init: DM_DEV_STATUS failed for system: No such device or address
<12>[   27.745749] init: DM_DEV_STATUS failed for vroot: No such device or address
<14>[   27.753327] init: Skip mounting partition: /product
<12>[   27.758770] init: DM_DEV_STATUS failed for system: No such device or address
<12>[   27.766034] init: DM_DEV_STATUS failed for vroot: No such device or address
<14>[   27.773632] init: Skip mounting partition: /product
<12>[   27.779064] init: DM_DEV_STATUS failed for system: No such device or address
<12>[   27.786314] init: DM_DEV_STATUS failed for vroot: No such device or address
<14>[   27.793909] init: Skip mounting partition: /product
<12>[   27.799361] init: DM_DEV_STATUS failed for system: No such device or address
<12>[   27.806595] init: DM_DEV_STATUS failed for vroot: No such device or address
<14>[   27.814223] init: Skip mounting partition: /product
<12>[   27.819648] init: DM_DEV_STATUS failed for system: No such device or address
<12>[   27.826932] init: DM_DEV_STATUS failed for vroot: No such device or address
<14>[   27.834499] init: Skip mounting partition: /product
<12>[   27.839936] init: DM_DEV_STATUS failed for system: No such device or address
<12>[   27.847215] init: DM_DEV_STATUS failed for vroot: No such device or address
<14>[   27.854797] init: Skip mounting partition: /product
<12>[   27.860200] init: DM_DEV_STATUS failed for system: No such device or address
<12>[   27.867428] init: DM_DEV_STATUS failed for vroot: No such device or address
<14>[   27.875043] init: Skip mounting partition: /product
<12>[   27.880482] init: DM_DEV_STATUS failed for system: No such device or address
<12>[   27.887728] init: DM_DEV_STATUS failed for vroot: No such device or address
<14>[   27.895306] init: Skip mounting partition: /product
<12>[   27.900797] init: DM_DEV_STATUS failed for system: No such device or address
<12>[   27.908056] init: DM_DEV_STATUS failed for vroot: No such device or address
<14>[   27.915649] init: Skip mounting partition: /product
<12>[   27.921049] init: DM_DEV_STATUS failed for system: No such device or address
<12>[   27.928282] init: DM_DEV_STATUS failed for vroot: No such device or address
<14>[   27.935891] init: Skip mounting partition: /product
<12>[   27.941300] init: DM_DEV_STATUS failed for system: No such device or address
<12>[   27.948589] init: DM_DEV_STATUS failed for vroot: No such device or address
<14>[   27.956184] init: Skip mounting partition: /product
<12>[   27.961617] init: DM_DEV_STATUS failed for system: No such device or address
<12>[   27.968860] init: DM_DEV_STATUS failed for vroot: No such device or address
<14>[   27.976462] init: Skip mounting partition: /product
<12>[   27.981913] init: DM_DEV_STATUS failed for system: No such device or address
<12>[   27.989147] init: DM_DEV_STATUS failed for vroot: No such device or address
<14>[   27.996734] init: Skip mounting partition: /product
<12>[   28.002184] init: DM_DEV_STATUS failed for system: No such device or address
<12>[   28.009427] init: DM_DEV_STATUS failed for vroot: No such device or address
<14>[   28.017022] init: Skip mounting partition: /product
<12>[   28.022467] init: DM_DEV_STATUS failed for system: No such device or address
<12>[   28.029733] init: DM_DEV_STATUS failed for vroot: No such device or address
<14>[   28.037323] init: Skip mounting partition: /product
<12>[   28.042715] init: DM_DEV_STATUS failed for system: No such device or address
<12>[   28.049979] init: DM_DEV_STATUS failed for vroot: No such device or address
<14>[   28.057539] init: Skip mounting partition: /product
<12>[   28.062950] init: DM_DEV_STATUS failed for system: No such device or address
<12>[   28.070231] init: DM_DEV_STATUS failed for vroot: No such device or address
<14>[   28.077809] init: Skip mounting partition: /product
<12>[   28.083310] init: DM_DEV_STATUS failed for system: No such device or address
<12>[   28.090565] init: DM_DEV_STATUS failed for vroot: No such device or address
<14>[   28.098177] init: Skip mounting partition: /product
<12>[   28.103568] init: DM_DEV_STATUS failed for system: No such device or address
<12>[   28.110855] init: DM_DEV_STATUS failed for vroot: No such device or address
<14>[   28.118431] init: Skip mounting partition: /product
<12>[   28.123857] init: DM_DEV_STATUS failed for system: No such device or address
<12>[   28.131099] init: DM_DEV_STATUS failed for vroot: No such device or address
<14>[   28.138673] init: Skip mounting partition: /product
<12>[   28.144115] init: DM_DEV_STATUS failed for system: No such device or address
<12>[   28.151388] init: DM_DEV_STATUS failed for vroot: No such device or address
<14>[   28.158920] init: Skip mounting partition: /product
<12>[   28.164362] init: DM_DEV_STATUS failed for system: No such device or address
<12>[   28.171629] init: DM_DEV_STATUS failed for vroot: No such device or address
<14>[   28.179212] init: Skip mounting partition: /product
<12>[   28.184625] init: DM_DEV_STATUS failed for system: No such device or address
<12>[   28.191885] init: DM_DEV_STATUS failed for vroot: No such device or address
<14>[   28.199463] init: Skip mounting partition: /product
<12>[   28.205983] init: DM_DEV_STATUS failed for system: No such device or address
<12>[   28.213207] init: DM_DEV_STATUS failed for vroot: No such device or address
<14>[   28.220960] init: Skip mounting partition: /product
<12>[   28.226633] init: DM_DEV_STATUS failed for system: No such device or address
<12>[   28.233881] init: DM_DEV_STATUS failed for vroot: No such device or address
<14>[   28.241512] init: Skip mounting partition: /product
<12>[   28.246969] init: DM_DEV_STATUS failed for system: No such device or address
<12>[   28.254248] init: DM_DEV_STATUS failed for vroot: No such device or address
<14>[   28.261811] init: Skip mounting partition: /product
<12>[   28.267228] init: DM_DEV_STATUS failed for system: No such device or address
<12>[   28.274491] init: DM_DEV_STATUS failed for vroot: No such device or address
<14>[   28.282080] init: Skip mounting partition: /product
<12>[   28.287507] init: DM_DEV_STATUS failed for system: No such device or address
<12>[   28.294746] init: DM_DEV_STATUS failed for vroot: No such device or address
<14>[   28.302348] init: Skip mounting partition: /product
<12>[   28.307822] init: DM_DEV_STATUS failed for system: No such device or address
<12>[   28.315056] init: DM_DEV_STATUS failed for vroot: No such device or address
<14>[   28.322658] init: Skip mounting partition: /product
<12>[   28.328120] init: DM_DEV_STATUS failed for system: No such device or address
<12>[   28.335386] init: DM_DEV_STATUS failed for vroot: No such device or address
<14>[   28.343006] init: Skip mounting partition: /product
<12>[   28.348423] init: DM_DEV_STATUS failed for system: No such device or address
<12>[   28.355656] init: DM_DEV_STATUS failed for vroot: No such device or address
<14>[   28.363261] init: Skip mounting partition: /product
<12>[   28.368719] init: DM_DEV_STATUS failed for system: No such device or address
<12>[   28.375960] init: DM_DEV_STATUS failed for vroot: No such device or address
<14>[   28.383585] init: Skip mounting partition: /product
<12>[   28.389063] init: DM_DEV_STATUS failed for system: No such device or address
<12>[   28.396288] init: DM_DEV_STATUS failed for vroot: No such device or address
<14>[   28.403916] init: Skip mounting partition: /product
<12>[   28.409432] init: DM_DEV_STATUS failed for system: No such device or address
<12>[   28.416697] init: DM_DEV_STATUS failed for vroot: No such device or address
<14>[   28.424332] init: Skip mounting partition: /product
<12>[   28.429734] init: DM_DEV_STATUS failed for system: No such device or address
<12>[   28.436965] init: DM_DEV_STATUS failed for vroot: No such device or address
<14>[   28.444567] init: Skip mounting partition: /product
<12>[   28.450021] init: DM_DEV_STATUS failed for system: No such device or address
<12>[   28.457291] init: DM_DEV_STATUS failed for vroot: No such device or address
<14>[   28.464920] init: Skip mounting partition: /product
<12>[   28.470359] init: DM_DEV_STATUS failed for system: No such device or address
<12>[   28.477585] init: DM_DEV_STATUS failed for vroot: No such device or address
<14>[   28.485167] init: Skip mounting partition: /product
<12>[   28.490607] init: DM_DEV_STATUS failed for system: No such device or address
<12>[   28.497919] init: DM_DEV_STATUS failed for vroot: No such device or address
<14>[   28.505506] init: Skip mounting partition: /product
<12>[   28.510964] init: DM_DEV_STATUS failed for system: No such device or address
<12>[   28.518217] init: DM_DEV_STATUS failed for vroot: No such device or address
<14>[   28.525787] init: Skip mounting partition: /product
<12>[   28.531194] init: DM_DEV_STATUS failed for system: No such device or address
<12>[   28.538448] init: DM_DEV_STATUS failed for vroot: No such device or address
<14>[   28.546091] init: Skip mounting partition: /product
<12>[   28.551540] init: DM_DEV_STATUS failed for system: No such device or address
<12>[   28.558788] init: DM_DEV_STATUS failed for vroot: No such device or address
<14>[   28.566361] init: Skip mounting partition: /product
<12>[   28.571808] init: DM_DEV_STATUS failed for system: No such device or address
<12>[   28.579033] init: DM_DEV_STATUS failed for vroot: No such device or address
<14>[   28.586644] init: Skip mounting partition: /product
<12>[   28.592157] init: DM_DEV_STATUS failed for system: No such device or address
<12>[   28.599422] init: DM_DEV_STATUS failed for vroot: No such device or address
<14>[   28.607015] init: Skip mounting partition: /product
<12>[   28.612443] init: DM_DEV_STATUS failed for system: No such device or address
<12>[   28.619691] init: DM_DEV_STATUS failed for vroot: No such device or address
<14>[   28.627307] init: Skip mounting partition: /product
<12>[   28.632712] init: DM_DEV_STATUS failed for system: No such device or address
<12>[   28.639954] init: DM_DEV_STATUS failed for vroot: No such device or address
<14>[   28.647529] init: Skip mounting partition: /product
<12>[   28.653000] init: DM_DEV_STATUS failed for system: No such device or address
<12>[   28.660262] init: DM_DEV_STATUS failed for vroot: No such device or address
<14>[   28.667888] init: Skip mounting partition: /product
<12>[   28.673319] init: DM_DEV_STATUS failed for system: No such device or address
<12>[   28.680555] init: DM_DEV_STATUS failed for vroot: No such device or address
<14>[   28.688149] init: Skip mounting partition: /product
<12>[   28.693581] init: DM_DEV_STATUS failed for system: No such device or address
<12>[   28.700816] init: DM_DEV_STATUS failed for vroot: No such device or address
<14>[   28.708464] init: Skip mounting partition: /product
<5>[   28.714580] Registered swp emulation handler
<14>[   28.719811] init: Command 'write /dev/cpu_variant:${ro.bionic.arch} ${ro.bionic.cpu_variant}' action=init (/system/etc/init/hw/init.rc:370) took 0ms and failed: property 'ro.bionic.arch' doesn't exist while expanding '/dev/cpu_variant:${ro.bionic.arch}'
<14>[   28.742426] init: Command 'chmod 0444 /dev/cpu_variant:${ro.bionic.arch}' action=init (/system/etc/init/hw/init.rc:371) took 0ms and failed: property 'ro.bionic.arch' doesn't exist while expanding '/dev/cpu_variant:${ro.bionic.arch}'
<14>[   28.763289] init: Command 'write /dev/cpu_variant:${ro.bionic.2nd_arch} ${ro.bionic.2nd_cpu_variant}' action=init (/system/etc/init/hw/init.rc:372) took 0ms and failed: property 'ro.bionic.2nd_arch' doesn't exist while expanding '/dev/cpu_variant:${ro.bionic.2nd_arch}'
<14>[   28.787250] init: Command 'chmod 0444 /dev/cpu_variant:${ro.bionic.2nd_arch}' action=init (/system/etc/init/hw/init.rc:373) took 0ms and failed: property 'ro.bionic.2nd_arch' doesn't exist while expanding '/dev/cpu_variant:${ro.bionic.2nd_arch}'
<14>[   28.809776] init: starting service 'logd'...
<14>[   28.814769] init: Created socket '/dev/socket/logd', mode 666, user 1036, group 1036
<14>[   28.823007] init: Created socket '/dev/socket/logdr', mode 666, user 1036, group 1036
<14>[   28.831346] init: Created socket '/dev/socket/logdw', mode 222, user 1036, group 1036
<14>[   28.839476] init: Opened file '/proc/kmsg', flags 0
<14>[   28.844579] init: Opened file '/dev/kmsg', flags 1
<6>[   28.851783] KernelSU: mark no sucompat checks for pid: '222', exec: '/system/bin/logd'
<14>[   28.852961] init: starting service 'lmkd'...
<14>[   28.864952] init: Created socket '/dev/socket/lmkd', mode 660, user 1000, group 1000
<6>[   28.875234] KernelSU: mark no sucompat checks for pid: '223', exec: '/system/bin/lmkd'
<14>[   28.876359] init: starting service 'servicemanager'...
<6>[   28.891777] KernelSU: mark no sucompat checks for pid: '224', exec: '/system/bin/servicemanager'
<14>[   28.891858] init: starting service 'hwservicemanager'...
<6>[   28.909546] KernelSU: mark no sucompat checks for pid: '226', exec: '/system/bin/hwservicemanager'
<14>[   28.909757] init: starting service 'vndservicemanager'...
<38>[   28.920890] logd.auditd: start
<14>[   28.926978] init: processing action (init) from (/system/etc/init/hw/init.usb.rc:24)
<6>[   28.927284] KernelSU: mark no sucompat checks for pid: '230', exec: '/vendor/bin/vndservicemanager'
<14>[   28.947546] init: processing action (init) from (/vendor/etc/init/hw/init.uws6152_1h10_go.rc:3)
<14>[   28.956802] init: starting service 'watchdogd'...
<14>[   28.964604] init: processing action (init) from (/vendor/etc/init/hw/init.common.rc:29)
<6>[   28.965316] KernelSU: mark no sucompat checks for pid: '231', exec: '/system/bin/watchdogd'
<14>[   28.985309] init: Command 'symlink /storage/self/primary /mnt/sdcard' action=init (/vendor/etc/init/hw/init.common.rc:36) took 0ms and failed: symlink() failed: File exists
<14>[   29.004206] watchdogd: watchdogd started (interval 10, margin 30)!
<14>[   29.011550] init: Command 'mkdir /storage/usbdisk 0700 system system' action=init (/vendor/etc/init/hw/init.common.rc:41) took 1ms and failed: mkdir() failed on /storage/usbdisk: Read-only file system
<14>[   29.042711] init: processing action (init) from (/vendor/etc/init/hw/init.uws6152_1h10_go.usb.rc:1)
<6>[   29.048512] KernelSU: found variant: selinux_status_lock
<14>[   29.058459] init: Command 'mount configfs none /config' action=init (/vendor/etc/init/hw/init.uws6152_1h10_go.usb.rc:4) took 0ms and failed: mount() failed: Device or resource busy
<6>[   29.060885] KernelSU: found variant: selinux_status_lock
<7>[   29.078437] device: 'android0': device_add
<7>[   29.080309] PM: Adding info for No Bus:android0
<11>[   29.085689] init: using deprecated syntax for specifying property 'ro.serialno', use ${name} instead
<6>[   29.101048] KernelSU: found variant: selinux_status_lock
<6>[   29.104015] file system registered
<12>[   29.114717] init: DM_DEV_STATUS failed for system: No such device or address
<6>[   29.117288] KernelSU: found variant: selinux_status_page
<12>[   29.122031] init: DM_DEV_STATUS failed for vroot: No such device or address
<6>[   29.128329] KernelSU: initialize_fake_status initialized: sequence=0, policyload=0, enforcing=1
<14>[   29.136212] init: Skip mounting partition: /product
<12>[   29.149458] init: DM_DEV_STATUS failed for system: No such device or address
<12>[   29.156736] init: DM_DEV_STATUS failed for vroot: No such device or address
<14>[   29.164484] init: Skip mounting partition: /product
<12>[   29.169998] init: DM_DEV_STATUS failed for system: No such device or address
<12>[   29.177251] init: DM_DEV_STATUS failed for vroot: No such device or address
<14>[   29.184882] init: Skip mounting partition: /product
<12>[   29.190391] init: DM_DEV_STATUS failed for system: No such device or address
<12>[   29.197641] init: DM_DEV_STATUS failed for vroot: No such device or address
<14>[   29.205270] init: Skip mounting partition: /product
<12>[   29.210706] init: DM_DEV_STATUS failed for system: No such device or address
<12>[   29.217955] init: DM_DEV_STATUS failed for vroot: No such device or address
<14>[   29.225601] init: Skip mounting partition: /product
<12>[   29.231048] init: DM_DEV_STATUS failed for system: No such device or address
<12>[   29.238291] init: DM_DEV_STATUS failed for vroot: No such device or address
<14>[   29.245961] init: Skip mounting partition: /product
<12>[   29.251361] init: DM_DEV_STATUS failed for system: No such device or address
<12>[   29.258631] init: DM_DEV_STATUS failed for vroot: No such device or address
<14>[   29.266267] init: Skip mounting partition: /product
<12>[   29.271719] init: DM_DEV_STATUS failed for system: No such device or address
<12>[   29.278956] init: DM_DEV_STATUS failed for vroot: No such device or address
<14>[   29.286570] init: Skip mounting partition: /product
<12>[   29.291989] init: DM_DEV_STATUS failed for system: No such device or address
<12>[   29.299212] init: DM_DEV_STATUS failed for vroot: No such device or address
<14>[   29.306868] init: Skip mounting partition: /product
<12>[   29.312343] init: DM_DEV_STATUS failed for system: No such device or address
<12>[   29.319582] init: DM_DEV_STATUS failed for vroot: No such device or address
<14>[   29.327201] init: Skip mounting partition: /product
<12>[   29.332682] init: DM_DEV_STATUS failed for system: No such device or address
<12>[   29.339906] init: DM_DEV_STATUS failed for vroot: No such device or address
<14>[   29.347546] init: Skip mounting partition: /product
<12>[   29.353017] init: DM_DEV_STATUS failed for system: No such device or address
<12>[   29.360254] init: DM_DEV_STATUS failed for vroot: No such device or address
<14>[   29.367867] init: Skip mounting partition: /product
<12>[   29.373277] init: DM_DEV_STATUS failed for system: No such device or address
<12>[   29.380501] init: DM_DEV_STATUS failed for vroot: No such device or address
<14>[   29.388160] init: Skip mounting partition: /product
<12>[   29.393628] init: DM_DEV_STATUS failed for system: No such device or address
<12>[   29.400866] init: DM_DEV_STATUS failed for vroot: No such device or address
<14>[   29.408504] init: Skip mounting partition: /product
<12>[   29.413964] init: DM_DEV_STATUS failed for system: No such device or address
<12>[   29.421195] init: DM_DEV_STATUS failed for vroot: No such device or address
<14>[   29.428827] init: Skip mounting partition: /product
<12>[   29.434312] init: DM_DEV_STATUS failed for system: No such device or address
<12>[   29.441553] init: DM_DEV_STATUS failed for vroot: No such device or address
<14>[   29.449199] init: Skip mounting partition: /product
<12>[   29.454612] init: DM_DEV_STATUS failed for system: No such device or address
<12>[   29.461838] init: DM_DEV_STATUS failed for vroot: No such device or address
<14>[   29.469476] init: Skip mounting partition: /product
<12>[   29.474893] init: DM_DEV_STATUS failed for system: No such device or address
<12>[   29.482176] init: DM_DEV_STATUS failed for vroot: No such device or address
<14>[   29.489824] init: Skip mounting partition: /product
<12>[   29.495235] init: DM_DEV_STATUS failed for system: No such device or address
<12>[   29.502485] init: DM_DEV_STATUS failed for vroot: No such device or address
<14>[   29.510123] init: Skip mounting partition: /product
<12>[   29.515671] init: DM_DEV_STATUS failed for system: No such device or address
<12>[   29.522929] init: DM_DEV_STATUS failed for vroot: No such device or address
<14>[   29.530525] init: Skip mounting partition: /product
<12>[   29.535938] init: DM_DEV_STATUS failed for system: No such device or address
<12>[   29.543193] init: DM_DEV_STATUS failed for vroot: No such device or address
<14>[   29.550803] init: Skip mounting partition: /product
<12>[   29.556221] init: DM_DEV_STATUS failed for system: No such device or address
<12>[   29.563508] init: DM_DEV_STATUS failed for vroot: No such device or address
<14>[   29.571125] init: Skip mounting partition: /product
<12>[   29.576567] init: DM_DEV_STATUS failed for system: No such device or address
<12>[   29.583789] init: DM_DEV_STATUS failed for vroot: No such device or address
<14>[   29.591421] init: Skip mounting partition: /product
<12>[   29.596884] init: DM_DEV_STATUS failed for system: No such device or address
<12>[   29.604124] init: DM_DEV_STATUS failed for vroot: No such device or address
<14>[   29.611757] init: Skip mounting partition: /product
<12>[   29.617170] init: DM_DEV_STATUS failed for system: No such device or address
<12>[   29.624396] init: DM_DEV_STATUS failed for vroot: No such device or address
<14>[   29.632031] init: Skip mounting partition: /product
<7>[   29.639540] device: 'mtp_usb': device_add
<7>[   29.639576] PM: Adding info for No Bus:mtp_usb
<4>[   29.640864] using random self ethernet address
<4>[   29.645511] using random host ethernet address
<7>[   29.650896] device: 'vser': device_add
<7>[   29.650929] PM: Adding info for No Bus:vser
<7>[   29.651525] device: 'usb_accessory': device_add
<7>[   29.651556] PM: Adding info for No Bus:usb_accessory
<7>[   29.652134] device: 'f_audio_source': device_add
<7>[   29.652159] PM: Adding info for No Bus:f_audio_source
<7>[   29.652568] device: 'f_midi': device_add
<7>[   29.652593] PM: Adding info for No Bus:f_midi
<6>[   29.653028] Mass Storage Function, version: 2009/09/11
<6>[   29.658392] LUN: removable file: (no medium)
<7>[   29.663421] device: 'ttyGS0': device_add
<7>[   29.663453] PM: Adding info for No Bus:ttyGS0
<7>[   29.664120] device: 'ttyGS1': device_add
<7>[   29.664145] PM: Adding info for No Bus:ttyGS1
<7>[   29.664807] device: 'ttyGS2': device_add
<7>[   29.664833] PM: Adding info for No Bus:ttyGS2
<7>[   29.665398] device: 'ttyGS3': device_add
<7>[   29.665420] PM: Adding info for No Bus:ttyGS3
<7>[   29.666029] device: 'ttyGS4': device_add
<7>[   29.666064] PM: Adding info for No Bus:ttyGS4
<7>[   29.666633] device: 'ttyGS5': device_add
<7>[   29.666655] PM: Adding info for No Bus:ttyGS5
<7>[   29.667187] device: 'ttyGS6': device_add
<7>[   29.667210] PM: Adding info for No Bus:ttyGS6
<7>[   29.667729] device: 'ttyGS7': device_add
<7>[   29.667753] PM: Adding info for No Bus:ttyGS7
<14>[   29.668908] init: processing action (init) from (/system/etc/init/audioserver.rc:56)
<14>[   29.678462] init: processing action (init) from (/system/etc/init/dot-system.rc:2)
<14>[   29.686324] init: processing action (MixHwrngIntoLinuxRng) from (<Builtin Action>:0)
<14>[   29.694263] init: /dev/hw_random not found
<14>[   29.698626] init: processing action (late-init) from (/system/etc/init/hw/init.rc:415)
<14>[   29.706836] init: processing action (late-init) from (/system/etc/init/atrace.rc:3)
<12>[   29.714985] init: DM_DEV_STATUS failed for system: No such device or address
<12>[   29.722236] init: DM_DEV_STATUS failed for vroot: No such device or address
<14>[   29.729932] init: Skip mounting partition: /product
<12>[   29.735597] init: DM_DEV_STATUS failed for system: No such device or address
<12>[   29.742880] init: DM_DEV_STATUS failed for vroot: No such device or address
<14>[   29.750434] init: Skip mounting partition: /product
<12>[   29.755845] init: DM_DEV_STATUS failed for system: No such device or address
<12>[   29.763100] init: DM_DEV_STATUS failed for vroot: No such device or address
<14>[   29.770736] init: Skip mounting partition: /product
<12>[   29.776193] init: DM_DEV_STATUS failed for system: No such device or address
<12>[   29.783440] init: DM_DEV_STATUS failed for vroot: No such device or address
<14>[   29.791014] init: Skip mounting partition: /product
<12>[   29.796489] init: DM_DEV_STATUS failed for system: No such device or address
<12>[   29.803743] init: DM_DEV_STATUS failed for vroot: No such device or address
<14>[   29.811359] init: Skip mounting partition: /product
<12>[   29.816806] init: DM_DEV_STATUS failed for system: No such device or address
<12>[   29.824063] init: DM_DEV_STATUS failed for vroot: No such device or address
<14>[   29.831729] init: Skip mounting partition: /product
<12>[   29.837126] init: DM_DEV_STATUS failed for system: No such device or address
<12>[   29.844363] init: DM_DEV_STATUS failed for vroot: No such device or address
<14>[   29.851959] init: Skip mounting partition: /product
<12>[   29.857388] init: DM_DEV_STATUS failed for system: No such device or address
<12>[   29.864633] init: DM_DEV_STATUS failed for vroot: No such device or address
<14>[   29.872264] init: Skip mounting partition: /product
<12>[   29.877733] init: DM_DEV_STATUS failed for system: No such device or address
<12>[   29.884974] init: DM_DEV_STATUS failed for vroot: No such device or address
<14>[   29.892557] init: Skip mounting partition: /product
<12>[   29.897978] init: DM_DEV_STATUS failed for system: No such device or address
<12>[   29.905247] init: DM_DEV_STATUS failed for vroot: No such device or address
<14>[   29.912854] init: Skip mounting partition: /product
<12>[   29.918343] init: DM_DEV_STATUS failed for system: No such device or address
<12>[   29.925583] init: DM_DEV_STATUS failed for vroot: No such device or address
<14>[   29.933206] init: Skip mounting partition: /product
<12>[   29.938605] init: DM_DEV_STATUS failed for system: No such device or address
<12>[   29.945831] init: DM_DEV_STATUS failed for vroot: No such device or address
<14>[   29.953480] init: Skip mounting partition: /product
<12>[   29.958932] init: DM_DEV_STATUS failed for system: No such device or address
<12>[   29.966178] init: DM_DEV_STATUS failed for vroot: No such device or address
<14>[   29.973789] init: Skip mounting partition: /product
<12>[   29.979225] init: DM_DEV_STATUS failed for system: No such device or address
<12>[   29.986494] init: DM_DEV_STATUS failed for vroot: No such device or address
<14>[   29.994085] init: Skip mounting partition: /product
<12>[   29.999478] init: DM_DEV_STATUS failed for system: No such device or address
<12>[   30.006730] init: DM_DEV_STATUS failed for vroot: No such device or address
<14>[   30.014358] init: Skip mounting partition: /product
<12>[   30.019820] init: DM_DEV_STATUS failed for system: No such device or address
<12>[   30.027063] init: DM_DEV_STATUS failed for vroot: No such device or address
<14>[   30.034672] init: Skip mounting partition: /product
<12>[   30.040083] init: DM_DEV_STATUS failed for system: No such device or address
<12>[   30.047309] init: DM_DEV_STATUS failed for vroot: No such device or address
<14>[   30.054963] init: Skip mounting partition: /product
<12>[   30.060461] init: DM_DEV_STATUS failed for system: No such device or address
<12>[   30.067706] init: DM_DEV_STATUS failed for vroot: No such device or address
<14>[   30.075297] init: Skip mounting partition: /product
<12>[   30.080752] init: DM_DEV_STATUS failed for system: No such device or address
<12>[   30.087978] init: DM_DEV_STATUS failed for vroot: No such device or address
<14>[   30.095605] init: Skip mounting partition: /product
<12>[   30.101137] init: DM_DEV_STATUS failed for system: No such device or address
<12>[   30.108404] init: DM_DEV_STATUS failed for vroot: No such device or address
<14>[   30.115991] init: Skip mounting partition: /product
<12>[   30.121450] init: DM_DEV_STATUS failed for system: No such device or address
<12>[   30.128677] init: DM_DEV_STATUS failed for vroot: No such device or address
<14>[   30.136295] init: Skip mounting partition: /product
<12>[   30.141757] init: DM_DEV_STATUS failed for system: No such device or address
<12>[   30.149013] init: DM_DEV_STATUS failed for vroot: No such device or address
<14>[   30.156683] init: Skip mounting partition: /product
<12>[   30.162097] init: DM_DEV_STATUS failed for system: No such device or address
<12>[   30.169330] init: DM_DEV_STATUS failed for vroot: No such device or address
<14>[   30.176919] init: Skip mounting partition: /product
<12>[   30.182354] init: DM_DEV_STATUS failed for system: No such device or address
<12>[   30.189614] init: DM_DEV_STATUS failed for vroot: No such device or address
<14>[   30.197234] init: Skip mounting partition: /product
<12>[   30.202645] init: DM_DEV_STATUS failed for system: No such device or address
<12>[   30.209908] init: DM_DEV_STATUS failed for vroot: No such device or address
<14>[   30.217469] init: Skip mounting partition: /product
<14>[   30.233182] init: processing action (queue_property_triggers) from (<Builtin Action>:0)
<14>[   30.241484] init: processing action (sprd-flash-ko) from (/vendor/etc/init/init.sprd_flash.rc:1)
<7>[   30.254528] bus: 'i2c': add driver sc2703-flash
<7>[   30.257820] bus: 'i2c': add driver sprd_ocp8137
<6>[   30.258080] FLASH_OCP8137: 211 631 sprd_flash_ic_register_driver : register sprd_flash_ic_driver:0
<7>[   30.268534] bus: 'i2c': add driver sprd_aw3642
<6>[   30.268593] sprd_flash_ic_register_driver:616 register sprd_flash_ic_driver:0
<14>[   30.278272] init: processing action (early-fs) from (/system/etc/init/hw/init.rc:451)
<14>[   30.286889] init: starting service 'vold'...
<6>[   30.293440] KernelSU: mark no sucompat checks for pid: '236', exec: '/system/bin/vold'
<14>[   30.294138] init: processing action (early-fs) from (/vendor/etc/init/hw/init.storage.rc:6)
<14>[   30.311527] init: processing action (fs) from (/vendor/etc/init/hw/init.common.rc:50)
<14>[   30.322043] init: [libfs_mgr]Running /system/bin/fsck.f2fs -a -c 10000 --debug-cache/dev/block/mmcblk0p42
<6>[   30.334241] KernelSU: mark no sucompat checks for pid: '237', exec: '/system/bin/fsck.f2fs'
<14>[   30.364534] fsck.f2fs: Info: Fix the reported corruption.
<14>[   30.370402] fsck.f2fs: \x09Info: No support kernel version!
<14>[   30.375986] fsck.f2fs: Info: Segments per section = 1
<14>[   30.381243] fsck.f2fs: Info: Sections per zone = 1
<14>[   30.386276] fsck.f2fs: Info: sector size = 512
<14>[   30.390917] fsck.f2fs: Info: total sectors = 51048415 (24925 MB)
<14>[   30.397344] fsck.f2fs: Info: MKFS version
<14>[   30.401926] fsck.f2fs:   "4.14.98 #1 SMP PREEMPT Tue Apr 7 21:22:30 CST 2026"
<14>[   30.409237] fsck.f2fs: Info: FSCK version
<14>[   30.418025] fsck.f2fs:   from "4.14.98-Kalirok-Nethunter #1 SMP PREEMPT Thu Aug 6 08:27:16 UTC 2026"
<14>[   30.427480] fsck.f2fs:     to "4.14.98-Kalirok-Nethunter #1 SMP PREEMPT Thu Aug 6 08:27:16 UTC 2026"
<14>[   30.436899] fsck.f2fs: Info: superblock features = 481 :  encrypt verity quota_ino
<14>[   30.444828] fsck.f2fs: Info: superblock encrypt level = 0, salt = 00000000000000000000000000000000
<14>[   30.454071] fsck.f2fs: Info: total FS sectors = 51048376 (24925 MB)
<14>[   30.460686] fsck.f2fs: Info: CKPT version = 8fd38b2
<14>[   30.552254] fsck.f2fs: Info: checkpoint state = 40 :  crc sudden-power-off
<14>[   30.559381] fsck.f2fs: Info: No error was reported
<14>[   30.564411] fsck.f2fs: 
<14>[   30.567080] fsck.f2fs: c, u, RA, CH, CM, Repl=
<14>[   30.571752] fsck.f2fs: 10000 1773 14005 12232 1773 0
<5>[   30.704016] F2FS-fs (mmcblk0p42): recover_inode: ino = 79814, name = jobs.xml.new, inline = 1
<5>[   30.713737] F2FS-fs (mmcblk0p42): recover_dentry: ino = 79814, name = jobs.xml.new, dir = 9f6, err = 0
<5>[   30.723251] F2FS-fs (mmcblk0p42): recover_data: ino = 79814 (i_size: recover) recovered = 2, err = 0
<5>[   30.732596] F2FS-fs (mmcblk0p42): recover_inode: ino = 79816, name = com.android.launcher30.xml.new, inline = b
<5>[   30.743879] F2FS-fs (mmcblk0p42): recover_dentry: ino = 79816, name = com.android.launcher30.xml.new, dir = bb9, err = 0
<5>[   30.754925] F2FS-fs (mmcblk0p42): recover_data: ino = 79816 (i_size: recover) recovered = 0, err = 0
<5>[   30.764254] F2FS-fs (mmcblk0p42): recover_inode: ino = 79817, name = com.android.systemui0.xml.new, inline = b
<5>[   30.774472] F2FS-fs (mmcblk0p42): recover_dentry: ino = 79817, name = com.android.systemui0.xml.new, dir = bb9, err = 0
<5>[   30.785448] F2FS-fs (mmcblk0p42): recover_data: ino = 79817 (i_size: recover) recovered = 0, err = 0
<5>[   30.794803] F2FS-fs (mmcblk0p42): recover_inode: ino = 79818, name = web1n.stopapp.xml.new, inline = 1
<5>[   30.806107] F2FS-fs (mmcblk0p42): recover_dentry: ino = 79818, name = web1n.stopapp.xml.new, dir = bbc, err = 0
<5>[   30.816381] F2FS-fs (mmcblk0p42): recover_data: ino = 79818 (i_size: recover) recovered = 1, err = 0
<5>[   30.825707] F2FS-fs (mmcblk0p42): recover_inode: ino = 79819, name = com.android.documentsui.xml.new, inline = b
<5>[   30.836097] F2FS-fs (mmcblk0p42): recover_dentry: ino = 79819, name = com.android.documentsui.xml.new, dir = bbc, err = 0
<5>[   30.847261] F2FS-fs (mmcblk0p42): recover_data: ino = 79819 (i_size: recover) recovered = 0, err = 0
<5>[   30.856602] F2FS-fs (mmcblk0p42): recover_inode: ino = 7981a, name = github.tornaco.android.thanos.pro.xml.new, inline = b
<5>[   30.867849] F2FS-fs (mmcblk0p42): recover_dentry: ino = 7981a, name = github.tornaco.android.thanos.pro.xml.new, dir = bbc, err = 0
<5>[   30.879898] F2FS-fs (mmcblk0p42): recover_data: ino = 7981a (i_size: recover) recovered = 0, err = 0
<5>[   30.889223] F2FS-fs (mmcblk0p42): recover_inode: ino = 7981b, name = com.byyoung.setting.xml.new, inline = b
<5>[   30.899262] F2FS-fs (mmcblk0p42): recover_dentry: ino = 7981b, name = com.byyoung.setting.xml.new, dir = bbc, err = 0
<5>[   30.910089] F2FS-fs (mmcblk0p42): recover_data: ino = 7981b (i_size: recover) recovered = 0, err = 0
<5>[   30.919411] F2FS-fs (mmcblk0p42): recover_inode: ino = 7981c, name = com.github.android.xml.new, inline = 1
<5>[   30.929377] F2FS-fs (mmcblk0p42): recover_dentry: ino = 7981c, name = com.github.android.xml.new, dir = bbc, err = 0
<5>[   30.940131] F2FS-fs (mmcblk0p42): recover_data: ino = 7981c (i_size: recover) recovered = 3, err = 0
<5>[   30.949454] F2FS-fs (mmcblk0p42): recover_inode: ino = 7981d, name = com.tencent.mm.xml.new, inline = b
<5>[   30.959059] F2FS-fs (mmcblk0p42): recover_dentry: ino = 7981d, name = com.tencent.mm.xml.new, dir = bbc, err = 0
<5>[   30.969462] F2FS-fs (mmcblk0p42): recover_data: ino = 7981d (i_size: recover) recovered = 0, err = 0
<5>[   30.978791] F2FS-fs (mmcblk0p42): recover_inode: ino = 79820, name = com.android.contacts.xml.new, inline = b
<5>[   30.988920] F2FS-fs (mmcblk0p42): recover_dentry: ino = 79820, name = com.android.contacts.xml.new, dir = bbc, err = 0
<5>[   30.999817] F2FS-fs (mmcblk0p42): recover_data: ino = 79820 (i_size: recover) recovered = 0, err = 0
<5>[   31.009164] F2FS-fs (mmcblk0p42): recover_inode: ino = 79821, name = com.android.egg.xml.new, inline = b
<5>[   31.018857] F2FS-fs (mmcblk0p42): recover_dentry: ino = 79821, name = com.android.egg.xml.new, dir = bbc, err = 0
<5>[   31.029337] F2FS-fs (mmcblk0p42): recover_data: ino = 79821 (i_size: recover) recovered = 0, err = 0
<5>[   31.038673] F2FS-fs (mmcblk0p42): recover_inode: ino = 79822, name = xyz.nextalone.nagram.xml.new, inline = 1
<5>[   31.048801] F2FS-fs (mmcblk0p42): recover_dentry: ino = 79822, name = xyz.nextalone.nagram.xml.new, dir = bbc, err = 0
<5>[   31.059724] F2FS-fs (mmcblk0p42): recover_data: ino = 79822 (i_size: recover) recovered = 3, err = 0
<5>[   31.069052] F2FS-fs (mmcblk0p42): recover_inode: ino = 79826, name = com.omarea.vtools.xml.new, inline = b
<5>[   31.078904] F2FS-fs (mmcblk0p42): recover_dentry: ino = 79826, name = com.omarea.vtools.xml.new, dir = bbc, err = 0
<5>[   31.089564] F2FS-fs (mmcblk0p42): recover_data: ino = 79826 (i_size: recover) recovered = 0, err = 0
<5>[   31.098917] F2FS-fs (mmcblk0p42): recover_inode: ino = 79827, name = com.levelinfinite.sgameGlobal.midaspay.xml.new, inline = b
<5>[   31.110591] F2FS-fs (mmcblk0p42): recover_dentry: ino = 79827, name = com.levelinfinite.sgameGlobal.midaspay.xml.new, dir = bbc, err = 0
<5>[   31.123056] F2FS-fs (mmcblk0p42): recover_data: ino = 79827 (i_size: recover) recovered = 0, err = 0
<5>[   31.132398] F2FS-fs (mmcblk0p42): recover_inode: ino = 79828, name = com.tencent.tim.xml.new, inline = b
<5>[   31.142089] F2FS-fs (mmcblk0p42): recover_dentry: ino = 79828, name = com.tencent.tim.xml.new, dir = bbc, err = 0
<5>[   31.152565] F2FS-fs (mmcblk0p42): recover_data: ino = 79828 (i_size: recover) recovered = 0, err = 0
<5>[   31.161894] F2FS-fs (mmcblk0p42): recover_inode: ino = 79829, name = mark.via.xml.new, inline = b
<5>[   31.170992] F2FS-fs (mmcblk0p42): recover_dentry: ino = 79829, name = mark.via.xml.new, dir = bbc, err = 0
<5>[   31.180864] F2FS-fs (mmcblk0p42): recover_data: ino = 79829 (i_size: recover) recovered = 0, err = 0
<5>[   31.190203] F2FS-fs (mmcblk0p42): recover_inode: ino = 7982c, name = io.appground.blek.xml.new, inline = b
<5>[   31.200068] F2FS-fs (mmcblk0p42): recover_dentry: ino = 7982c, name = io.appground.blek.xml.new, dir = bbc, err = 0
<5>[   31.210721] F2FS-fs (mmcblk0p42): recover_data: ino = 7982c (i_size: recover) recovered = 0, err = 0
<5>[   31.220056] F2FS-fs (mmcblk0p42): recover_inode: ino = 7982d, name = llc.itdev.incy.xml.new, inline = b
<5>[   31.229673] F2FS-fs (mmcblk0p42): recover_dentry: ino = 7982d, name = llc.itdev.incy.xml.new, dir = bbc, err = 0
<5>[   31.240042] F2FS-fs (mmcblk0p42): recover_data: ino = 7982d (i_size: recover) recovered = 0, err = 0
<5>[   31.249393] F2FS-fs (mmcblk0p42): recover_inode: ino = 7982e, name = com.android.settings.xml.new, inline = b
<5>[   31.259523] F2FS-fs (mmcblk0p42): recover_dentry: ino = 7982e, name = com.android.settings.xml.new, dir = bbc, err = 0
<5>[   31.270432] F2FS-fs (mmcblk0p42): recover_data: ino = 7982e (i_size: recover) recovered = 0, err = 0
<5>[   31.279769] F2FS-fs (mmcblk0p42): recover_inode: ino = 7982f, name = me.yuki.folk.xml.new, inline = b
<5>[   31.289207] F2FS-fs (mmcblk0p42): recover_dentry: ino = 7982f, name = me.yuki.folk.xml.new, dir = bbc, err = 0
<5>[   31.299421] F2FS-fs (mmcblk0p42): recover_data: ino = 7982f (i_size: recover) recovered = 0, err = 0
<5>[   31.308771] F2FS-fs (mmcblk0p42): recover_inode: ino = 79830, name = com.offsec.nhterm.xml.new, inline = b
<5>[   31.318617] F2FS-fs (mmcblk0p42): recover_dentry: ino = 79830, name = com.offsec.nhterm.xml.new, dir = bbc, err = 0
<5>[   31.329275] F2FS-fs (mmcblk0p42): recover_data: ino = 79830 (i_size: recover) recovered = 0, err = 0
<5>[   31.338615] F2FS-fs (mmcblk0p42): recover_inode: ino = 79833, name = com.android.shell.xml.new, inline = b
<5>[   31.348485] F2FS-fs (mmcblk0p42): recover_dentry: ino = 79833, name = com.android.shell.xml.new, dir = bbc, err = 0
<5>[   31.359145] F2FS-fs (mmcblk0p42): recover_data: ino = 79833 (i_size: recover) recovered = 0, err = 0
<5>[   31.368472] F2FS-fs (mmcblk0p42): recover_inode: ino = 79837, name = com.android.deskclock.xml.new, inline = b
<5>[   31.378684] F2FS-fs (mmcblk0p42): recover_dentry: ino = 79837, name = com.android.deskclock.xml.new, dir = bbc, err = 0
<5>[   31.389681] F2FS-fs (mmcblk0p42): recover_data: ino = 79837 (i_size: recover) recovered = 0, err = 0
<5>[   31.399007] F2FS-fs (mmcblk0p42): recover_inode: ino = 79839, name = com.jozein.xedgepro.xml.new, inline = b
<5>[   31.409059] F2FS-fs (mmcblk0p42): recover_dentry: ino = 79839, name = com.jozein.xedgepro.xml.new, dir = bbc, err = 0
<5>[   31.419882] F2FS-fs (mmcblk0p42): recover_data: ino = 79839 (i_size: recover) recovered = 0, err = 0
<5>[   31.429224] F2FS-fs (mmcblk0p42): recover_inode: ino = 79815, name = shortcuts.xml.new, inline = b
<5>[   31.439976] F2FS-fs (mmcblk0p42): recover_dentry: ino = 79815, name = shortcuts.xml.new, dir = b21, err = 0
<5>[   31.449892] F2FS-fs (mmcblk0p42): recover_data: ino = 79815 (i_size: recover) recovered = 0, err = 0
<5>[   31.459212] F2FS-fs (mmcblk0p42): recover_inode: ino = 7983b, name = settings_secure.xml.new, inline = 1
<5>[   31.470186] F2FS-fs (mmcblk0p42): recover_dentry: ino = 7983b, name = settings_secure.xml.new, dir = 8e, err = 0
<5>[   31.480560] F2FS-fs (mmcblk0p42): recover_data: ino = 7983b (i_size: recover) recovered = 7, err = 0
<5>[   31.489886] F2FS-fs (mmcblk0p42): recover_inode: ino = 7983d, name = settings_secure.xml.new, inline = 1
<5>[   31.499573] F2FS-fs (mmcblk0p42): recover_dentry: ino = 7983d, name = settings_secure.xml.new, dir = 8e, err = 0
<5>[   31.509976] F2FS-fs (mmcblk0p42): recover_data: ino = 7983d (i_size: recover) recovered = 7, err = 0
<5>[   31.519278] F2FS-fs (mmcblk0p42): recover_inode: ino = 7983f, name = jobs.xml.new, inline = 1
<5>[   31.528039] F2FS-fs (mmcblk0p42): recover_dentry: ino = 7983f, name = jobs.xml.new, dir = 9f6, err = 0
<5>[   31.537570] F2FS-fs (mmcblk0p42): recover_data: ino = 7983f (i_size: recover) recovered = 2, err = 0
<5>[   31.546897] F2FS-fs (mmcblk0p42): recover_inode: ino = 79840, name = settings_secure.xml.new, inline = 1
<5>[   31.556595] F2FS-fs (mmcblk0p42): recover_dentry: ino = 79840, name = settings_secure.xml.new, dir = 8e, err = 0
<5>[   31.566999] F2FS-fs (mmcblk0p42): recover_data: ino = 79840 (i_size: recover) recovered = 7, err = 0
<5>[   31.576320] F2FS-fs (mmcblk0p42): recover_inode: ino = 79841, name = sanity.xml, inline = b
<5>[   31.587846] F2FS-fs (mmcblk0p42): recover_dentry: ino = 79841, name = sanity.xml, dir = b83, err = 0
<5>[   31.597149] F2FS-fs (mmcblk0p42): recover_data: ino = 79841 (i_size: recover) recovered = 0, err = 0
<5>[   31.606496] F2FS-fs (mmcblk0p42): recover_inode: ino = 79852, name = package-restrictions.xml, inline = 1
<5>[   31.617356] F2FS-fs (mmcblk0p42): recover_dentry: ino = 79852, name = package-restrictions.xml, dir = 8e, err = 0
<5>[   31.627846] F2FS-fs (mmcblk0p42): recover_data: ino = 79852 (i_size: recover) recovered = 12, err = 0
<5>[   31.637237] F2FS-fs (mmcblk0p42): recover_inode: ino = 79856, name = WifiConfigStore.xml.new, inline = 1
<5>[   31.647334] F2FS-fs (mmcblk0p42): recover_dentry: ino = 79856, name = WifiConfigStore.xml.new, dir = 74, err = 0
<5>[   31.657729] F2FS-fs (mmcblk0p42): recover_data: ino = 79856 (i_size: recover) recovered = 20, err = 0
<5>[   31.667105] F2FS-fs (mmcblk0p42): recover_inode: ino = 7985f, name = WifiConfigStore.xml.new, inline = b
<5>[   31.677915] F2FS-fs (mmcblk0p42): recover_dentry: ino = 7985f, name = WifiConfigStore.xml.new, dir = a89, err = 0
<5>[   31.688350] F2FS-fs (mmcblk0p42): recover_data: ino = 7985f (i_size: recover) recovered = 0, err = 0
<5>[   31.697685] F2FS-fs (mmcblk0p42): recover_inode: ino = 79864, name = mappings.new, inline = 1
<5>[   31.707659] F2FS-fs (mmcblk0p42): recover_dentry: ino = 79864, name = mappings.new, dir = ad4, err = 0
<5>[   31.717168] F2FS-fs (mmcblk0p42): recover_data: ino = 79864 (i_size: recover) recovered = 18, err = 0
<5>[   31.726569] F2FS-fs (mmcblk0p42): recover_inode: ino = 79865, name = 1785992578178.new, inline = 1
<5>[   31.736792] F2FS-fs (mmcblk0p42): recover_dentry: ino = 79865, name = 1785992578178.new, dir = ad9, err = 0
<5>[   31.746777] F2FS-fs (mmcblk0p42): recover_data: ino = 79865 (i_size: recover) recovered = 34, err = 0
<5>[   31.756176] F2FS-fs (mmcblk0p42): recover_inode: ino = 79868, name = 1785468150543.new, inline = 1
<5>[   31.766301] F2FS-fs (mmcblk0p42): recover_dentry: ino = 79868, name = 1785468150543.new, dir = ada, err = 0
<5>[   31.776211] F2FS-fs (mmcblk0p42): recover_data: ino = 79868 (i_size: recover) recovered = 2, err = 0
<5>[   31.785553] F2FS-fs (mmcblk0p42): recover_inode: ino = 79869, name = 1784862769357.new.new.new.new, inline = 1
<5>[   31.796840] F2FS-fs (mmcblk0p42): recover_dentry: ino = 79869, name = 1784862769357.new.new.new.new, dir = adb, err = 0
<5>[   31.807808] F2FS-fs (mmcblk0p42): recover_data: ino = 79869 (i_size: recover) recovered = 3, err = 0
<5>[   31.817128] F2FS-fs (mmcblk0p42): recover_inode: ino = 7986c, name = 1782225936647.new.new.new, inline = 1
<5>[   31.828185] F2FS-fs (mmcblk0p42): recover_dentry: ino = 7986c, name = 1782225936647.new.new.new, dir = adc, err = 0
<5>[   31.838795] F2FS-fs (mmcblk0p42): recover_data: ino = 7986c (i_size: recover) recovered = 6, err = 0
<5>[   31.848127] F2FS-fs (mmcblk0p42): recover_inode: ino = 7986e, name = app_idle_stats.xml.new, inline = 1
<5>[   31.857734] F2FS-fs (mmcblk0p42): recover_dentry: ino = 7986e, name = app_idle_stats.xml.new, dir = 8e, err = 0
<5>[   31.868075] F2FS-fs (mmcblk0p42): recover_data: ino = 7986e (i_size: recover) recovered = 19, err = 0
<5>[   31.877464] F2FS-fs (mmcblk0p42): recover_inode: ino = 79871, name = screen_on_time.new, inline = b
<5>[   31.888271] F2FS-fs (mmcblk0p42): recover_dentry: ino = 79871, name = screen_on_time.new, dir = 5d, err = 0
<5>[   31.898191] F2FS-fs (mmcblk0p42): recover_data: ino = 79871 (i_size: recover) recovered = 0, err = 0
<5>[   31.923417] F2FS-fs (mmcblk0p42): checkpoint: version = 8fd38b3
<5>[   31.929754] F2FS-fs (mmcblk0p42): Mounted with checkpoint version = 8fd38b3
<14>[   31.937882] init: [libfs_mgr]__mount(source=/dev/block/platform/soc/soc:ap-apb/71400000.sdio/by-name/userdata,target=/data,type=f2fs)=0: Success
<11>[   31.951689] init: [libfs_mgr]mount_with_alternatives(): skipping fstab dup mountpoint=/data rec[1].fs_type=ext4 already mounted as f2fs
<14>[   31.965375] init: [libfs_mgr]superblock s_max_mnt_count:65535,/dev/block/platform/soc/soc:ap-apb/71400000.sdio/by-name/cache
<14>[   31.977023] init: [libfs_mgr]Filesystem on /dev/block/platform/soc/soc:ap-apb/71400000.sdio/by-name/cache was not cleanly shutdown; state flags: 0x1, incompat feature flags: 0x246
<4>[   31.994204] EXT4-fs (mmcblk0p34): Ignoring removed nomblk_io_submit option
<6>[   32.005582] EXT4-fs (mmcblk0p34): recovery complete
<6>[   32.011295] EXT4-fs (mmcblk0p34): mounted filesystem with ordered data mode. Opts: errors=remount-ro,nomblk_io_submit
<14>[   32.022940] init: [libfs_mgr]check_fs(): mount(/dev/block/platform/soc/soc:ap-apb/71400000.sdio/by-name/cache,/cache,ext4)=0: Success
<14>[   32.052287] init: [libfs_mgr]check_fs(): unmount(/cache) succeeded
<14>[   32.058871] init: [libfs_mgr]Running /system/bin/e2fsck on /dev/block/mmcblk0p34
<6>[   32.068124] KernelSU: mark no sucompat checks for pid: '246', exec: '/system/bin/e2fsck'
<14>[   32.096998] e2fsck: e2fsck 1.45.4 (23-Sep-2019)
<14>[   32.108269] e2fsck: Pass 1: Checking inodes, blocks, and sizes
<14>[   32.114429] e2fsck: Pass 2: Checking directory structure
<14>[   32.120759] e2fsck: Pass 3: Checking directory connectivity
<14>[   32.126614] e2fsck: Pass 4: Checking reference counts
<14>[   32.131860] e2fsck: Pass 5: Checking group summary information
<14>[   32.137930] e2fsck: /dev/block/platform/soc/soc_ap-apb/71400000.sdio/by-name/cache: 16/38400 files (0.0% non-contiguous), 5340/38400 blocks
<4>[   32.152106] EXT4-fs (mmcblk0p34): Ignoring removed nomblk_io_submit option
<6>[   32.160715] EXT4-fs (mmcblk0p34): mounted filesystem with ordered data mode. Opts: discard,nomblk_io_submit,noauto_da_alloc
<14>[   32.172492] init: [libfs_mgr]__mount(source=/dev/block/platform/soc/soc:ap-apb/71400000.sdio/by-name/cache,target=/cache,type=ext4)=0: Success
<14>[   32.186530] init: [libfs_mgr]superblock s_max_mnt_count:65535,/dev/block/platform/soc/soc:ap-apb/71400000.sdio/by-name/prodnv
<14>[   32.198067] init: [libfs_mgr]Filesystem on /dev/block/platform/soc/soc:ap-apb/71400000.sdio/by-name/prodnv was not cleanly shutdown; state flags: 0x1, incompat feature flags: 0x246
<4>[   32.214986] EXT4-fs (mmcblk0p1): Ignoring removed nomblk_io_submit option
<6>[   32.225516] EXT4-fs (mmcblk0p1): recovery complete
<6>[   32.230959] EXT4-fs (mmcblk0p1): mounted filesystem with ordered data mode. Opts: errors=remount-ro,nomblk_io_submit
<14>[   32.242380] init: [libfs_mgr]check_fs(): mount(/dev/block/platform/soc/soc:ap-apb/71400000.sdio/by-name/prodnv,/mnt/vendor,ext4)=0: Success
<14>[   32.271690] init: [libfs_mgr]check_fs(): unmount(/mnt/vendor) succeeded
<14>[   32.278624] init: [libfs_mgr]Running /system/bin/e2fsck on /dev/block/mmcblk0p1
<6>[   32.287697] KernelSU: mark no sucompat checks for pid: '251', exec: '/system/bin/e2fsck'
<14>[   32.313451] e2fsck: e2fsck 1.45.4 (23-Sep-2019)
<14>[   32.320078] e2fsck: Pass 1: Checking inodes, blocks, and sizes
<14>[   32.329755] e2fsck: Pass 2: Checking directory structure
<14>[   32.335364] e2fsck: Pass 3: Checking directory connectivity
<14>[   32.341696] e2fsck: Pass 4: Checking reference counts
<14>[   32.346958] e2fsck: Pass 5: Checking group summary information
<14>[   32.353008] e2fsck: productinfo: 21/2560 files (4.8% non-contiguous), 1132/2560 blocks
<4>[   32.362346] EXT4-fs (mmcblk0p1): Ignoring removed nomblk_io_submit option
<6>[   32.371754] EXT4-fs (mmcblk0p1): mounted filesystem with ordered data mode. Opts: nomblk_io_submit,noauto_da_alloc
<14>[   32.382770] init: [libfs_mgr]__mount(source=/dev/block/platform/soc/soc:ap-apb/71400000.sdio/by-name/prodnv,target=/mnt/vendor,type=ext4)=0: Success
<14>[   32.397947] init: [libfs_mgr]superblock s_max_mnt_count:65535,/dev/block/platform/soc/soc:ap-apb/71400000.sdio/by-name/customer
<14>[   32.409653] init: [libfs_mgr]Filesystem on /dev/block/platform/soc/soc:ap-apb/71400000.sdio/by-name/customer was not cleanly shutdown; state flags: 0x0, incompat feature flags: 0x242
<4>[   32.426637] EXT4-fs (mmcblk0p35): Ignoring removed nomblk_io_submit option
<4>[   32.435252] EXT4-fs (mmcblk0p35): warning: mounting unchecked fs, running e2fsck is recommended
<6>[   32.445262] EXT4-fs (mmcblk0p35): mounted filesystem without journal. Opts: errors=remount-ro,nomblk_io_submit
<14>[   32.456588] init: [libfs_mgr]check_fs(): mount(/dev/block/platform/soc/soc:ap-apb/71400000.sdio/by-name/customer,/mnt/customer,ext4)=0: Success
<14>[   32.485985] init: [libfs_mgr]check_fs(): unmount(/mnt/customer) succeeded
<14>[   32.493071] init: [libfs_mgr]Running /system/bin/e2fsck on /dev/block/mmcblk0p35
<6>[   32.502206] KernelSU: mark no sucompat checks for pid: '255', exec: '/system/bin/e2fsck'
<14>[   32.524127] e2fsck: e2fsck 1.45.4 (23-Sep-2019)
<14>[   32.531081] e2fsck: Pass 1: Checking inodes, blocks, and sizes
<14>[   32.537388] e2fsck: Pass 2: Checking directory structure
<14>[   32.543023] e2fsck: Pass 3: Checking directory connectivity
<14>[   32.548806] e2fsck: Pass 4: Checking reference counts
<14>[   32.554071] e2fsck: Pass 5: Checking group summary information
<14>[   32.560123] e2fsck: customer: 12/1280 files (0.0% non-contiguous), 54/1280 blocks
<14>[   32.567933] e2fsck: e2fsck terminated by exit(1)\x0a
<14>[   32.574618] init: [libfs_mgr]e2fsck returned status 0x100
<4>[   32.581087] EXT4-fs (mmcblk0p35): Ignoring removed nomblk_io_submit option
<6>[   32.589696] EXT4-fs (mmcblk0p35): mounted filesystem without journal. Opts: nomblk_io_submit,noauto_da_alloc
<14>[   32.600129] init: [libfs_mgr]__mount(source=/dev/block/platform/soc/soc:ap-apb/71400000.sdio/by-name/customer,target=/mnt/customer,type=ext4)=0: Success
<14>[   32.614893] init: Parsing file /product/etc/init...
<14>[   32.619994] init: Unable to read config file '/product/etc/init': open() failed: No such file or directory
<14>[   32.629882] init: Parsing file /odm/etc/init...
<14>[   32.634596] init: Unable to read config file '/odm/etc/init': open() failed: No such file or directory
<14>[   32.644161] init: Userdata mounted using /vendor/etc/fstab.uws6152_1h10_go result : 0
<14>[   32.653100] init: Command 'mount_all /vendor/etc/fstab.${ro.hardware}' action=fs (/vendor/etc/init/hw/init.common.rc:53) took 2333ms and succeeded
<12>[   32.666643] init: DM_DEV_STATUS failed for system: No such device or address
<12>[   32.673888] init: DM_DEV_STATUS failed for vroot: No such device or address
<14>[   32.681599] init: Skip mounting partition: /product
<12>[   32.687233] init: DM_DEV_STATUS failed for system: No such device or address
<12>[   32.694489] init: DM_DEV_STATUS failed for vroot: No such device or address
<14>[   32.702112] init: Skip mounting partition: /product
<12>[   32.707597] init: DM_DEV_STATUS failed for system: No such device or address
<12>[   32.714860] init: DM_DEV_STATUS failed for vroot: No such device or address
<14>[   32.722465] init: Skip mounting partition: /product
<12>[   32.727929] init: DM_DEV_STATUS failed for system: No such device or address
<12>[   32.735167] init: DM_DEV_STATUS failed for vroot: No such device or address
<14>[   32.742804] init: Skip mounting partition: /product
<12>[   32.748230] init: DM_DEV_STATUS failed for system: No such device or address
<12>[   32.755477] init: DM_DEV_STATUS failed for vroot: No such device or address
<14>[   32.763140] init: Skip mounting partition: /product
<12>[   32.768615] init: DM_DEV_STATUS failed for system: No such device or address
<12>[   32.775845] init: DM_DEV_STATUS failed for vroot: No such device or address
<14>[   32.783494] init: Skip mounting partition: /product
<12>[   32.789018] init: DM_DEV_STATUS failed for system: No such device or address
<12>[   32.796272] init: DM_DEV_STATUS failed for vroot: No such device or address
<14>[   32.803912] init: Skip mounting partition: /product
<12>[   32.809381] init: DM_DEV_STATUS failed for system: No such device or address
<12>[   32.816644] init: DM_DEV_STATUS failed for vroot: No such device or address
<14>[   32.824279] init: Skip mounting partition: /product
<12>[   32.829678] init: DM_DEV_STATUS failed for system: No such device or address
<12>[   32.836909] init: DM_DEV_STATUS failed for vroot: No such device or address
<14>[   32.844495] init: Skip mounting partition: /product
<12>[   32.849938] init: DM_DEV_STATUS failed for system: No such device or address
<12>[   32.857174] init: DM_DEV_STATUS failed for vroot: No such device or address
<14>[   32.864870] init: Skip mounting partition: /product
<12>[   32.870321] init: DM_DEV_STATUS failed for system: No such device or address
<12>[   32.877574] init: DM_DEV_STATUS failed for vroot: No such device or address
<14>[   32.885175] init: Skip mounting partition: /product
<12>[   32.890616] init: DM_DEV_STATUS failed for system: No such device or address
<12>[   32.897867] init: DM_DEV_STATUS failed for vroot: No such device or address
<14>[   32.905504] init: Skip mounting partition: /product
<12>[   32.910947] init: DM_DEV_STATUS failed for system: No such device or address
<12>[   32.918202] init: DM_DEV_STATUS failed for vroot: No such device or address
<14>[   32.925795] init: Skip mounting partition: /product
<12>[   32.931207] init: DM_DEV_STATUS failed for system: No such device or address
<12>[   32.938462] init: DM_DEV_STATUS failed for vroot: No such device or address
<14>[   32.946111] init: Skip mounting partition: /product
<12>[   32.951558] init: DM_DEV_STATUS failed for system: No such device or address
<12>[   32.958803] init: DM_DEV_STATUS failed for vroot: No such device or address
<14>[   32.966378] init: Skip mounting partition: /product
<12>[   32.971834] init: DM_DEV_STATUS failed for system: No such device or address
<12>[   32.979064] init: DM_DEV_STATUS failed for vroot: No such device or address
<14>[   32.986697] init: Skip mounting partition: /product
<12>[   32.992137] init: DM_DEV_STATUS failed for system: No such device or address
<12>[   32.999398] init: DM_DEV_STATUS failed for vroot: No such device or address
<14>[   33.006977] init: Skip mounting partition: /product
<12>[   33.012397] init: DM_DEV_STATUS failed for system: No such device or address
<12>[   33.019649] init: DM_DEV_STATUS failed for vroot: No such device or address
<14>[   33.027227] init: Skip mounting partition: /product
<12>[   33.032613] init: DM_DEV_STATUS failed for system: No such device or address
<12>[   33.039890] init: DM_DEV_STATUS failed for vroot: No such device or address
<14>[   33.047526] init: Skip mounting partition: /product
<12>[   33.053064] init: DM_DEV_STATUS failed for system: No such device or address
<12>[   33.060329] init: DM_DEV_STATUS failed for vroot: No such device or address
<14>[   33.067914] init: Skip mounting partition: /product
<12>[   33.073313] init: DM_DEV_STATUS failed for system: No such device or address
<12>[   33.080566] init: DM_DEV_STATUS failed for vroot: No such device or address
<14>[   33.088145] init: Skip mounting partition: /product
<12>[   33.093613] init: DM_DEV_STATUS failed for system: No such device or address
<12>[   33.100873] init: DM_DEV_STATUS failed for vroot: No such device or address
<14>[   33.108492] init: Skip mounting partition: /product
<12>[   33.113931] init: DM_DEV_STATUS failed for system: No such device or address
<12>[   33.121161] init: DM_DEV_STATUS failed for vroot: No such device or address
<14>[   33.128777] init: Skip mounting partition: /product
<12>[   33.134221] init: DM_DEV_STATUS failed for system: No such device or address
<12>[   33.141497] init: DM_DEV_STATUS failed for vroot: No such device or address
<14>[   33.149159] init: Skip mounting partition: /product
<12>[   33.154554] init: DM_DEV_STATUS failed for system: No such device or address
<12>[   33.161793] init: DM_DEV_STATUS failed for vroot: No such device or address
<14>[   33.169410] init: Skip mounting partition: /product
<14>[   33.175641] init: Command 'mount pstore pstore /sys/fs/pstore' action=fs (/vendor/etc/init/hw/init.common.rc:55) took 0ms and failed: mount() failed: Device or resource busy
<14>[   33.193133] init: Command 'symlink /system/res /res' action=fs (/vendor/etc/init/hw/init.common.rc:57) took 0ms and failed: symlink() failed: File exists
<14>[   33.207759] init: Command 'symlink /system/bin /bin' action=fs (/vendor/etc/init/hw/init.common.rc:58) took 0ms and failed: symlink() failed: File exists
<14>[   33.222656] init: processing action (fs) from (/vendor/etc/init/hw/init.ram.rc:126)
<6>[   33.241476] zram0: detected capacity change from 0 to 3687452672
<6>[   33.249218] KernelSU: mark no sucompat checks for pid: '257', exec: '/system/bin/mkswap'
<14>[   33.278384] mkswap: Swapspace size: 3601024k, UUID=9666a661-512d-44c4-96d7-c81f2e651256
<6>[   33.287866] Adding 3601024k swap on /dev/block/zram0.  Priority:-2 extents:1 across:3601024k SS
<14>[   33.297267] init: Command 'swapon_all /vendor/etc/fstab.enableswap' action=fs (/vendor/etc/init/hw/init.ram.rc:132) took 61ms and succeeded
<14>[   33.310041] init: processing action (fs) from (/system/etc/init/logd.rc:28)
<14>[   33.317937] init: processing action (fs) from (/system/etc/init/wifi.rc:25)
<14>[   33.325990] init: processing action (post-fs) from (/system/etc/init/hw/init.rc:455)
<14>[   33.334284] init: starting service 'exec 2 (/system/bin/vdc checkpoint markBootAttempt)'...
<14>[   33.344442] init: SVC_EXEC service 'exec 2 (/system/bin/vdc checkpoint markBootAttempt)' pid 258 (uid 1000 gid 1000+0 context default) started; waiting...
<6>[   33.344715] KernelSU: mark no sucompat checks for pid: '258', exec: '/system/bin/vdc'
<14>[   33.381828] init: Service 'exec 2 (/system/bin/vdc checkpoint markBootAttempt)' (pid 258) exited with status 0 waiting took 0.037000 seconds
<12>[   33.395171] init: DM_DEV_STATUS failed for system: No such device or address
<12>[   33.402492] init: DM_DEV_STATUS failed for vroot: No such device or address
<14>[   33.410331] init: Skip mounting partition: /product
<12>[   33.416065] init: DM_DEV_STATUS failed for system: No such device or address
<12>[   33.423321] init: DM_DEV_STATUS failed for vroot: No such device or address
<14>[   33.430940] init: Skip mounting partition: /product
<12>[   33.436397] init: DM_DEV_STATUS failed for system: No such device or address
<12>[   33.443662] init: DM_DEV_STATUS failed for vroot: No such device or address
<14>[   33.451324] init: Skip mounting partition: /product
<12>[   33.456801] init: DM_DEV_STATUS failed for system: No such device or address
<12>[   33.464058] init: DM_DEV_STATUS failed for vroot: No such device or address
<14>[   33.471634] init: Skip mounting partition: /product
<12>[   33.477053] init: DM_DEV_STATUS failed for system: No such device or address
<12>[   33.484280] init: DM_DEV_STATUS failed for vroot: No such device or address
<14>[   33.491913] init: Skip mounting partition: /product
<12>[   33.497370] init: DM_DEV_STATUS failed for system: No such device or address
<12>[   33.504622] init: DM_DEV_STATUS failed for vroot: No such device or address
<14>[   33.512213] init: Skip mounting partition: /product
<12>[   33.517658] init: DM_DEV_STATUS failed for system: No such device or address
<12>[   33.524920] init: DM_DEV_STATUS failed for vroot: No such device or address
<14>[   33.532528] init: Skip mounting partition: /product
<12>[   33.537946] init: DM_DEV_STATUS failed for system: No such device or address
<12>[   33.545177] init: DM_DEV_STATUS failed for vroot: No such device or address
<14>[   33.552773] init: Skip mounting partition: /product
<12>[   33.558195] init: DM_DEV_STATUS failed for system: No such device or address
<12>[   33.565480] init: DM_DEV_STATUS failed for vroot: No such device or address
<14>[   33.573059] init: Skip mounting partition: /product
<12>[   33.578510] init: DM_DEV_STATUS failed for system: No such device or address
<12>[   33.585756] init: DM_DEV_STATUS failed for vroot: No such device or address
<14>[   33.593350] init: Skip mounting partition: /product
<12>[   33.598828] init: DM_DEV_STATUS failed for system: No such device or address
<12>[   33.606083] init: DM_DEV_STATUS failed for vroot: No such device or address
<14>[   33.613663] init: Skip mounting partition: /product
<12>[   33.619111] init: DM_DEV_STATUS failed for system: No such device or address
<12>[   33.626365] init: DM_DEV_STATUS failed for vroot: No such device or address
<14>[   33.633961] init: Skip mounting partition: /product
<12>[   33.639369] init: DM_DEV_STATUS failed for system: No such device or address
<12>[   33.646650] init: DM_DEV_STATUS failed for vroot: No such device or address
<14>[   33.654223] init: Skip mounting partition: /product
<12>[   33.659642] init: DM_DEV_STATUS failed for system: No such device or address
<12>[   33.666893] init: DM_DEV_STATUS failed for vroot: No such device or address
<14>[   33.674466] init: Skip mounting partition: /product
<12>[   33.679879] init: DM_DEV_STATUS failed for system: No such device or address
<12>[   33.687164] init: DM_DEV_STATUS failed for vroot: No such device or address
<14>[   33.694755] init: Skip mounting partition: /product
<12>[   33.700179] init: DM_DEV_STATUS failed for system: No such device or address
<12>[   33.707442] init: DM_DEV_STATUS failed for vroot: No such device or address
<14>[   33.715012] init: Skip mounting partition: /product
<12>[   33.720436] init: DM_DEV_STATUS failed for system: No such device or address
<12>[   33.727685] init: DM_DEV_STATUS failed for vroot: No such device or address
<14>[   33.735288] init: Skip mounting partition: /product
<12>[   33.740731] init: DM_DEV_STATUS failed for system: No such device or address
<12>[   33.747977] init: DM_DEV_STATUS failed for vroot: No such device or address
<14>[   33.755565] init: Skip mounting partition: /product
<12>[   33.761004] init: DM_DEV_STATUS failed for system: No such device or address
<12>[   33.768274] init: DM_DEV_STATUS failed for vroot: No such device or address
<14>[   33.775838] init: Skip mounting partition: /product
<12>[   33.781308] init: DM_DEV_STATUS failed for system: No such device or address
<12>[   33.788578] init: DM_DEV_STATUS failed for vroot: No such device or address
<14>[   33.796173] init: Skip mounting partition: /product
<12>[   33.801616] init: DM_DEV_STATUS failed for system: No such device or address
<12>[   33.808857] init: DM_DEV_STATUS failed for vroot: No such device or address
<14>[   33.816465] init: Skip mounting partition: /product
<12>[   33.821926] init: DM_DEV_STATUS failed for system: No such device or address
<12>[   33.829165] init: DM_DEV_STATUS failed for vroot: No such device or address
<14>[   33.836770] init: Skip mounting partition: /product
<12>[   33.842233] init: DM_DEV_STATUS failed for system: No such device or address
<12>[   33.849494] init: DM_DEV_STATUS failed for vroot: No such device or address
<14>[   33.857102] init: Skip mounting partition: /product
<12>[   33.862530] init: DM_DEV_STATUS failed for system: No such device or address
<12>[   33.869776] init: DM_DEV_STATUS failed for vroot: No such device or address
<14>[   33.877365] init: Skip mounting partition: /product
<12>[   33.882798] init: DM_DEV_STATUS failed for system: No such device or address
<12>[   33.890044] init: DM_DEV_STATUS failed for vroot: No such device or address
<14>[   33.897610] init: Skip mounting partition: /product
<14>[   33.957697] init: Command 'restorecon --recursive --cross-filesystems /sys/kernel/debug' action=post-fs (/system/etc/init/hw/init.rc:464) took 54ms and succeeded
<14>[   33.973456] selinux: SELinux: Skipping restorecon on directory(/cache)
<14>[   33.980214] selinux: 
<11>[   33.986667] selinux: SELinux:  setxattr failed: /metadata:  Read-only file system
<11>[   33.994336] selinux: 
<14>[   33.997140] init: Command 'mkdir /metadata/vold' action=post-fs (/system/etc/init/hw/init.rc:502) took 0ms and failed: mkdir() failed on /metadata/vold: Read-only file system
<14>[   34.013168] init: Command 'mkdir /metadata/password_slots 0771 root system' action=post-fs (/system/etc/init/hw/init.rc:504) took 0ms and failed: mkdir() failed on /metadata/password_slots: Read-only file system
<14>[   34.032352] init: Command 'mkdir /metadata/bootstat 0750 system log' action=post-fs (/system/etc/init/hw/init.rc:505) took 0ms and failed: mkdir() failed on /metadata/bootstat: Read-only file system
<14>[   34.050373] init: Command 'mkdir /metadata/ota 0700 root system' action=post-fs (/system/etc/init/hw/init.rc:506) took 0ms and failed: mkdir() failed on /metadata/ota: Read-only file system
<14>[   34.067775] init: Command 'mkdir /metadata/apex 0700 root system' action=post-fs (/system/etc/init/hw/init.rc:509) took 0ms and failed: mkdir() failed on /metadata/apex: Read-only file system
<11>[   34.085230] selinux: SELinux:  Could not stat /metadata/apex: No such file or directory.
<11>[   34.093518] selinux: 
<14>[   34.096289] init: Command 'mkdir /metadata/staged-install 0770 root system' action=post-fs (/system/etc/init/hw/init.rc:518) took 0ms and failed: mkdir() failed on /metadata/staged-install: Read-only file system
<14>[   34.115258] init: processing action (post-fs) from (/vendor/etc/init/hw/init.uws6152_1h10_go.rc:13)
<7>[   34.134612] bus: 'i2c': add driver cyttsp5_i2c_adapter
<6>[   34.134753] cyttsp5_device_access_init: Parade TTSP Device Access Driver (Built TTDA.03.08.874312) rc=0
<6>[   34.144386] cyttsp5_loader_init: Parade TTSP FW Loader Driver (Built TTDA.03.08.874312) rc=0
<14>[   34.167248] init: processing action (post-fs) from (/vendor/etc/init/hw/init.common.rc:68)
<7>[   34.365503] bus: 'platform': add driver pvrsrvkm
<7>[   34.365568] bus: 'platform': driver_probe_device: matched device 60000000.gpu with driver pvrsrvkm
<7>[   34.365574] bus: 'platform': really_probe: probing driver pvrsrvkm with device 60000000.gpu
<7>[   34.365588] pvrsrvkm 60000000.gpu: no pinctrl handle
<3>[   34.370280] PVR_K:  211: Read BVNC 22.102.54.38 from HW device registers
<3>[   34.379195] PVR_K:  211: RGX Device initialised with BVNC 22.102.54.38
<4>[   34.386193] pvrsrvkm 60000000.gpu: _opp_add: duplicate OPPs detected. Existing: freq: 384000000, volt: 700000, enabled: 1. New: freq: 384000000, volt: 700000, enabled: 1
<4>[   34.401475] pvrsrvkm 60000000.gpu: _opp_add: duplicate OPPs detected. Existing: freq: 512000000, volt: 750000, enabled: 1. New: freq: 512000000, volt: 750000, enabled: 1
<4>[   34.416792] pvrsrvkm 60000000.gpu: _opp_add: duplicate OPPs detected. Existing: freq: 614400000, volt: 750000, enabled: 1. New: freq: 614400000, volt: 750000, enabled: 1
<4>[   34.432100] pvrsrvkm 60000000.gpu: _opp_add: duplicate OPPs detected. Existing: freq: 768000000, volt: 800000, enabled: 1. New: freq: 768000000, volt: 800000, enabled: 1
<4>[   34.447415] pvrsrvkm 60000000.gpu: _opp_add: duplicate OPPs detected. Existing: freq: 800000000, volt: 800000, enabled: 1. New: freq: 800000000, volt: 800000, enabled: 1
<6>[   34.462733] pvrsrvkm 60000000.gpu: opp[1/5]: (384000000 Hz, 700000 uV)
<6>[   34.469478] pvrsrvkm 60000000.gpu: opp[2/5]: (512000000 Hz, 750000 uV)
<6>[   34.476228] pvrsrvkm 60000000.gpu: opp[3/5]: (614400000 Hz, 750000 uV)
<6>[   34.482977] pvrsrvkm 60000000.gpu: opp[4/5]: (768000000 Hz, 800000 uV)
<6>[   34.489742] pvrsrvkm 60000000.gpu: opp[5/5]: (800000000 Hz, 800000 uV)
<7>[   34.496477] device: '60000000.gpu': device_add
<7>[   34.496522] PM: Adding info for No Bus:60000000.gpu
<7>[   34.496616] device: 'pvr_sync': device_add
<7>[   34.496632] PM: Adding info for No Bus:pvr_sync
<7>[   34.497387] device: 'renderD128': device_add
<7>[   34.497413] PM: Adding info for No Bus:renderD128
<7>[   34.497669] device: 'card1': device_add
<7>[   34.497723] PM: Adding info for No Bus:card1
<6>[   34.497943] [drm] Initialized pvr 1.10.5307123 20170530 for 60000000.gpu on minor 1
<7>[   34.505886] driver: 'pvrsrvkm': driver_bound: bound to device '60000000.gpu'
<7>[   34.505908] PM: Moving platform:charger-manager to end of list
<7>[   34.505914] platform charger-manager: Retrying from deferred list
<7>[   34.506060] bus: 'platform': driver_probe_device: matched device charger-manager with driver charger-manager
<7>[   34.506065] bus: 'platform': really_probe: probing driver charger-manager with device charger-manager
<7>[   34.506079] charger-manager charger-manager: no pinctrl handle
<6>[   34.506236] charger-manager charger-manager: Ignoring full-battery soc(state of charge) threshold as it is not supplied
<7>[   34.514781] bus: 'platform': really_probe: bound device 60000000.gpu to driver pvrsrvkm
<3>[   34.517223] charger-manager charger-manager: Cannot find power supply "eta6947_charger"
<7>[   34.517847] Registering platform device 'rgxnohw.1.auto'. Parent at platform
<7>[   34.525437] platform charger-manager: Driver charger-manager requests probe deferral
<7>[   34.525441] platform charger-manager: Added to deferred list
<7>[   34.525472] PM: Moving platform:sprd_backlight to end of list
<7>[   34.525476] platform sprd_backlight: Retrying from deferred list
<7>[   34.525506] device: 'rgxnohw.1.auto': device_add
<7>[   34.525509] bus: 'platform': driver_probe_device: matched device sprd_backlight with driver pwm-backlight
<7>[   34.525513] bus: 'platform': really_probe: probing driver pwm-backlight with device sprd_backlight
<7>[   34.525521] pwm-backlight sprd_backlight: no pinctrl handle
<7>[   34.525528] bus: 'platform': add device rgxnohw.1.auto
<4>[   34.525571] pwm-backlight sprd_backlight: sprd_backlight supply power not found, using dummy regulator
<7>[   34.525578] PM: Adding info for platform:rgxnohw.1.auto
<7>[   34.535243] bus: 'platform': driver_probe_device: matched device rgxnohw.1.auto with driver pvrsrvkm
<7>[   34.535286] bus: 'platform': really_probe: probing driver pvrsrvkm with device rgxnohw.1.auto
<7>[   34.535295] pvrsrvkm rgxnohw.1.auto: no default pinctrl state
<7>[   34.535384] platform sprd_backlight: Driver pwm-backlight requests probe deferral
<7>[   34.535386] platform sprd_backlight: Added to deferred list
<3>[   34.535899] PVR_K:(Error):   211: PVRSRVDeviceCreate: Failed to get device config (PVRSRV_ERROR_INVALID_DEVICE)
<3>[   34.546371] [drm:pvr_drm_load [pvrsrvkm]] *ERROR* failed to create device node for device ffffffc0f4cfa810 (PVRSRV_ERROR_INVALID_DEVICE)
<7>[   34.559198] pvrsrvkm: probe of rgxnohw.1.auto rejects match -19
<14>[   34.559601] init: Command 'insmod vendor/lib/modules/pvrsrvkm.ko' action=post-fs (/vendor/etc/init/hw/init.common.rc:69) took 383ms and succeeded
<14>[   34.574294] init: Command 'chown system system /vendor/productinfo' action=post-fs (/vendor/etc/init/hw/init.common.rc:78) took 0ms and failed: lchown() failed: Read-only file system
<14>[   34.591178] init: Command 'chmod 0771 /vendor/productinfo' action=post-fs (/vendor/etc/init/hw/init.common.rc:79) took 0ms and failed: fchmodat() failed: Read-only file system
<14>[   34.608288] init: Command 'chown system system /vendor/customer' action=post-fs (/vendor/etc/init/hw/init.common.rc:85) took 0ms and failed: lchown() failed: Read-only file system
<14>[   34.624747] init: Command 'chmod 0771 /vendor/customer' action=post-fs (/vendor/etc/init/hw/init.common.rc:86) took 0ms and failed: fchmodat() failed: Read-only file system
<14>[   34.644671] init: processing action (post-fs) from (/system/etc/init/atrace_userdebug.rc:7)
<14>[   34.653668] init: processing action (post-fs) from (/system/etc/init/gsid.rc:8)
<14>[   34.661604] init: Command 'mkdir /metadata/gsi 0771 root system' action=post-fs (/system/etc/init/gsid.rc:9) took 0ms and failed: mkdir() failed on /metadata/gsi: Read-only file system
<14>[   34.678799] init: processing action (post-fs) from (/system/etc/init/recovery-refresh.rc:1)
<14>[   34.687641] init: starting service 'exec 3 (/system/bin/recovery-refresh)'...
<14>[   34.696692] init: processing action (post-fs) from (/system/etc/init/twrp.rc:1)
<6>[   34.696947] KernelSU: mark no sucompat checks for pid: '265', exec: '/system/bin/recovery-refresh'
<14>[   34.704646] init: starting service 'exec 4 (/system/bin/vndk-detect)'...
<14>[   34.723186] init: SVC_EXEC service 'exec 4 (/system/bin/vndk-detect)' pid 266 (uid 0 gid 0+0 context default) started; waiting...
<6>[   34.723580] KernelSU: mark no sucompat checks for pid: '266', exec: '/system/bin/vndk-detect'
<14>[   34.738645] init: Service 'exec 3 (/system/bin/recovery-refresh)' (pid 265) exited with status 254 oneshot service took 0.042000 seconds in background
<14>[   34.885371] init: Service 'exec 4 (/system/bin/vndk-detect)' (pid 266) exited with status 0 waiting took 0.162000 seconds
<14>[   34.896822] init: starting service 'exec 5 (/system/bin/twrp.sh)'...
<14>[   34.904967] init: SVC_EXEC service 'exec 5 (/system/bin/twrp.sh)' pid 279 (uid 0 gid 0+0 context u:r:phhsu_daemon:s0) started; waiting...
<6>[   34.905632] KernelSU: mark no sucompat checks for pid: '279', exec: '/system/bin/twrp.sh'
<14>[   34.935958] init: Service 'exec 5 (/system/bin/twrp.sh)' (pid 279) exited with status 0 waiting took 0.031000 seconds
<14>[   34.947076] init: processing action (post-fs) from (/system/etc/init/vndk.rc:1)
<14>[   34.955041] init: starting service 'exec 6 (/system/bin/vndk-detect)'...
<6>[   34.963575] KernelSU: mark no sucompat checks for pid: '280', exec: '/system/bin/vndk-detect'
<14>[   34.963799] init: SVC_EXEC service 'exec 6 (/system/bin/vndk-detect)' pid 280 (uid 0 gid 0+0 context default) started; waiting...
<14>[   35.097937] init: Service 'exec 6 (/system/bin/vndk-detect)' (pid 280) exited with status 0 waiting took 0.134000 seconds
<14>[   35.109737] init: starting service 'exec 7 (/system/bin/rw-system.sh)'...
<14>[   35.118374] init: SVC_EXEC service 'exec 7 (/system/bin/rw-system.sh)' pid 293 (uid 0 gid 0+0 context default) started; waiting...
<6>[   35.118635] KernelSU: mark no sucompat checks for pid: '293', exec: '/system/bin/rw-system.sh'
<4>[   35.384983] EXT4-fs (mmcblk0p33): warning: mounting unchecked fs, running e2fsck is recommended
<6>[   35.394714] EXT4-fs (mmcblk0p33): re-mounted. Opts: block_validity,delalloc,barrier,user_xattr
<12>[   35.404464] init: DM_DEV_STATUS failed for system: No such device or address
<12>[   35.411855] init: DM_DEV_STATUS failed for vroot: No such device or address
<14>[   35.419799] init: Skip mounting partition: /product
<12>[   35.425788] init: DM_DEV_STATUS failed for system: No such device or address
<12>[   35.433051] init: DM_DEV_STATUS failed for vroot: No such device or address
<14>[   35.440841] init: Skip mounting partition: /product
<12>[   35.446406] init: DM_DEV_STATUS failed for system: No such device or address
<12>[   35.453657] init: DM_DEV_STATUS failed for vroot: No such device or address
<14>[   35.461480] init: Skip mounting partition: /product
<12>[   35.467045] init: DM_DEV_STATUS failed for system: No such device or address
<12>[   35.474285] init: DM_DEV_STATUS failed for vroot: No such device or address
<14>[   35.482035] init: Skip mounting partition: /product
<12>[   35.487674] init: DM_DEV_STATUS failed for system: No such device or address
<12>[   35.494941] init: DM_DEV_STATUS failed for vroot: No such device or address
<14>[   35.502705] init: Skip mounting partition: /product
<12>[   35.508213] init: DM_DEV_STATUS failed for system: No such device or address
<12>[   35.515459] init: DM_DEV_STATUS failed for vroot: No such device or address
<14>[   35.523257] init: Skip mounting partition: /product
<12>[   35.528831] init: DM_DEV_STATUS failed for system: No such device or address
<12>[   35.536099] init: DM_DEV_STATUS failed for vroot: No such device or address
<38>[   35.544656] type=1400 audit(1786020965.135:20): avc: denied { ioctl } for comm="resize2fs" path="/dev/tmp-phh" dev="tmpfs" ino=11758 ioctlcmd=0x127c scontext=u:r:phhsu_daemon:s0 tcontext=u:object_r:device:s0 tclass=blk_file permissive=1
<14>[   35.544724] init: Skip mounting partition: /product
<12>[   35.571637] init: DM_DEV_STATUS failed for system: No such device or address
<12>[   35.578913] init: DM_DEV_STATUS failed for vroot: No such device or address
<14>[   35.586764] init: Skip mounting partition: /product
<12>[   35.592280] init: DM_DEV_STATUS failed for system: No such device or address
<12>[   35.599528] init: DM_DEV_STATUS failed for vroot: No such device or address
<14>[   35.607430] init: Skip mounting partition: /product
<6>[   35.612744] EXT4-fs (mmcblk0p33): re-mounted. Opts: block_validity,delalloc,barrier,user_xattr
<12>[   35.614701] init: DM_DEV_STATUS failed for system: No such device or address
<12>[   35.628955] init: DM_DEV_STATUS failed for vroot: No such device or address
<14>[   35.636743] init: Skip mounting partition: /product
<12>[   35.642312] init: DM_DEV_STATUS failed for system: No such device or address
<12>[   35.649560] init: DM_DEV_STATUS failed for vroot: No such device or address
<14>[   35.657362] init: Skip mounting partition: /product
<12>[   35.662896] init: DM_DEV_STATUS failed for system: No such device or address
<12>[   35.670175] init: DM_DEV_STATUS failed for vroot: No such device or address
<14>[   35.677774] init: Skip mounting partition: /product
<12>[   35.683462] init: DM_DEV_STATUS failed for system: No such device or address
<12>[   35.690736] init: DM_DEV_STATUS failed for vroot: No such device or address
<14>[   35.698365] init: Skip mounting partition: /product
<12>[   35.703819] init: DM_DEV_STATUS failed for system: No such device or address
<12>[   35.711145] init: DM_DEV_STATUS failed for vroot: No such device or address
<14>[   35.718955] init: Skip mounting partition: /product
<12>[   35.724437] init: DM_DEV_STATUS failed for system: No such device or address
<12>[   35.731666] init: DM_DEV_STATUS failed for vroot: No such device or address
<14>[   35.739352] init: Skip mounting partition: /product
<12>[   35.744946] init: DM_DEV_STATUS failed for system: No such device or address
<12>[   35.752218] init: DM_DEV_STATUS failed for vroot: No such device or address
<14>[   35.760018] init: Skip mounting partition: /product
<12>[   35.765603] init: DM_DEV_STATUS failed for system: No such device or address
<12>[   35.772900] init: DM_DEV_STATUS failed for vroot: No such device or address
<14>[   35.780648] init: Skip mounting partition: /product
<12>[   35.786236] init: DM_DEV_STATUS failed for system: No such device or address
<12>[   35.793543] init: DM_DEV_STATUS failed for vroot: No such device or address
<14>[   35.801208] init: Skip mounting partition: /product
<12>[   35.806749] init: DM_DEV_STATUS failed for system: No such device or address
<12>[   35.814294] init: DM_DEV_STATUS failed for vroot: No such device or address
<14>[   35.821980] init: Skip mounting partition: /product
<12>[   35.827578] init: DM_DEV_STATUS failed for system: No such device or address
<12>[   35.834880] init: DM_DEV_STATUS failed for vroot: No such device or address
<14>[   35.843082] init: Skip mounting partition: /product
<12>[   35.848643] init: DM_DEV_STATUS failed for system: No such device or address
<12>[   35.855885] init: DM_DEV_STATUS failed for vroot: No such device or address
<14>[   35.863693] init: Skip mounting partition: /product
<12>[   35.869209] init: DM_DEV_STATUS failed for system: No such device or address
<12>[   35.876458] init: DM_DEV_STATUS failed for vroot: No such device or address
<14>[   35.884241] init: Skip mounting partition: /product
<12>[   35.889772] init: DM_DEV_STATUS failed for system: No such device or address
<12>[   35.897042] init: DM_DEV_STATUS failed for vroot: No such device or address
<14>[   35.904814] init: Skip mounting partition: /product
<12>[   35.910360] init: DM_DEV_STATUS failed for system: No such device or address
<12>[   35.917606] init: DM_DEV_STATUS failed for vroot: No such device or address
<14>[   35.925844] init: Skip mounting partition: /product
<12>[   35.931430] init: DM_DEV_STATUS failed for system: No such device or address
<12>[   35.938732] init: DM_DEV_STATUS failed for vroot: No such device or address
<14>[   35.946499] init: Skip mounting partition: /product
<12>[   35.952428] init: DM_DEV_STATUS failed for system: No such device or address
<12>[   35.959675] init: DM_DEV_STATUS failed for vroot: No such device or address
<14>[   35.967489] init: Skip mounting partition: /product
<12>[   35.973175] init: DM_DEV_STATUS failed for system: No such device or address
<12>[   35.980437] init: DM_DEV_STATUS failed for vroot: No such device or address
<14>[   35.988216] init: Skip mounting partition: /product
<12>[   35.993772] init: DM_DEV_STATUS failed for system: No such device or address
<12>[   36.001025] init: DM_DEV_STATUS failed for vroot: No such device or address
<14>[   36.008803] init: Skip mounting partition: /product
<12>[   36.014357] init: DM_DEV_STATUS failed for system: No such device or address
<12>[   36.021624] init: DM_DEV_STATUS failed for vroot: No such device or address
<14>[   36.029218] init: Skip mounting partition: /product
<12>[   36.034868] init: DM_DEV_STATUS failed for system: No such device or address
<12>[   36.042174] init: DM_DEV_STATUS failed for vroot: No such device or address
<14>[   36.049777] init: Skip mounting partition: /product
<12>[   36.055276] init: DM_DEV_STATUS failed for system: No such device or address
<12>[   36.062570] init: DM_DEV_STATUS failed for vroot: No such device or address
<14>[   36.070290] init: Skip mounting partition: /product
<12>[   36.075847] init: DM_DEV_STATUS failed for system: No such device or address
<12>[   36.083076] init: DM_DEV_STATUS failed for vroot: No such device or address
<14>[   36.090757] init: Skip mounting partition: /product
<12>[   36.096385] init: DM_DEV_STATUS failed for system: No such device or address
<12>[   36.103658] init: DM_DEV_STATUS failed for vroot: No such device or address
<14>[   36.111455] init: Skip mounting partition: /product
<12>[   36.116937] init: DM_DEV_STATUS failed for system: No such device or address
<12>[   36.124178] init: DM_DEV_STATUS failed for vroot: No such device or address
<14>[   36.132018] init: Skip mounting partition: /product
<12>[   36.137493] init: DM_DEV_STATUS failed for system: No such device or address
<12>[   36.144732] init: DM_DEV_STATUS failed for vroot: No such device or address
<14>[   36.152484] init: Skip mounting partition: /product
<12>[   36.158118] init: DM_DEV_STATUS failed for system: No such device or address
<12>[   36.165381] init: DM_DEV_STATUS failed for vroot: No such device or address
<14>[   36.173165] init: Skip mounting partition: /product
<12>[   36.178699] init: DM_DEV_STATUS failed for system: No such device or address
<12>[   36.185971] init: DM_DEV_STATUS failed for vroot: No such device or address
<14>[   36.193579] init: Skip mounting partition: /product
<12>[   36.199235] init: DM_DEV_STATUS failed for system: No such device or address
<12>[   36.206525] init: DM_DEV_STATUS failed for vroot: No such device or address
<14>[   36.214205] init: Skip mounting partition: /product
<12>[   36.219679] init: DM_DEV_STATUS failed for system: No such device or address
<12>[   36.226992] init: DM_DEV_STATUS failed for vroot: No such device or address
<14>[   36.234753] init: Skip mounting partition: /product
<12>[   36.240256] init: DM_DEV_STATUS failed for system: No such device or address
<12>[   36.247502] init: DM_DEV_STATUS failed for vroot: No such device or address
<14>[   36.255260] init: Skip mounting partition: /product
<12>[   36.260742] init: DM_DEV_STATUS failed for system: No such device or address
<12>[   36.268056] init: DM_DEV_STATUS failed for vroot: No such device or address
<14>[   36.275803] init: Skip mounting partition: /product
<12>[   36.281324] init: DM_DEV_STATUS failed for system: No such device or address
<12>[   36.288588] init: DM_DEV_STATUS failed for vroot: No such device or address
<14>[   36.296388] init: Skip mounting partition: /product
<12>[   36.301884] init: DM_DEV_STATUS failed for system: No such device or address
<12>[   36.309149] init: DM_DEV_STATUS failed for vroot: No such device or address
<14>[   36.316950] init: Skip mounting partition: /product
<12>[   36.322466] init: DM_DEV_STATUS failed for system: No such device or address
<12>[   36.329715] init: DM_DEV_STATUS failed for vroot: No such device or address
<14>[   36.337491] init: Skip mounting partition: /product
<12>[   36.343101] init: DM_DEV_STATUS failed for system: No such device or address
<12>[   36.350341] init: DM_DEV_STATUS failed for vroot: No such device or address
<14>[   36.358089] init: Skip mounting partition: /product
<12>[   36.363600] init: DM_DEV_STATUS failed for system: No such device or address
<12>[   36.370882] init: DM_DEV_STATUS failed for vroot: No such device or address
<14>[   36.378565] init: Skip mounting partition: /product
<12>[   36.384033] init: DM_DEV_STATUS failed for system: No such device or address
<12>[   36.391300] init: DM_DEV_STATUS failed for vroot: No such device or address
<14>[   36.398956] init: Skip mounting partition: /product
<12>[   36.404566] init: DM_DEV_STATUS failed for system: No such device or address
<12>[   36.411815] init: DM_DEV_STATUS failed for vroot: No such device or address
<14>[   36.419652] init: Skip mounting partition: /product
<12>[   36.425175] init: DM_DEV_STATUS failed for system: No such device or address
<12>[   36.432420] init: DM_DEV_STATUS failed for vroot: No such device or address
<14>[   36.440176] init: Skip mounting partition: /product
<12>[   36.445719] init: DM_DEV_STATUS failed for system: No such device or address
<12>[   36.452995] init: DM_DEV_STATUS failed for vroot: No such device or address
<14>[   36.460748] init: Skip mounting partition: /product
<12>[   36.466782] init: DM_DEV_STATUS failed for system: No such device or address
<12>[   36.474046] init: DM_DEV_STATUS failed for vroot: No such device or address
<14>[   36.481912] init: Skip mounting partition: /product
<12>[   36.487552] init: DM_DEV_STATUS failed for system: No such device or address
<12>[   36.494793] init: DM_DEV_STATUS failed for vroot: No such device or address
<14>[   36.502433] init: Skip mounting partition: /product
<12>[   36.507907] init: DM_DEV_STATUS failed for system: No such device or address
<12>[   36.515185] init: DM_DEV_STATUS failed for vroot: No such device or address
<14>[   36.522830] init: Skip mounting partition: /product
<12>[   36.528300] init: DM_DEV_STATUS failed for system: No such device or address
<12>[   36.535553] init: DM_DEV_STATUS failed for vroot: No such device or address
<14>[   36.543209] init: Skip mounting partition: /product
<12>[   36.548756] init: DM_DEV_STATUS failed for system: No such device or address
<12>[   36.556023] init: DM_DEV_STATUS failed for vroot: No such device or address
<14>[   36.563680] init: Skip mounting partition: /product
<12>[   36.569208] init: DM_DEV_STATUS failed for system: No such device or address
<12>[   36.576477] init: DM_DEV_STATUS failed for vroot: No such device or address
<14>[   36.584156] init: Skip mounting partition: /product
<12>[   36.589782] init: DM_DEV_STATUS failed for system: No such device or address
<12>[   36.597035] init: DM_DEV_STATUS failed for vroot: No such device or address
<14>[   36.604799] init: Skip mounting partition: /product
<12>[   36.610353] init: DM_DEV_STATUS failed for system: No such device or address
<12>[   36.617625] init: DM_DEV_STATUS failed for vroot: No such device or address
<14>[   36.625217] init: Skip mounting partition: /product
<12>[   36.630786] init: DM_DEV_STATUS failed for system: No such device or address
<12>[   36.638074] init: DM_DEV_STATUS failed for vroot: No such device or address
<14>[   36.645798] init: Skip mounting partition: /product
<12>[   36.651268] init: DM_DEV_STATUS failed for system: No such device or address
<12>[   36.658537] init: DM_DEV_STATUS failed for vroot: No such device or address
<14>[   36.666322] init: Skip mounting partition: /product
<12>[   36.671862] init: DM_DEV_STATUS failed for system: No such device or address
<12>[   36.679137] init: DM_DEV_STATUS failed for vroot: No such device or address
<14>[   36.686900] init: Skip mounting partition: /product
<12>[   36.692442] init: DM_DEV_STATUS failed for system: No such device or address
<12>[   36.699714] init: DM_DEV_STATUS failed for vroot: No such device or address
<14>[   36.707386] init: Skip mounting partition: /product
<12>[   36.712974] init: DM_DEV_STATUS failed for system: No such device or address
<12>[   36.720214] init: DM_DEV_STATUS failed for vroot: No such device or address
<14>[   36.727963] init: Skip mounting partition: /product
<12>[   36.733461] init: DM_DEV_STATUS failed for system: No such device or address
<12>[   36.740701] init: DM_DEV_STATUS failed for vroot: No such device or address
<14>[   36.748430] init: Skip mounting partition: /product
<12>[   36.753934] init: DM_DEV_STATUS failed for system: No such device or address
<12>[   36.761169] init: DM_DEV_STATUS failed for vroot: No such device or address
<14>[   36.768887] init: Skip mounting partition: /product
<12>[   36.774403] init: DM_DEV_STATUS failed for system: No such device or address
<12>[   36.781665] init: DM_DEV_STATUS failed for vroot: No such device or address
<14>[   36.789254] init: Skip mounting partition: /product
<12>[   36.794895] init: DM_DEV_STATUS failed for system: No such device or address
<12>[   36.802183] init: DM_DEV_STATUS failed for vroot: No such device or address
<14>[   36.809804] init: Skip mounting partition: /product
<12>[   36.815252] init: DM_DEV_STATUS failed for system: No such device or address
<12>[   36.822547] init: DM_DEV_STATUS failed for vroot: No such device or address
<14>[   36.830274] init: Skip mounting partition: /product
<12>[   36.835865] init: DM_DEV_STATUS failed for system: No such device or address
<12>[   36.843094] init: DM_DEV_STATUS failed for vroot: No such device or address
<14>[   36.850877] init: Skip mounting partition: /product
<12>[   36.856492] init: DM_DEV_STATUS failed for system: No such device or address
<12>[   36.863746] init: DM_DEV_STATUS failed for vroot: No such device or address
<14>[   36.871450] init: Skip mounting partition: /product
<12>[   36.877051] init: DM_DEV_STATUS failed for system: No such device or address
<12>[   36.884310] init: DM_DEV_STATUS failed for vroot: No such device or address
<14>[   36.892076] init: Skip mounting partition: /product
<12>[   36.897608] init: DM_DEV_STATUS failed for system: No such device or address
<12>[   36.904861] init: DM_DEV_STATUS failed for vroot: No such device or address
<14>[   36.912596] init: Skip mounting partition: /product
<12>[   36.918135] init: DM_DEV_STATUS failed for system: No such device or address
<12>[   36.925385] init: DM_DEV_STATUS failed for vroot: No such device or address
<14>[   36.933120] init: Skip mounting partition: /product
<12>[   36.938665] init: DM_DEV_STATUS failed for system: No such device or address
<12>[   36.945913] init: DM_DEV_STATUS failed for vroot: No such device or address
<14>[   36.953529] init: Skip mounting partition: /product
<12>[   36.959388] init: DM_DEV_STATUS failed for system: No such device or address
<12>[   36.966861] init: DM_DEV_STATUS failed for vroot: No such device or address
<14>[   36.974688] init: Skip mounting partition: /product
<12>[   36.980661] init: DM_DEV_STATUS failed for system: No such device or address
<12>[   36.987912] init: DM_DEV_STATUS failed for vroot: No such device or address
<14>[   36.995715] init: Skip mounting partition: /product
<12>[   37.001367] init: DM_DEV_STATUS failed for system: No such device or address
<12>[   37.008637] init: DM_DEV_STATUS failed for vroot: No such device or address
<14>[   37.016414] init: Skip mounting partition: /product
<12>[   37.022004] init: DM_DEV_STATUS failed for system: No such device or address
<12>[   37.029258] init: DM_DEV_STATUS failed for vroot: No such device or address
<14>[   37.037005] init: Skip mounting partition: /product
<12>[   37.042590] init: DM_DEV_STATUS failed for system: No such device or address
<12>[   37.049846] init: DM_DEV_STATUS failed for vroot: No such device or address
<14>[   37.057464] init: Skip mounting partition: /product
<12>[   37.063131] init: DM_DEV_STATUS failed for system: No such device or address
<12>[   37.070419] init: DM_DEV_STATUS failed for vroot: No such device or address
<14>[   37.078055] init: Skip mounting partition: /product
<12>[   37.083523] init: DM_DEV_STATUS failed for system: No such device or address
<12>[   37.090797] init: DM_DEV_STATUS failed for vroot: No such device or address
<14>[   37.098596] init: Skip mounting partition: /product
<12>[   37.104081] init: DM_DEV_STATUS failed for system: No such device or address
<12>[   37.111325] init: DM_DEV_STATUS failed for vroot: No such device or address
<14>[   37.119098] init: Skip mounting partition: /product
<12>[   37.124633] init: DM_DEV_STATUS failed for system: No such device or address
<12>[   37.131907] init: DM_DEV_STATUS failed for vroot: No such device or address
<14>[   37.139653] init: Skip mounting partition: /product
<12>[   37.145208] init: DM_DEV_STATUS failed for system: No such device or address
<12>[   37.152477] init: DM_DEV_STATUS failed for vroot: No such device or address
<14>[   37.160215] init: Skip mounting partition: /product
<12>[   37.165768] init: DM_DEV_STATUS failed for system: No such device or address
<12>[   37.173023] init: DM_DEV_STATUS failed for vroot: No such device or address
<14>[   37.180773] init: Skip mounting partition: /product
<12>[   37.186404] init: DM_DEV_STATUS failed for system: No such device or address
<12>[   37.193663] init: DM_DEV_STATUS failed for vroot: No such device or address
<14>[   37.201276] init: Skip mounting partition: /product
<12>[   37.206894] init: DM_DEV_STATUS failed for system: No such device or address
<12>[   37.214174] init: DM_DEV_STATUS failed for vroot: No such device or address
<14>[   37.221824] init: Skip mounting partition: /product
<12>[   37.227377] init: DM_DEV_STATUS failed for system: No such device or address
<12>[   37.234645] init: DM_DEV_STATUS failed for vroot: No such device or address
<14>[   37.242377] init: Skip mounting partition: /product
<12>[   37.247903] init: DM_DEV_STATUS failed for system: No such device or address
<12>[   37.255142] init: DM_DEV_STATUS failed for vroot: No such device or address
<14>[   37.262924] init: Skip mounting partition: /product
<12>[   37.268441] init: DM_DEV_STATUS failed for system: No such device or address
<12>[   37.275694] init: DM_DEV_STATUS failed for vroot: No such device or address
<14>[   37.283431] init: Skip mounting partition: /product
<12>[   37.288975] init: DM_DEV_STATUS failed for system: No such device or address
<12>[   37.296227] init: DM_DEV_STATUS failed for vroot: No such device or address
<14>[   37.303987] init: Skip mounting partition: /product
<12>[   37.309533] init: DM_DEV_STATUS failed for system: No such device or address
<12>[   37.316795] init: DM_DEV_STATUS failed for vroot: No such device or address
<14>[   37.324559] init: Skip mounting partition: /product
<12>[   37.330143] init: DM_DEV_STATUS failed for system: No such device or address
<12>[   37.337400] init: DM_DEV_STATUS failed for vroot: No such device or address
<14>[   37.345156] init: Skip mounting partition: /product
<12>[   37.350734] init: DM_DEV_STATUS failed for system: No such device or address
<12>[   37.358034] init: DM_DEV_STATUS failed for vroot: No such device or address
<14>[   37.365648] init: Skip mounting partition: /product
<12>[   37.371325] init: DM_DEV_STATUS failed for system: No such device or address
<12>[   37.378630] init: DM_DEV_STATUS failed for vroot: No such device or address
<14>[   37.386271] init: Skip mounting partition: /product
<12>[   37.391747] init: DM_DEV_STATUS failed for system: No such device or address
<12>[   37.399021] init: DM_DEV_STATUS failed for vroot: No such device or address
<14>[   37.406757] init: Skip mounting partition: /product
<12>[   37.412236] init: DM_DEV_STATUS failed for system: No such device or address
<12>[   37.419512] init: DM_DEV_STATUS failed for vroot: No such device or address
<14>[   37.427262] init: Skip mounting partition: /product
<12>[   37.432806] init: DM_DEV_STATUS failed for system: No such device or address
<12>[   37.440059] init: DM_DEV_STATUS failed for vroot: No such device or address
<14>[   37.447815] init: Skip mounting partition: /product
<12>[   37.453374] init: DM_DEV_STATUS failed for system: No such device or address
<12>[   37.460612] init: DM_DEV_STATUS failed for vroot: No such device or address
<14>[   37.468432] init: Skip mounting partition: /product
<12>[   37.473969] init: DM_DEV_STATUS failed for system: No such device or address
<12>[   37.481217] init: DM_DEV_STATUS failed for vroot: No such device or address
<14>[   37.488991] init: Skip mounting partition: /product
<14>[   38.781387] init: Control message: Processed ctl.stop for 'console' from pid: 494 (setprop ctl.stop console)
<38>[   38.806903] type=1400 audit(1786020968.395:21): avc: denied { syslog_console } for comm="dmesg" scontext=u:r:phhsu_daemon:s0 tcontext=u:r:kernel:s0 tclass=system permissive=1
<11>[   38.827695] init: Unable to set property 'ro.product.first_api_level' from uid:0 gid:0 pid:496: Read-only property was already set
<14>[   40.198985] init: Service 'exec 7 (/system/bin/rw-system.sh)' (pid 293) exited with status 0 waiting took 5.081000 seconds
<12>[   40.201460] init: DM_DEV_STATUS failed for system: No such device or address
<12>[   40.201475] init: DM_DEV_STATUS failed for vroot: No such device or address
<14>[   40.202065] init: Skip mounting partition: /product
<12>[   40.202643] init: DM_DEV_STATUS failed for system: No such device or address
<12>[   40.202655] init: DM_DEV_STATUS failed for vroot: No such device or address
<14>[   40.203113] init: Skip mounting partition: /product
<12>[   40.203483] init: DM_DEV_STATUS failed for system: No such device or address
<12>[   40.203495] init: DM_DEV_STATUS failed for vroot: No such device or address
<14>[   40.203946] init: Skip mounting partition: /product
<12>[   40.204300] init: DM_DEV_STATUS failed for system: No such device or address
<12>[   40.204312] init: DM_DEV_STATUS failed for vroot: No such device or address
<14>[   40.204727] init: Skip mounting partition: /product
<12>[   40.205073] init: DM_DEV_STATUS failed for system: No such device or address
<12>[   40.205084] init: DM_DEV_STATUS failed for vroot: No such device or address
<14>[   40.205497] init: Skip mounting partition: /product
<12>[   40.205822] init: DM_DEV_STATUS failed for system: No such device or address
<12>[   40.205837] init: DM_DEV_STATUS failed for vroot: No such device or address
<14>[   40.206331] init: Skip mounting partition: /product
<12>[   40.206660] init: DM_DEV_STATUS failed for system: No such device or address
<12>[   40.206672] init: DM_DEV_STATUS failed for vroot: No such device or address
<14>[   40.207110] init: Skip mounting partition: /product
<12>[   40.207423] init: DM_DEV_STATUS failed for system: No such device or address
<12>[   40.207434] init: DM_DEV_STATUS failed for vroot: No such device or address
<14>[   40.207836] init: Skip mounting partition: /product
<12>[   40.208143] init: DM_DEV_STATUS failed for system: No such device or address
<12>[   40.208154] init: DM_DEV_STATUS failed for vroot: No such device or address
<14>[   40.208560] init: Skip mounting partition: /product
<12>[   40.208873] init: DM_DEV_STATUS failed for system: No such device or address
<12>[   40.208885] init: DM_DEV_STATUS failed for vroot: No such device or address
<14>[   40.209290] init: Skip mounting partition: /product
<12>[   40.209659] init: DM_DEV_STATUS failed for system: No such device or address
<12>[   40.209670] init: DM_DEV_STATUS failed for vroot: No such device or address
<14>[   40.210206] init: Skip mounting partition: /product
<12>[   40.210543] init: DM_DEV_STATUS failed for system: No such device or address
<12>[   40.210555] init: DM_DEV_STATUS failed for vroot: No such device or address
<14>[   40.210951] init: Skip mounting partition: /product
<12>[   40.211278] init: DM_DEV_STATUS failed for system: No such device or address
<12>[   40.211290] init: DM_DEV_STATUS failed for vroot: No such device or address
<14>[   40.211718] init: Skip mounting partition: /product
<12>[   40.212039] init: DM_DEV_STATUS failed for system: No such device or address
<12>[   40.212051] init: DM_DEV_STATUS failed for vroot: No such device or address
<14>[   40.212480] init: Skip mounting partition: /product
<12>[   40.212786] init: DM_DEV_STATUS failed for system: No such device or address
<12>[   40.212800] init: DM_DEV_STATUS failed for vroot: No such device or address
<14>[   40.213231] init: Skip mounting partition: /product
<12>[   40.213543] init: DM_DEV_STATUS failed for system: No such device or address
<12>[   40.213555] init: DM_DEV_STATUS failed for vroot: No such device or address
<14>[   40.214158] init: Skip mounting partition: /product
<12>[   40.214594] init: DM_DEV_STATUS failed for system: No such device or address
<12>[   40.214608] init: DM_DEV_STATUS failed for vroot: No such device or address
<14>[   40.215084] init: Skip mounting partition: /product
<12>[   40.215411] init: DM_DEV_STATUS failed for system: No such device or address
<12>[   40.215423] init: DM_DEV_STATUS failed for vroot: No such device or address
<14>[   40.215844] init: Skip mounting partition: /product
<12>[   40.216158] init: DM_DEV_STATUS failed for system: No such device or address
<12>[   40.216169] init: DM_DEV_STATUS failed for vroot: No such device or address
<14>[   40.216580] init: Skip mounting partition: /product
<12>[   40.216964] init: DM_DEV_STATUS failed for system: No such device or address
<12>[   40.216975] init: DM_DEV_STATUS failed for vroot: No such device or address
<14>[   40.217388] init: Skip mounting partition: /product
<12>[   40.217712] init: DM_DEV_STATUS failed for system: No such device or address
<12>[   40.217724] init: DM_DEV_STATUS failed for vroot: No such device or address
<14>[   40.218157] init: Skip mounting partition: /product
<12>[   40.218483] init: DM_DEV_STATUS failed for system: No such device or address
<12>[   40.218494] init: DM_DEV_STATUS failed for vroot: No such device or address
<14>[   40.218898] init: Skip mounting partition: /product
<12>[   40.219218] init: DM_DEV_STATUS failed for system: No such device or address
<12>[   40.219229] init: DM_DEV_STATUS failed for vroot: No such device or address
<14>[   40.219628] init: Skip mounting partition: /product
<12>[   40.219937] init: DM_DEV_STATUS failed for system: No such device or address
<12>[   40.219948] init: DM_DEV_STATUS failed for vroot: No such device or address
<14>[   40.220362] init: Skip mounting partition: /product
<12>[   40.220677] init: DM_DEV_STATUS failed for system: No such device or address
<12>[   40.220689] init: DM_DEV_STATUS failed for vroot: No such device or address
<14>[   40.221096] init: Skip mounting partition: /product
<12>[   40.221752] init: DM_DEV_STATUS failed for system: No such device or address
<12>[   40.221764] init: DM_DEV_STATUS failed for vroot: No such device or address
<14>[   40.222412] init: Skip mounting partition: /product
<14>[   40.222810] init: Command 'setprop ro.vndk.version ${persist.sys.vndk}' action=post-fs (/system/etc/init/vndk.rc:5) took 0ms and failed: property 'persist.sys.vndk' doesn't exist while expanding '${persist.sys.vndk}'
<14>[   40.222859] init: processing action (post-fs) from (/vendor/etc/init/init.vibdrv.rc:1)
<14>[   40.223232] init: Command 'insmod /vendor/lib/modules/sc27xx-vibra.ko' action=post-fs (/vendor/etc/init/init.vibdrv.rc:2) took 0ms and failed: open("/vendor/lib/modules/sc27xx-vibra.ko") failed: No such file or directory
<14>[   40.223316] init: processing action (late-fs) from (/system/etc/init/hw/init.rc:519)
<14>[   40.223756] init: starting service 'vendor.keymaster-3-0'...
<6>[   40.225497] KernelSU: mark no sucompat checks for pid: '557', exec: '/vendor/bin/hw/android.hardware.keymaster@3.0-service'
<14>[   40.226707] init: processing action (late-fs) from (/vendor/etc/init/hw/init.common.rc:123)
<14>[   40.228021] init: processing action (late-fs) from (/vendor/etc/init/init_expand.rc:1)
<14>[   40.228385] init: starting service 'exec 8 (/vendor/bin/init_expand)'...
<14>[   40.229823] init: SVC_EXEC service 'exec 8 (/vendor/bin/init_expand)' pid 558 (uid 0 gid 0+0 context u:r:vendor_init:s0) started; waiting...
<6>[   40.230619] KernelSU: mark no sucompat checks for pid: '558', exec: '/vendor/bin/init_expand'
<14>[   40.252166] init: Service 'exec 8 (/vendor/bin/init_expand)' (pid 558) exited with status 0 waiting took 0.022000 seconds
<14>[   40.252563] init: processing action (post-fs-data) from (/system/etc/init/hw/init.rc:528)
<14>[   40.253108] init: starting service 'exec 9 (/system/bin/vdc checkpoint prepareCheckpoint)'...
<14>[   40.255235] init: SVC_EXEC service 'exec 9 (/system/bin/vdc checkpoint prepareCheckpoint)' pid 559 (uid 1000 gid 1000+0 context default) started; waiting...
<6>[   40.255523] KernelSU: mark no sucompat checks for pid: '559', exec: '/system/bin/vdc'
<14>[   40.283436] init: Service 'exec 9 (/system/bin/vdc checkpoint prepareCheckpoint)' (pid 559) exited with status 0 waiting took 0.028000 seconds
<14>[   40.285087] init: Switched to default mount namespace
<14>[   40.285124] init: Not setting encryption policy on: /data/apex
<14>[   40.288042] init: Not setting encryption policy on: /data/app-staging
<14>[   40.288572] init: starting service 'apexd'...
<6>[   40.290427] KernelSU: mark no sucompat checks for pid: '560', exec: '/system/bin/apexd'
<6>[   40.316665] trusty: [   43.856203] c0 there is no public key yet, give you fake data
<14>[   40.320170] apexd: This device does not support updatable APEX. Exiting
<14>[   40.320191] apexd: Marking APEXd as activated
<14>[   40.323384] init: Service 'apexd' (pid 560) exited with status 0 oneshot service took 0.033000 seconds in background
<14>[   40.328789] init: Not setting encryption policy on: /data/preloads
<14>[   40.329354] init: Not setting encryption policy on: /data/vendor_ce
<14>[   40.329597] init: Not setting encryption policy on: /data/vendor_de
<14>[   40.330557] init: Not setting encryption policy on: /data/data
<14>[   40.334081] init: Not setting encryption policy on: /data/lost+found
<14>[   40.336822] init: Not setting encryption policy on: /data/system_de
<14>[   40.337039] init: Not setting encryption policy on: /data/system_ce
<14>[   40.337268] init: Not setting encryption policy on: /data/misc_de
<14>[   40.337481] init: Not setting encryption policy on: /data/misc_ce
<14>[   40.337695] init: Not setting encryption policy on: /data/user
<14>[   40.338144] init: Not setting encryption policy on: /data/user_de
<14>[   40.338699] init: Command 'rm /data/user/0' action=post-fs-data (/system/etc/init/hw/init.rc:706) took 0ms and failed: unlink() failed: Is a directory
<12>[   40.339012] init: DM_DEV_STATUS failed for system: No such device or address
<12>[   40.339025] init: DM_DEV_STATUS failed for vroot: No such device or address
<14>[   40.339593] init: Skip mounting partition: /product
<12>[   40.340189] init: DM_DEV_STATUS failed for system: No such device or address
<12>[   40.340201] init: DM_DEV_STATUS failed for vroot: No such device or address
<14>[   40.340622] init: Skip mounting partition: /product
<12>[   40.340963] init: DM_DEV_STATUS failed for system: No such device or address
<12>[   40.340975] init: DM_DEV_STATUS failed for vroot: No such device or address
<14>[   40.341384] init: Skip mounting partition: /product
<12>[   40.341703] init: DM_DEV_STATUS failed for system: No such device or address
<12>[   40.341716] init: DM_DEV_STATUS failed for vroot: No such device or address
<14>[   40.342431] init: Skip mounting partition: /product
<12>[   40.342821] init: DM_DEV_STATUS failed for system: No such device or address
<12>[   40.342833] init: DM_DEV_STATUS failed for vroot: No such device or address
<14>[   40.343243] init: Skip mounting partition: /product
<12>[   40.343567] init: DM_DEV_STATUS failed for system: No such device or address
<12>[   40.343579] init: DM_DEV_STATUS failed for vroot: No such device or address
<14>[   40.343991] init: Skip mounting partition: /product
<12>[   40.344309] init: DM_DEV_STATUS failed for system: No such device or address
<12>[   40.344324] init: DM_DEV_STATUS failed for vroot: No such device or address
<14>[   40.344714] init: Skip mounting partition: /product
<12>[   40.345022] init: DM_DEV_STATUS failed for system: No such device or address
<12>[   40.345034] init: DM_DEV_STATUS failed for vroot: No such device or address
<14>[   40.345434] init: Skip mounting partition: /product
<12>[   40.345758] init: DM_DEV_STATUS failed for system: No such device or address
<12>[   40.345769] init: DM_DEV_STATUS failed for vroot: No such device or address
<14>[   40.346200] init: Skip mounting partition: /product
<12>[   40.346540] init: DM_DEV_STATUS failed for system: No such device or address
<12>[   40.346552] init: DM_DEV_STATUS failed for vroot: No such device or address
<14>[   40.346949] init: Skip mounting partition: /product
<12>[   40.347327] init: DM_DEV_STATUS failed for system: No such device or address
<12>[   40.347341] init: DM_DEV_STATUS failed for vroot: No such device or address
<14>[   40.347746] init: Skip mounting partition: /product
<12>[   40.348055] init: DM_DEV_STATUS failed for system: No such device or address
<12>[   40.348067] init: DM_DEV_STATUS failed for vroot: No such device or address
<14>[   40.348474] init: Skip mounting partition: /product
<12>[   40.348777] init: DM_DEV_STATUS failed for system: No such device or address
<12>[   40.348792] init: DM_DEV_STATUS failed for vroot: No such device or address
<14>[   40.349192] init: Skip mounting partition: /product
<12>[   40.349500] init: DM_DEV_STATUS failed for system: No such device or address
<12>[   40.349512] init: DM_DEV_STATUS failed for vroot: No such device or address
<14>[   40.349954] init: Skip mounting partition: /product
<12>[   40.350262] init: DM_DEV_STATUS failed for system: No such device or address
<12>[   40.350273] init: DM_DEV_STATUS failed for vroot: No such device or address
<14>[   40.350671] init: Skip mounting partition: /product
<12>[   40.350991] init: DM_DEV_STATUS failed for system: No such device or address
<12>[   40.351002] init: DM_DEV_STATUS failed for vroot: No such device or address
<14>[   40.351393] init: Skip mounting partition: /product
<12>[   40.351703] init: DM_DEV_STATUS failed for system: No such device or address
<12>[   40.351714] init: DM_DEV_STATUS failed for vroot: No such device or address
<14>[   40.352110] init: Skip mounting partition: /product
<12>[   40.352421] init: DM_DEV_STATUS failed for system: No such device or address
<12>[   40.352433] init: DM_DEV_STATUS failed for vroot: No such device or address
<14>[   40.352838] init: Skip mounting partition: /product
<12>[   40.353147] init: DM_DEV_STATUS failed for system: No such device or address
<12>[   40.353158] init: DM_DEV_STATUS failed for vroot: No such device or address
<14>[   40.353553] init: Skip mounting partition: /product
<12>[   40.353993] init: DM_DEV_STATUS failed for system: No such device or address
<12>[   40.354005] init: DM_DEV_STATUS failed for vroot: No such device or address
<14>[   40.354431] init: Skip mounting partition: /product
<12>[   40.354775] init: DM_DEV_STATUS failed for system: No such device or address
<12>[   40.354787] init: DM_DEV_STATUS failed for vroot: No such device or address
<14>[   40.355182] init: Skip mounting partition: /product
<12>[   40.355501] init: DM_DEV_STATUS failed for system: No such device or address
<12>[   40.355513] init: DM_DEV_STATUS failed for vroot: No such device or address
<14>[   40.355924] init: Skip mounting partition: /product
<12>[   40.356236] init: DM_DEV_STATUS failed for system: No such device or address
<12>[   40.356248] init: DM_DEV_STATUS failed for vroot: No such device or address
<14>[   40.356655] init: Skip mounting partition: /product
<12>[   40.356966] init: DM_DEV_STATUS failed for system: No such device or address
<12>[   40.356981] init: DM_DEV_STATUS failed for vroot: No such device or address
<14>[   40.357387] init: Skip mounting partition: /product
<12>[   40.357700] init: DM_DEV_STATUS failed for system: No such device or address
<12>[   40.357711] init: DM_DEV_STATUS failed for vroot: No such device or address
<14>[   40.358203] init: Skip mounting partition: /product
<12>[   40.358923] init: DM_DEV_STATUS failed for system: No such device or address
<12>[   40.358935] init: DM_DEV_STATUS failed for vroot: No such device or address
<14>[   40.359396] init: Skip mounting partition: /product
<12>[   40.360305] init: DM_DEV_STATUS failed for system: No such device or address
<12>[   40.360319] init: DM_DEV_STATUS failed for vroot: No such device or address
<14>[   40.360817] init: Skip mounting partition: /product
<12>[   40.361364] init: DM_DEV_STATUS failed for system: No such device or address
<12>[   40.361378] init: DM_DEV_STATUS failed for vroot: No such device or address
<14>[   40.361807] init: Skip mounting partition: /product
<12>[   40.362193] init: DM_DEV_STATUS failed for system: No such device or address
<12>[   40.362205] init: DM_DEV_STATUS failed for vroot: No such device or address
<14>[   40.362602] init: Skip mounting partition: /product
<12>[   40.362914] init: DM_DEV_STATUS failed for system: No such device or address
<12>[   40.362926] init: DM_DEV_STATUS failed for vroot: No such device or address
<14>[   40.363339] init: Skip mounting partition: /product
<12>[   40.363650] init: DM_DEV_STATUS failed for system: No such device or address
<12>[   40.363661] init: DM_DEV_STATUS failed for vroot: No such device or address
<14>[   40.364069] init: Skip mounting partition: /product
<12>[   40.364381] init: DM_DEV_STATUS failed for system: No such device or address
<12>[   40.364393] init: DM_DEV_STATUS failed for vroot: No such device or address
<14>[   40.364784] init: Skip mounting partition: /product
<12>[   40.365088] init: DM_DEV_STATUS failed for system: No such device or address
<12>[   40.365099] init: DM_DEV_STATUS failed for vroot: No such device or address
<14>[   40.365488] init: Skip mounting partition: /product
<12>[   40.365793] init: DM_DEV_STATUS failed for system: No such device or address
<12>[   40.365804] init: DM_DEV_STATUS failed for vroot: No such device or address
<14>[   40.366379] init: Skip mounting partition: /product
<12>[   40.366703] init: DM_DEV_STATUS failed for system: No such device or address
<12>[   40.366715] init: DM_DEV_STATUS failed for vroot: No such device or address
<14>[   40.367122] init: Skip mounting partition: /product
<12>[   40.367431] init: DM_DEV_STATUS failed for system: No such device or address
<12>[   40.367443] init: DM_DEV_STATUS failed for vroot: No such device or address
<14>[   40.367841] init: Skip mounting partition: /product
<12>[   40.368210] init: DM_DEV_STATUS failed for system: No such device or address
<12>[   40.368221] init: DM_DEV_STATUS failed for vroot: No such device or address
<14>[   40.368611] init: Skip mounting partition: /product
<12>[   40.368929] init: DM_DEV_STATUS failed for system: No such device or address
<12>[   40.368940] init: DM_DEV_STATUS failed for vroot: No such device or address
<14>[   40.369332] init: Skip mounting partition: /product
<12>[   40.369642] init: DM_DEV_STATUS failed for system: No such device or address
<12>[   40.369654] init: DM_DEV_STATUS failed for vroot: No such device or address
<14>[   40.370082] init: Skip mounting partition: /product
<12>[   40.370410] init: DM_DEV_STATUS failed for system: No such device or address
<12>[   40.370423] init: DM_DEV_STATUS failed for vroot: No such device or address
<14>[   40.370848] init: Skip mounting partition: /product
<12>[   40.371160] init: DM_DEV_STATUS failed for system: No such device or address
<12>[   40.371172] init: DM_DEV_STATUS failed for vroot: No such device or address
<14>[   40.371589] init: Skip mounting partition: /product
<12>[   40.371886] init: DM_DEV_STATUS failed for system: No such device or address
<12>[   40.371897] init: DM_DEV_STATUS failed for vroot: No such device or address
<14>[   40.372304] init: Skip mounting partition: /product
<12>[   40.372605] init: DM_DEV_STATUS failed for system: No such device or address
<12>[   40.372617] init: DM_DEV_STATUS failed for vroot: No such device or address
<14>[   40.373017] init: Skip mounting partition: /product
<12>[   40.373325] init: DM_DEV_STATUS failed for system: No such device or address
<12>[   40.373337] init: DM_DEV_STATUS failed for vroot: No such device or address
<14>[   40.373720] init: Skip mounting partition: /product
<12>[   40.374853] init: DM_DEV_STATUS failed for system: No such device or address
<12>[   40.374866] init: DM_DEV_STATUS failed for vroot: No such device or address
<14>[   40.375335] init: Skip mounting partition: /product
<12>[   40.375782] init: DM_DEV_STATUS failed for system: No such device or address
<12>[   40.375793] init: DM_DEV_STATUS failed for vroot: No such device or address
<14>[   40.376194] init: Skip mounting partition: /product
<12>[   40.376548] init: DM_DEV_STATUS failed for system: No such device or address
<12>[   40.376559] init: DM_DEV_STATUS failed for vroot: No such device or address
<14>[   40.376985] init: Skip mounting partition: /product
<12>[   40.377302] init: DM_DEV_STATUS failed for system: No such device or address
<12>[   40.377313] init: DM_DEV_STATUS failed for vroot: No such device or address
<14>[   40.377762] init: Skip mounting partition: /product
<12>[   40.378116] init: DM_DEV_STATUS failed for system: No such device or address
<12>[   40.378131] init: DM_DEV_STATUS failed for vroot: No such device or address
<14>[   40.378537] init: Skip mounting partition: /product
<12>[   40.378847] init: DM_DEV_STATUS failed for system: No such device or address
<12>[   40.378861] init: DM_DEV_STATUS failed for vroot: No such device or address
<14>[   40.379251] init: Skip mounting partition: /product
<12>[   40.379555] init: DM_DEV_STATUS failed for system: No such device or address
<12>[   40.379567] init: DM_DEV_STATUS failed for vroot: No such device or address
<14>[   40.379972] init: Skip mounting partition: /product
<12>[   40.380652] init: DM_DEV_STATUS failed for system: No such device or address
<12>[   40.380664] init: DM_DEV_STATUS failed for vroot: No such device or address
<14>[   40.381075] init: Skip mounting partition: /product
<12>[   40.382994] init: DM_DEV_STATUS failed for system: No such device or address
<12>[   40.383010] init: DM_DEV_STATUS failed for vroot: No such device or address
<14>[   40.383513] init: Skip mounting partition: /product
<12>[   40.384042] init: DM_DEV_STATUS failed for system: No such device or address
<12>[   40.384054] init: DM_DEV_STATUS failed for vroot: No such device or address
<14>[   40.384480] init: Skip mounting partition: /product
<12>[   40.384800] init: DM_DEV_STATUS failed for system: No such device or address
<12>[   40.384811] init: DM_DEV_STATUS failed for vroot: No such device or address
<14>[   40.385210] init: Skip mounting partition: /product
<12>[   40.385519] init: DM_DEV_STATUS failed for system: No such device or address
<12>[   40.385530] init: DM_DEV_STATUS failed for vroot: No such device or address
<14>[   40.385974] init: Skip mounting partition: /product
<12>[   40.386300] init: DM_DEV_STATUS failed for system: No such device or address
<12>[   40.386311] init: DM_DEV_STATUS failed for vroot: No such device or address
<14>[   40.386725] init: Skip mounting partition: /product
<12>[   40.387034] init: DM_DEV_STATUS failed for system: No such device or address
<12>[   40.387045] init: DM_DEV_STATUS failed for vroot: No such device or address
<14>[   40.387435] init: Skip mounting partition: /product
<12>[   40.387743] init: DM_DEV_STATUS failed for system: No such device or address
<12>[   40.387756] init: DM_DEV_STATUS failed for vroot: No such device or address
<14>[   40.388143] init: Skip mounting partition: /product
<12>[   40.388448] init: DM_DEV_STATUS failed for system: No such device or address
<12>[   40.388459] init: DM_DEV_STATUS failed for vroot: No such device or address
<14>[   40.388859] init: Skip mounting partition: /product
<12>[   40.389164] init: DM_DEV_STATUS failed for system: No such device or address
<12>[   40.389175] init: DM_DEV_STATUS failed for vroot: No such device or address
<14>[   40.389581] init: Skip mounting partition: /product
<12>[   40.390292] init: DM_DEV_STATUS failed for system: No such device or address
<12>[   40.390305] init: DM_DEV_STATUS failed for vroot: No such device or address
<14>[   40.390785] init: Skip mounting partition: /product
<12>[   40.391214] init: DM_DEV_STATUS failed for system: No such device or address
<12>[   40.391226] init: DM_DEV_STATUS failed for vroot: No such device or address
<14>[   40.391667] init: Skip mounting partition: /product
<12>[   40.391990] init: DM_DEV_STATUS failed for system: No such device or address
<12>[   40.392001] init: DM_DEV_STATUS failed for vroot: No such device or address
<14>[   40.392433] init: Skip mounting partition: /product
<12>[   40.392772] init: DM_DEV_STATUS failed for system: No such device or address
<12>[   40.392784] init: DM_DEV_STATUS failed for vroot: No such device or address
<14>[   40.393177] init: Skip mounting partition: /product
<12>[   40.393526] init: DM_DEV_STATUS failed for system: No such device or address
<12>[   40.393538] init: DM_DEV_STATUS failed for vroot: No such device or address
<14>[   40.393970] init: Skip mounting partition: /product
<12>[   40.394285] init: DM_DEV_STATUS failed for system: No such device or address
<12>[   40.394296] init: DM_DEV_STATUS failed for vroot: No such device or address
<14>[   40.394687] init: Skip mounting partition: /product
<12>[   40.394995] init: DM_DEV_STATUS failed for system: No such device or address
<12>[   40.395008] init: DM_DEV_STATUS failed for vroot: No such device or address
<14>[   40.395389] init: Skip mounting partition: /product
<12>[   40.395695] init: DM_DEV_STATUS failed for system: No such device or address
<12>[   40.395706] init: DM_DEV_STATUS failed for vroot: No such device or address
<14>[   40.396108] init: Skip mounting partition: /product
<12>[   40.396417] init: DM_DEV_STATUS failed for system: No such device or address
<12>[   40.396428] init: DM_DEV_STATUS failed for vroot: No such device or address
<14>[   40.396835] init: Skip mounting partition: /product
<12>[   40.397140] init: DM_DEV_STATUS failed for system: No such device or address
<12>[   40.397151] init: DM_DEV_STATUS failed for vroot: No such device or address
<14>[   40.397559] init: Skip mounting partition: /product
<12>[   40.398252] init: DM_DEV_STATUS failed for system: No such device or address
<12>[   40.398264] init: DM_DEV_STATUS failed for vroot: No such device or address
<14>[   40.398705] init: Skip mounting partition: /product
<12>[   40.399033] init: DM_DEV_STATUS failed for system: No such device or address
<12>[   40.399044] init: DM_DEV_STATUS failed for vroot: No such device or address
<14>[   40.399440] init: Skip mounting partition: /product
<12>[   40.399757] init: DM_DEV_STATUS failed for system: No such device or address
<12>[   40.399768] init: DM_DEV_STATUS failed for vroot: No such device or address
<14>[   40.400173] init: Skip mounting partition: /product
<12>[   40.400477] init: DM_DEV_STATUS failed for system: No such device or address
<12>[   40.400488] init: DM_DEV_STATUS failed for vroot: No such device or address
<14>[   40.400878] init: Skip mounting partition: /product
<12>[   40.401187] init: DM_DEV_STATUS failed for system: No such device or address
<12>[   40.401198] init: DM_DEV_STATUS failed for vroot: No such device or address
<14>[   40.401594] init: Skip mounting partition: /product
<12>[   40.401929] init: DM_DEV_STATUS failed for system: No such device or address
<12>[   40.401941] init: DM_DEV_STATUS failed for vroot: No such device or address
<14>[   40.402342] init: Skip mounting partition: /product
<12>[   40.403029] init: DM_DEV_STATUS failed for system: No such device or address
<12>[   40.403041] init: DM_DEV_STATUS failed for vroot: No such device or address
<14>[   40.403454] init: Skip mounting partition: /product
<12>[   40.404128] init: DM_DEV_STATUS failed for system: No such device or address
<12>[   40.404139] init: DM_DEV_STATUS failed for vroot: No such device or address
<14>[   40.404559] init: Skip mounting partition: /product
<12>[   40.405006] init: DM_DEV_STATUS failed for system: No such device or address
<12>[   40.405018] init: DM_DEV_STATUS failed for vroot: No such device or address
<14>[   40.405429] init: Skip mounting partition: /product
<12>[   40.405740] init: DM_DEV_STATUS failed for system: No such device or address
<12>[   40.405752] init: DM_DEV_STATUS failed for vroot: No such device or address
<14>[   40.406561] init: Skip mounting partition: /product
<12>[   40.406918] init: DM_DEV_STATUS failed for system: No such device or address
<12>[   40.406930] init: DM_DEV_STATUS failed for vroot: No such device or address
<14>[   40.407368] init: Skip mounting partition: /product
<12>[   40.407719] init: DM_DEV_STATUS failed for system: No such device or address
<12>[   40.407730] init: DM_DEV_STATUS failed for vroot: No such device or address
<14>[   40.408140] init: Skip mounting partition: /product
<12>[   40.408484] init: DM_DEV_STATUS failed for system: No such device or address
<12>[   40.408496] init: DM_DEV_STATUS failed for vroot: No such device or address
<14>[   40.408921] init: Skip mounting partition: /product
<12>[   40.409228] init: DM_DEV_STATUS failed for system: No such device or address
<12>[   40.409239] init: DM_DEV_STATUS failed for vroot: No such device or address
<14>[   40.409692] init: Skip mounting partition: /product
<12>[   40.410049] init: DM_DEV_STATUS failed for system: No such device or address
<12>[   40.410061] init: DM_DEV_STATUS failed for vroot: No such device or address
<14>[   40.410468] init: Skip mounting partition: /product
<12>[   40.410782] init: DM_DEV_STATUS failed for system: No such device or address
<12>[   40.410793] init: DM_DEV_STATUS failed for vroot: No such device or address
<14>[   40.411209] init: Skip mounting partition: /product
<12>[   40.411522] init: DM_DEV_STATUS failed for system: No such device or address
<12>[   40.411533] init: DM_DEV_STATUS failed for vroot: No such device or address
<14>[   40.411936] init: Skip mounting partition: /product
<12>[   40.412307] init: DM_DEV_STATUS failed for system: No such device or address
<12>[   40.412317] init: DM_DEV_STATUS failed for vroot: No such device or address
<14>[   40.412723] init: Skip mounting partition: /product
<12>[   40.413037] init: DM_DEV_STATUS failed for system: No such device or address
<12>[   40.413049] init: DM_DEV_STATUS failed for vroot: No such device or address
<14>[   40.413450] init: Skip mounting partition: /product
<12>[   40.413759] init: DM_DEV_STATUS failed for system: No such device or address
<12>[   40.413770] init: DM_DEV_STATUS failed for vroot: No such device or address
<14>[   40.414600] init: Skip mounting partition: /product
<12>[   40.414947] init: DM_DEV_STATUS failed for system: No such device or address
<12>[   40.414959] init: DM_DEV_STATUS failed for vroot: No such device or address
<14>[   40.415364] init: Skip mounting partition: /product
<12>[   40.415676] init: DM_DEV_STATUS failed for system: No such device or address
<12>[   40.415688] init: DM_DEV_STATUS failed for vroot: No such device or address
<14>[   40.416096] init: Skip mounting partition: /product
<12>[   40.416399] init: DM_DEV_STATUS failed for system: No such device or address
<12>[   40.416410] init: DM_DEV_STATUS failed for vroot: No such device or address
<14>[   40.416811] init: Skip mounting partition: /product
<12>[   40.417122] init: DM_DEV_STATUS failed for system: No such device or address
<12>[   40.417136] init: DM_DEV_STATUS failed for vroot: No such device or address
<14>[   40.417536] init: Skip mounting partition: /product
<12>[   40.417846] init: DM_DEV_STATUS failed for system: No such device or address
<12>[   40.417881] init: DM_DEV_STATUS failed for vroot: No such device or address
<14>[   40.418286] init: Skip mounting partition: /product
<12>[   40.418596] init: DM_DEV_STATUS failed for system: No such device or address
<12>[   40.418606] init: DM_DEV_STATUS failed for vroot: No such device or address
<14>[   40.419019] init: Skip mounting partition: /product
<12>[   40.419397] init: DM_DEV_STATUS failed for system: No such device or address
<12>[   40.419407] init: DM_DEV_STATUS failed for vroot: No such device or address
<14>[   40.419823] init: Skip mounting partition: /product
<12>[   40.420136] init: DM_DEV_STATUS failed for system: No such device or address
<12>[   40.420148] init: DM_DEV_STATUS failed for vroot: No such device or address
<14>[   40.420533] init: Skip mounting partition: /product
<12>[   40.420837] init: DM_DEV_STATUS failed for system: No such device or address
<12>[   40.420850] init: DM_DEV_STATUS failed for vroot: No such device or address
<14>[   40.421239] init: Skip mounting partition: /product
<12>[   40.421549] init: DM_DEV_STATUS failed for system: No such device or address
<12>[   40.421560] init: DM_DEV_STATUS failed for vroot: No such device or address
<14>[   40.422022] init: Skip mounting partition: /product
<12>[   40.422341] init: DM_DEV_STATUS failed for system: No such device or address
<12>[   40.422352] init: DM_DEV_STATUS failed for vroot: No such device or address
<14>[   40.422774] init: Skip mounting partition: /product
<12>[   40.423094] init: DM_DEV_STATUS failed for system: No such device or address
<12>[   40.423105] init: DM_DEV_STATUS failed for vroot: No such device or address
<14>[   40.423554] init: Skip mounting partition: /product
<12>[   40.424301] init: DM_DEV_STATUS failed for system: No such device or address
<12>[   40.424314] init: DM_DEV_STATUS failed for vroot: No such device or address
<14>[   40.424754] init: Skip mounting partition: /product
<12>[   40.426246] init: DM_DEV_STATUS failed for system: No such device or address
<12>[   40.426261] init: DM_DEV_STATUS failed for vroot: No such device or address
<14>[   40.426745] init: Skip mounting partition: /product
<12>[   40.427255] init: DM_DEV_STATUS failed for system: No such device or address
<12>[   40.427267] init: DM_DEV_STATUS failed for vroot: No such device or address
<14>[   40.427688] init: Skip mounting partition: /product
<12>[   40.428007] init: DM_DEV_STATUS failed for system: No such device or address
<12>[   40.428019] init: DM_DEV_STATUS failed for vroot: No such device or address
<14>[   40.428421] init: Skip mounting partition: /product
<12>[   40.428735] init: DM_DEV_STATUS failed for system: No such device or address
<12>[   40.428747] init: DM_DEV_STATUS failed for vroot: No such device or address
<14>[   40.429137] init: Skip mounting partition: /product
<12>[   40.429439] init: DM_DEV_STATUS failed for system: No such device or address
<12>[   40.429451] init: DM_DEV_STATUS failed for vroot: No such device or address
<14>[   40.429892] init: Skip mounting partition: /product
<12>[   40.430205] init: DM_DEV_STATUS failed for system: No such device or address
<12>[   40.430219] init: DM_DEV_STATUS failed for vroot: No such device or address
<14>[   40.430604] init: Skip mounting partition: /product
<12>[   40.430908] init: DM_DEV_STATUS failed for system: No such device or address
<12>[   40.430919] init: DM_DEV_STATUS failed for vroot: No such device or address
<14>[   40.431314] init: Skip mounting partition: /product
<12>[   40.431622] init: DM_DEV_STATUS failed for system: No such device or address
<12>[   40.431633] init: DM_DEV_STATUS failed for vroot: No such device or address
<14>[   40.432028] init: Skip mounting partition: /product
<12>[   40.432336] init: DM_DEV_STATUS failed for system: No such device or address
<12>[   40.432347] init: DM_DEV_STATUS failed for vroot: No such device or address
<14>[   40.432737] init: Skip mounting partition: /product
<12>[   40.433045] init: DM_DEV_STATUS failed for system: No such device or address
<12>[   40.433059] init: DM_DEV_STATUS failed for vroot: No such device or address
<14>[   40.433465] init: Skip mounting partition: /product
<12>[   40.433838] init: DM_DEV_STATUS failed for system: No such device or address
<12>[   40.433871] init: DM_DEV_STATUS failed for vroot: No such device or address
<14>[   40.434270] init: Skip mounting partition: /product
<12>[   40.434596] init: DM_DEV_STATUS failed for system: No such device or address
<12>[   40.434607] init: DM_DEV_STATUS failed for vroot: No such device or address
<14>[   40.435013] init: Skip mounting partition: /product
<12>[   40.435327] init: DM_DEV_STATUS failed for system: No such device or address
<12>[   40.435341] init: DM_DEV_STATUS failed for vroot: No such device or address
<14>[   40.435745] init: Skip mounting partition: /product
<12>[   40.436050] init: DM_DEV_STATUS failed for system: No such device or address
<12>[   40.436061] init: DM_DEV_STATUS failed for vroot: No such device or address
<14>[   40.436454] init: Skip mounting partition: /product
<12>[   40.436758] init: DM_DEV_STATUS failed for system: No such device or address
<12>[   40.436773] init: DM_DEV_STATUS failed for vroot: No such device or address
<14>[   40.437184] init: Skip mounting partition: /product
<12>[   40.437494] init: DM_DEV_STATUS failed for system: No such device or address
<12>[   40.437505] init: DM_DEV_STATUS failed for vroot: No such device or address
<14>[   40.438342] init: Skip mounting partition: /product
<12>[   40.438734] init: DM_DEV_STATUS failed for system: No such device or address
<12>[   40.438746] init: DM_DEV_STATUS failed for vroot: No such device or address
<14>[   40.439189] init: Skip mounting partition: /product
<12>[   40.439520] init: DM_DEV_STATUS failed for system: No such device or address
<12>[   40.439531] init: DM_DEV_STATUS failed for vroot: No such device or address
<14>[   40.439959] init: Skip mounting partition: /product
<12>[   40.440304] init: DM_DEV_STATUS failed for system: No such device or address
<12>[   40.440316] init: DM_DEV_STATUS failed for vroot: No such device or address
<14>[   40.440705] init: Skip mounting partition: /product
<12>[   40.441118] init: DM_DEV_STATUS failed for system: No such device or address
<12>[   40.441129] init: DM_DEV_STATUS failed for vroot: No such device or address
<14>[   40.441592] init: Skip mounting partition: /product
<12>[   40.441937] init: DM_DEV_STATUS failed for system: No such device or address
<12>[   40.441949] init: DM_DEV_STATUS failed for vroot: No such device or address
<14>[   40.442360] init: Skip mounting partition: /product
<12>[   40.442684] init: DM_DEV_STATUS failed for system: No such device or address
<12>[   40.442696] init: DM_DEV_STATUS failed for vroot: No such device or address
<14>[   40.443093] init: Skip mounting partition: /product
<12>[   40.443409] init: DM_DEV_STATUS failed for system: No such device or address
<12>[   40.443421] init: DM_DEV_STATUS failed for vroot: No such device or address
<14>[   40.443817] init: Skip mounting partition: /product
<12>[   40.444125] init: DM_DEV_STATUS failed for system: No such device or address
<12>[   40.444137] init: DM_DEV_STATUS failed for vroot: No such device or address
<14>[   40.444550] init: Skip mounting partition: /product
<12>[   40.444861] init: DM_DEV_STATUS failed for system: No such device or address
<12>[   40.444872] init: DM_DEV_STATUS failed for vroot: No such device or address
<14>[   40.445262] init: Skip mounting partition: /product
<12>[   40.446455] init: DM_DEV_STATUS failed for system: No such device or address
<12>[   40.446468] init: DM_DEV_STATUS failed for vroot: No such device or address
<14>[   40.446922] init: Skip mounting partition: /product
<14>[   40.454551] init: start_waiting_for_property("apexd.status", "activated"): already set
<14>[   40.472131] init: Parsing file /apex/com.android.adbd/etc/init.rc...
<14>[   40.472497] init: Parsing file /apex/com.android.media.swcodec/etc/init.rc...
<14>[   40.472820] init: Parsing file /apex/com.android.os.statsd/etc/init.rc...
<14>[   40.473138] init: Parsing file /apex/com.android.sdkext/etc/derive_sdk.rc...
<14>[   40.473395] init: Not setting encryption policy on: /data/media
<14>[   40.474138] init: starting service 'exec 10 (/system/bin/chattr +F /data/media)'...
<14>[   40.475788] init: SVC_EXEC service 'exec 10 (/system/bin/chattr +F /data/media)' pid 561 (uid 1023 gid 1023+0 context default) started; waiting...
<6>[   40.476019] KernelSU: mark no sucompat checks for pid: '561', exec: '/system/bin/chattr'
<14>[   40.503398] init: Service 'exec 10 (/system/bin/chattr +F /data/media)' (pid 561) exited with status 0 waiting took 0.028000 seconds
<14>[   40.505243] init: starting service 'derive_sdk'...
<6>[   40.507108] KernelSU: mark no sucompat checks for pid: '562', exec: '/apex/com.android.sdkext/bin/derive_sdk'
<14>[   40.507879] init: SVC_EXEC service 'derive_sdk' pid 562 (uid 9999 gid 9999+0 context default) started; waiting...
<14>[   40.528442] init: Service 'derive_sdk' (pid 562) exited with status 0 waiting took 0.022000 seconds
<14>[   40.529389] init: starting service 'exec 11 (/system/bin/vdc --wait cryptfs init_user0)'...
<14>[   40.531045] init: SVC_EXEC service 'exec 11 (/system/bin/vdc --wait cryptfs init_user0)' pid 563 (uid 0 gid 0+0 context default) started; waiting...
<6>[   40.531333] KernelSU: mark no sucompat checks for pid: '563', exec: '/system/bin/vdc'
<15>[   40.554692] vdc: Waited 0ms for vold
<14>[   40.611794] init: Service 'exec 11 (/system/bin/vdc --wait cryptfs init_user0)' (pid 563) exited with status 0 waiting took 0.081000 seconds
<14>[   40.612681] init: starting service 'apexd-snapshotde'...
<6>[   40.615332] KernelSU: mark no sucompat checks for pid: '566', exec: '/system/bin/apexd'
<14>[   40.616160] init: SVC_EXEC service 'apexd-snapshotde' pid 566 (uid 0 gid 1000+0 context default) started; waiting...
<14>[   40.640600] apexd: This device does not support updatable APEX. Exiting
<14>[   40.640619] apexd: Marking APEXd as ready
<14>[   40.642711] init: Service 'apexd-snapshotde' (pid 566) exited with status 0 waiting took 0.027000 seconds
<14>[   40.647224] selinux: SELinux: Skipping restorecon on directory(/data)
<14>[   40.647238] selinux: 
<14>[   40.648256] init: starting service 'exec 12 (/system/bin/tzdatacheck /apex/com.android.tzdata/etc/tz /data/misc/zoneinfo)'...
<6>[   40.651116] KernelSU: mark no sucompat checks for pid: '567', exec: '/system/bin/tzdatacheck'
<14>[   40.651411] init: SVC_EXEC service 'exec 12 (/system/bin/tzdatacheck /apex/com.android.tzdata/etc/tz /data/misc/zoneinfo)' pid 567 (uid 1000 gid 1000+0 context default) started; waiting...
<14>[   40.674559] init: Service 'exec 12 (/system/bin/tzdatacheck /apex/com.android.tzdata/etc/tz /data/misc/zoneinfo)' (pid 567) exited with status 0 waiting took 0.023000 seconds
<14>[   40.676425] init: processing action (post-fs-data) from (/system/etc/init/hw/init.rc:1093)
<14>[   40.677791] init: starting service 'exec 13 (/data/adb/ksud post-fs-data)'...
<6>[   40.681050] KernelSU: hook_manager: escape to root for init executing ksud: 568
<14>[   40.681056] init: SVC_EXEC service 'exec 13 (/data/adb/ksud post-fs-data)' pid 568 (uid 0 gid 0+0 context u:r:ksu:s0) started; waiting...
<6>[   40.713697] KernelSU: ksu fd installed: 4 for pid 568
<6>[   40.713701] KernelSU: [568] install ksu fd: 4
<6>[   40.713710] KernelSU: post-fs-data triggered
<6>[   40.713712] KernelSU: on_post_fs_data!
<6>[   40.713718] KernelSU: vol_detector: exit
<6>[   40.746084] KernelSU: post-fs-data triggered, scanning manager...
<6>[   40.756782] KernelSU: volumedown_pressed_count: 0
<31>[   40.794335] logd: logdr: UID=0 GID=0 PID=571 b tail=0 logMask=ff pid=0 start=0ns timeout=0ns
<7>[   40.967651] SELinux: 16384 avtab hash slots, 56221 rules.
<7>[   40.982552] SELinux: 16384 avtab hash slots, 56221 rules.
<7>[   40.982565] SELinux:  1 users, 4 roles, 1972 types, 0 bools, 1 sens, 1024 cats
<7>[   40.982572] SELinux:  99 classes, 56221 rules
<7>[   41.018447] SELinux: 16384 avtab hash slots, 57252 rules.
<7>[   41.033651] SELinux: 16384 avtab hash slots, 57252 rules.
<7>[   41.033665] SELinux:  1 users, 4 roles, 1974 types, 0 bools, 1 sens, 1024 cats
<7>[   41.033671] SELinux:  99 classes, 57252 rules
<6>[   41.058521] KernelSU: volumedown_pressed_count: 0
<4>[   41.060240] KernelSU: ksu ioctl: unsupported command 0xc0004bc8
<11>[   41.140625] [I][580:580][zn-daemon64]:Zygisk Next Daemon 1.4.4-831-98fd9c6-release
<11>[   41.140888] [I][580:580][zn-daemon64]:Kernel: 4.14.98-Kalirok-Nethunter aarch64
<6>[   41.141228] KernelSU: ksu fd installed: 5 for pid 580
<6>[   41.141235] KernelSU: [580] install ksu fd: 5
<6>[   41.175663] KernelSU: ksu_handle_stat: su->sh!
<6>[   41.175676] KernelSU: faccessat su->sh!
<6>[   41.175709] KernelSU: do_execveat_common su found
<4>[   41.175712] KernelSU: Already root, don't escape!
<11>[   41.228160] [I][580:580][zn-daemon64]:** write prop
<11>[   41.324030] [I][580:580][zn-daemon64]:** preparing payload ...
<11>[   41.324217] [I][580:580][zn-daemon64]:** payload prepared
<11>[   41.324331] [I][580:580][zn-daemon64]:** attaching init ...
<6>[   41.364067] KernelSU: Searching for manager(s)...
<6>[   41.364125] KernelSU: search_manager: dir: /data/app got magic! 0xf2f52010
<6>[   41.365200] KernelSU: Skipping directory: vmdl751804519.tmp
<6>[   41.412460] KernelSU: Found new base.apk at path: /data/app/~~INWQYPLqIcOdBUScRB6sdA==/com.google.android.webview-d3sFABZcBikpWGEBrgogSQ==/base.apk, is_manager: 0
<6>[   41.413765] KernelSU: Found new base.apk at path: /data/app/~~YfU2rrEXHI_1QM2uRzFTfA==/com.example.lsposed.autofillblocker-9enqm7jgJCje5TW3e8U25Q==/base.apk, is_manager: 0
<6>[   41.419383] KernelSU: cert length overlimit: 1196
<6>[   41.419393] KernelSU: Found new base.apk at path: /data/app/~~G5b5RVT4fnikrrDHGs_ocQ==/com.iflytek.inputmethod-mYHV0VsWHHGAzRhuQPjO0w==/base.apk, is_manager: 0
<6>[   41.423141] KernelSU: cert length overlimit: 1196
<6>[   41.423151] KernelSU: Found new base.apk at path: /data/app/~~knFazqSq9JwbTc1U3ln2Zw==/com.jozein.xedgepro-QCkSWQfHrYTcuGm1tM9gPQ==/base.apk, is_manager: 0
<6>[   41.432889] KernelSU: Found new base.apk at path: /data/app/~~CUi8dxES__42Zufylp57eg==/com.resukisu.resukisu-O1uLmae4OQs9verMz9_I3Q==/base.apk, is_manager: 1
<6>[   41.432893] KernelSU: manager pkg: com.resukisu.resukisu
<6>[   41.432911] KernelSU: Crowning manager: com.resukisu.resukisu uid=10330, signature_index=0
<6>[   41.436095] KernelSU: Found new base.apk at path: /data/app/~~RsM4wfhFq3T8Lmm71SOwiQ==/web1n.stopapp-orA5X54XvnCSi116Sl3lEQ==/base.apk, is_manager: 0
<6>[   41.438325] KernelSU: Found new base.apk at path: /data/app/~~68Q3X8VVP9jpCUoPq8yIDQ==/com.offsec.nethunter-nnkdrjBM4Yn0X4jtjROIBQ==/base.apk, is_manager: 0
<6>[   41.440258] KernelSU: Found new base.apk at path: /data/app/~~Q_cg0AL3buTlcxBbN8WeTw==/com.fxg-xz6W367MXFtyqmM8O4Qxhg==/base.apk, is_manager: 0
<6>[   41.440765] KernelSU: Found new base.apk at path: /data/app/~~i_XbxnH01PYcPxUGRFqfFg==/com.Disable.screenshot-gm2-nXd8sE2Ty--4jOW-fQ==/base.apk, is_manager: 0
<6>[   41.442610] KernelSU: Found new base.apk at path: /data/app/~~TYR0EH-GTydLUpc7o-8dMw==/com.wstxda.viper4android-y4vWcliWfMUeX8cPD_dEFg==/base.apk, is_manager: 0
<6>[   41.445160] KernelSU: Found new base.apk at path: /data/app/~~5leLo0O-fAYSnnOWFLt_ag==/com.omarea.vtools-Gqzx2MeMTwdypUswvYJHVw==/base.apk, is_manager: 0
<6>[   41.448763] KernelSU: Found new base.apk at path: /data/app/~~KDstLOhqh0WdPidT2XgrBw==/com.zacharee1.systemuituner-i4I_xCpSrpUYY3sURoB_SQ==/base.apk, is_manager: 0
<6>[   41.452131] KernelSU: Found new base.apk at path: /data/app/~~y69ZBWZLu1Z5jwKyrkQ0zg==/com.offsec.nhterm-rNX9KfOI7-k_SnqBfWA0cw==/base.apk, is_manager: 0
<6>[   41.454056] KernelSU: Found new base.apk at path: /data/app/~~MlQbuhuIHCZvtwZHHwE0lA==/com.thinkdifferent.anywebview-YAKZMKndorFEM82CMhRfVg==/base.apk, is_manager: 0
<6>[   41.456051] KernelSU: Found new base.apk at path: /data/app/~~046IWmBen7J2Cp12HKtnjA==/com.flass.layoutinspect-KMRseqXBk1FCluB_YDAF4A==/base.apk, is_manager: 0
<6>[   41.457433] KernelSU: Found new base.apk at path: /data/app/~~o-w41olMPhvr9KZ-Eq5FmA==/com.arbelsolutions.BVRUltimate-d3bonqRkVmDpnn0rCFN_sA==/base.apk, is_manager: 0
<6>[   41.460838] KernelSU: cert length overlimit: 1196
<6>[   41.460846] KernelSU: Found new base.apk at path: /data/app/~~idfrDV-q65yTqEJwMlLtVg==/bin.mt.plus.canary-x0oGCDumCGkQefMXvMhYkQ==/base.apk, is_manager: 0
<6>[   41.461805] KernelSU: Found new base.apk at path: /data/app/~~ShN5ET3byY8zStgAATnA0A==/github.tornaco.android.thanos.pro-6ZhFTMjtkil7TDsWVlxbVA==/base.apk, is_manager: 0
<6>[   41.465007] KernelSU: Found new base.apk at path: /data/app/~~F5nNzGysFccJsMfITCS-Yg==/com.guozhigq.pilipala-ANY6x_UtX0qHs75gUzbeZg==/base.apk, is_manager: 0
<6>[   41.468996] KernelSU: Found new base.apk at path: /data/app/~~0TLFms0eG_z12M6-GJvXGw==/com.tencent.tim-S9bPbl144lWDO1kiFVXUHQ==/base.apk, is_manager: 0
<6>[   41.471778] KernelSU: Found new base.apk at path: /data/app/~~imoucuS3u6dh6PsuDUJaGg==/com.abjlvcha.main-fvzbXfXwpszEGxJ8qKSGtQ==/base.apk, is_manager: 0
<6>[   41.472956] KernelSU: Found new base.apk at path: /data/app/~~bk8hvbEarCbRY7rw_bcrrw==/mark.via-B27aK5Oyj6Ixqid0LVWrKw==/base.apk, is_manager: 0
<6>[   41.474519] KernelSU: cert length overlimit: 1075
<6>[   41.474536] KernelSU: Found new base.apk at path: /data/app/~~60XhuseULUl6L18rs5CpBg==/io.github.vvb2060.mahoshojo-Z6LHblH9jCBQx1J3tTP_5g==/base.apk, is_manager: 0
<6>[   41.477011] KernelSU: Found new base.apk at path: /data/app/~~uM1ggNlEbLTIl8ZRNLq4AQ==/com.ceco.r.gravitybox-IE8tJi8GPy9bDuR9PeVJ_Q==/base.apk, is_manager: 0
<6>[   41.481047] KernelSU: Found new base.apk at path: /data/app/~~8h66kUhoCklpE5ufEjiKJA==/com.google.android.apps.photosgo-yJa5OxvSTN6d61njJXyoVg==/base.apk, is_manager: 0
<6>[   41.484526] KernelSU: Found new base.apk at path: /data/app/~~oe8h1g0KQoPOH-DZ1Yw3wQ==/com.coderstory.toolkit-dvHO-z3bPJoCPWfSkjfAdg==/base.apk, is_manager: 0
<6>[   41.485621] KernelSU: cert length overlimit: 1196
<6>[   41.485641] KernelSU: Found new base.apk at path: /data/app/~~Ob-HP6oy1kt9tUbqZMDnbg==/com.dw.heartrate-7dbfoJnO5wqb9NRgKNyhjw==/base.apk, is_manager: 0
<6>[   41.488073] KernelSU: Found new base.apk at path: /data/app/~~9S69oFgSUW-BP71DDFaGag==/com.tencent.mm-_Ffud674pluTo5F3Rr8P6A==/base.apk, is_manager: 0
<6>[   41.489553] KernelSU: cert length overlimit: 1196
<6>[   41.489574] KernelSU: Found new base.apk at path: /data/app/~~ruIphbIf1Jm4NaDQZKlKhw==/com.dwiot.bloodpressure-SdX7QzZqdI1j3pLtPNUcDw==/base.apk, is_manager: 0
<6>[   41.492375] KernelSU: cert length overlimit: 1196
<6>[   41.492396] KernelSU: Found new base.apk at path: /data/app/~~wo5n_sCkG_xuagY1RMkgag==/com.dw.oxygen-7Ylb5Y4dw2TNpF3R7w0wyQ==/base.apk, is_manager: 0
<6>[   41.495187] KernelSU: cert length overlimit: 1196
<6>[   41.495209] KernelSU: Found new base.apk at path: /data/app/~~FgC1pJ3ZFC_sjcbQc7VjFw==/com.levelinfinite.sgameGlobal.midaspay-IlqmobpFpCnrbQNlgi2gNA==/base.apk, is_manager: 0
<6>[   41.498099] KernelSU: Found new base.apk at path: /data/app/~~5rTUjRttaphVhKymWY925w==/com.byyoung.setting-BfvE8Sh4aiFm5Xc--rGv9Q==/base.apk, is_manager: 0
<6>[   41.499304] KernelSU: cert length overlimit: 1196
<6>[   41.499322] KernelSU: Found new base.apk at path: /data/app/~~k8gKH6loqWb2nIGuFAwG_g==/io.appground.blek-HN2_8HB6v4X7L7slHSLENw==/base.apk, is_manager: 0
<6>[   41.501453] KernelSU: Found new base.apk at path: /data/app/~~X6yDl2HMkowRsklVxp--Tw==/com.deepseek.chat-j-HJ74pSagisIz9JcUaPHQ==/base.apk, is_manager: 0
<6>[   41.503378] KernelSU: Found new base.apk at path: /data/app/~~mzbSuM8vrpRMcOp1R8Ijig==/tech.lolli.toolbox-F1XWO3t6Sxxl-G20JfcRhA==/base.apk, is_manager: 0
<6>[   41.506630] KernelSU: Found new base.apk at path: /data/app/~~pqy7LxJVilJirXNQYjyZNg==/com.github.android-sAzmblIDnxi9XUlc-jD-VQ==/base.apk, is_manager: 0
<6>[   41.510397] KernelSU: cert length overlimit: 1420
<6>[   41.510664] KernelSU: Found new base.apk at path: /data/app/~~J9FP1UOD3rgUvvx5NkRIVA==/llc.itdev.incy-0SdJSDoyB50IZsl8VuzB3Q==/base.apk, is_manager: 0
<6>[   41.514567] KernelSU: cert length overlimit: 1196
<6>[   41.514589] KernelSU: Found new base.apk at path: /data/app/~~PzcEN3BqvKq_24iUZzp4xw==/com.zb.v1_8_14-Rs9RYu8VnyrgtInxK-lV2w==/base.apk, is_manager: 0
<6>[   41.517644] KernelSU: Found new base.apk at path: /data/app/~~UFWG7f9MT9PVhJdmSPjbug==/me.yuki.folk-ttBU6hsBzLu8lTqFXJ3Bnw==/base.apk, is_manager: 0
<6>[   41.520271] KernelSU: Found new base.apk at path: /data/app/~~2Aji-f9rB7QAAUr9t3SD5w==/com.tsng.hidemyapplist-2beU0gkZSuJcApWpvIh-ig==/base.apk, is_manager: 0
<6>[   41.523258] KernelSU: Found new base.apk at path: /data/app/~~IHAed0eHtCMpb38W0PseuQ==/com.qx.wysappmarket-Ehlz9H1rapFAKXl077Z_Og==/base.apk, is_manager: 0
<6>[   41.527294] KernelSU: Found new base.apk at path: /data/app/~~fn0JpEtiQGvjFT3iJ42k4Q==/com.ailife.rotatingcamera-ZDPM_4vWSp3EzwzpiQG8MQ==/base.apk, is_manager: 0
<6>[   41.528989] KernelSU: Found new base.apk at path: /data/app/~~vfflLcNSZgc5gpEzfkoJfQ==/com.sun.jyc.fakewallet-2kRy4HCwkchrFgtzODjL4A==/base.apk, is_manager: 0
<6>[   41.531944] KernelSU: cert length overlimit: 1196
<6>[   41.531966] KernelSU: Found new base.apk at path: /data/app/~~BCRQbY9SqwQQ2jqyFql71A==/com.ss.android.ugc.aweme-t_L6pdOkWro4RgEIA_Ga1A==/base.apk, is_manager: 0
<6>[   41.533904] KernelSU: cert length overlimit: 1196
<6>[   41.533921] KernelSU: Found new base.apk at path: /data/app/~~MhrIdDYyRCFjYjPKr_uZmg==/com.kiloo.subwaysurf.full-OMbKZ2AZW0_rswVd6AsxpQ==/base.apk, is_manager: 0
<6>[   41.538345] KernelSU: Found new base.apk at path: /data/app/~~KYjA1-FlNSPmmYdeHczg0Q==/xyz.nextalone.nagram-UN8XGBbWakx0Re23Y6b9EA==/base.apk, is_manager: 0
<6>[   41.540792] KernelSU: Found new base.apk at path: /data/app/~~zd8Icnq0MsZF9wvUPoBXDA==/com.owo233.tcqt-G5Xxc9yQUHocCyuesVTvUw==/base.apk, is_manager: 0
<6>[   41.542675] KernelSU: cert length overlimit: 1196
<6>[   41.542696] KernelSU: Found new base.apk at path: /data/app/~~biIYQCKeYGd0RHE3w8j7-w==/com.ALOBGames.SCP-2_uCCImNAjOqPEZWmzt84g==/base.apk, is_manager: 0
<6>[   41.543869] KernelSU: Found new base.apk at path: /data/app/~~91QAyxQ0tmfsqu7ClB3paQ==/com.kb.Carrom3DFull-zbpyPw2PsYMPxN1cMZMK5A==/base.apk, is_manager: 0
<6>[   41.545774] KernelSU: cert length overlimit: 1433
<6>[   41.545795] KernelSU: Found new base.apk at path: /data/app/~~o1DoEpPSN5STac7KP-gAfQ==/org.torproject.torbrowser-YVc-BQkcgcgVwBzi9nStCg==/base.apk, is_manager: 0
<6>[   41.549714] KernelSU: Found new base.apk at path: /data/app/~~eMH2CkmWZnM1sLCRTkg2jQ==/me.jsonet.jshook-xtywPvnf5WXI8X6ruFMnnQ==/base.apk, is_manager: 0
<6>[   41.549722] KernelSU: Manager search finished
<6>[   41.549726] KernelSU: boot not completed, skip prune
<3>[   41.549994] KernelSU: load_allow_list open file failed: -2
<11>[   41.551162] [I][580:580][zn-daemon64]:** init attached
<11>[   41.551233] [I][580:580][zn-daemon64]:** loading payload ...
<11>[   41.555467] [I][580:580][zn-daemon64]:libpayload base: 7f9b104000
<11>[   41.555561] [I][580:580][zn-daemon64]:** payload loaded
<11>[   41.555630] [I][580:580][zn-daemon64]:** setting up payload ...
<11>[   41.555741] [I][580:580][zn-daemon64]:** payload has been setup
<11>[   41.555805] [I][580:580][zn-daemon64]:** inline hook prepare ...
<11>[   41.559080] [I][580:580][zn-daemon64]:** hooking execve
<11>[   41.559149] [I][580:580][zn-daemon64]:*** prepare trampoline
<11>[   41.564087] [I][580:580][zn-daemon64]:** inline hook commit
<11>[   41.564415] [I][580:580][zn-daemon64]:execve hook installed
<11>[   41.564499] [I][580:580][zn-daemon64]:** hooking wait4
<11>[   41.564570] [I][580:580][zn-daemon64]:*** prepare trampoline
<11>[   41.569250] [I][580:580][zn-daemon64]:** inline hook commit
<11>[   41.569518] [I][580:580][zn-daemon64]:wait4 hook installed
<11>[   41.569635] [I][580:580][zn-daemon64]:inject success!
<11>[   41.569700] [I][580:580][zn-daemon64]:** do cleanup
<11>[   41.570452] [I][580:580][zn-daemon64]:** do restore
<11>[   41.570836] [I][580:580][zn-daemon64]:loading 64bit zygisk modules
<11>[   41.571668] [I][580:580][zn-daemon64]:loaded 64bit zygisk module zygisk_lsposed
<11>[   41.572579] [I][580:580][zn-daemon64]:loaded 64bit zygisk module zygisk-maphide
<11>[   41.572800] [I][580:580][zn-daemon64]:loaded 2 64bit zygisk module(s)
<11>[   41.573048] [I][580:580][zn-daemon64]:loading 32bit zygisk modules
<11>[   41.573692] [I][580:580][zn-daemon64]:loaded 32bit zygisk module zygisk_lsposed
<11>[   41.574469] [I][580:580][zn-daemon64]:loaded 32bit zygisk module zygisk-maphide
<11>[   41.574640] [I][580:580][zn-daemon64]:loaded 2 32bit zygisk module(s)
<11>[   41.575300] [I][580:580][zn-daemon64]:loading zn modules
<11>[   41.575725] [I][580:580][zn-daemon64]:loaded 0 zn modules
<11>[   41.577313] [I][585:585][zn-daemon64]:** daemon launched
<11>[   41.578370] [I][585:585][zn-daemon64]:** stop klog
<3>[   42.119828] [HYN][enter]hyn_irq_handler
<3>[   42.129629] [HYN][enter]hyn_irq_handler
<3>[   42.139638] [HYN][enter]hyn_irq_handler
<3>[   42.149648] [HYN][enter]hyn_irq_handler
<6>[   42.158622] KernelSU: volumedown_pressed_count: 0
<3>[   42.159651] [HYN][enter]hyn_irq_handler
<6>[   42.169563] KernelSU: ksu fd released
<3>[   42.170005] [HYN][enter]hyn_irq_handler
<14>[   42.170011] init: Service 'exec 13 (/data/adb/ksud post-fs-data)' (pid 568) exited with status 0 waiting took 1.489000 seconds
<14>[   42.171561] init: processing action (post-fs-data) from (/system/etc/init/hw/init.usb.rc:6)
<14>[   42.173193] init: processing action (post-fs-data) from (/vendor/etc/init/hw/init.uws6152_1h10_go.rc:6)
<14>[   42.174001] selinux: avc:  received policyload notice (seqno=0)
<14>[   42.174014] selinux: 
<14>[   42.174117] selinux: avc:  received policyload notice (seqno=0)
<14>[   42.174128] selinux: 
<14>[   42.176859] init: processing action (post-fs-data) from (/vendor/etc/init/hw/init.common.rc:126)
<3>[   42.179668] [HYN][enter]hyn_irq_handler
<14>[   42.187077] init: Command 'mkdir /cache/ylog 0777' action=post-fs-data (/vendor/etc/init/hw/init.common.rc:145) took 0ms and failed: lstat() failed on /cache/ylog: Permission denied
<36>[   42.187540] type=1400 audit(1786020971.775:22): avc: denied { search } for comm="init" name="/" dev="mmcblk0p34" ino=2 scontext=u:r:vendor_init:s0 tcontext=u:object_r:cache_file:s0 tclass=dir permissive=0
<3>[   42.189678] [HYN][enter]hyn_irq_handler
<14>[   42.191328] init: Command 'mkdir /vendor/bin/power 0555 shell shell' action=post-fs-data (/vendor/etc/init/hw/init.common.rc:167) took 0ms and failed: lchown failed on /vendor/bin/power: Read-only file system
<14>[   42.192895] init: Command 'chmod 0555 /vendor/bin/power/cpu/loading/cpu_loading' action=post-fs-data (/vendor/etc/init/hw/init.common.rc:176) took 0ms and failed: fchmodat() failed: Read-only file system
<14>[   42.193203] init: Command 'chmod 0555 /vendor/bin/power/cpu/trans_table/cpu_trans_table' action=post-fs-data (/vendor/etc/init/hw/init.common.rc:177) took 0ms and failed: fchmodat() failed: Read-only file system
<14>[   42.193704] init: Command 'chmod 0555 /vendor/bin/power/cpu/fix_freq/fix_cpu_freq' action=post-fs-data (/vendor/etc/init/hw/init.common.rc:179) took 0ms and failed: fchmodat() failed: Read-only file system
<14>[   42.194068] init: Command 'chmod 0555 /vendor/bin/power/cpu/lit_freq/lit_cpu_freq' action=post-fs-data (/vendor/etc/init/hw/init.common.rc:180) took 0ms and failed: fchmodat() failed: Read-only file system
<14>[   42.194373] init: Command 'chmod 0555 /vendor/bin/power/ddr/bm/tool/ddr_bm' action=post-fs-data (/vendor/etc/init/hw/init.common.rc:182) took 0ms and failed: fchmodat() failed: Read-only file system
<14>[   42.194653] init: Command 'chmod 0555 /vendor/bin/power/ddr/bm/tool/ddr_bm_log' action=post-fs-data (/vendor/etc/init/hw/init.common.rc:183) took 0ms and failed: fchmodat() failed: Read-only file system
<14>[   42.194943] init: Command 'chmod 0555 /vendor/bin/power/ddr/loading/ddr_loading' action=post-fs-data (/vendor/etc/init/hw/init.common.rc:184) took 0ms and failed: fchmodat() failed: Read-only file system
<14>[   42.195224] init: Command 'chmod 0555 /vendor/bin/power/ddr/trans_table/ddr_trans_table' action=post-fs-data (/vendor/etc/init/hw/init.common.rc:185) took 0ms and failed: fchmodat() failed: Read-only file system
<14>[   42.195512] init: Command 'chmod 0555 /vendor/bin/power/ddr/fix_freq/fix_ddr_freq' action=post-fs-data (/vendor/etc/init/hw/init.common.rc:186) took 0ms and failed: fchmodat() failed: Read-only file system
<14>[   42.195830] init: Command 'chmod 0555 /vendor/bin/power/gpu/fix_freq/fix_gpu_freq' action=post-fs-data (/vendor/etc/init/hw/init.common.rc:188) took 0ms and failed: fchmodat() failed: Read-only file system
<14>[   42.196110] init: Command 'chmod 0555 /vendor/bin/power/gpu/loading/gpu_loading' action=post-fs-data (/vendor/etc/init/hw/init.common.rc:189) took 0ms and failed: fchmodat() failed: Read-only file system
<14>[   42.196392] init: Command 'chmod 0555 /vendor/bin/power/gpu/trans_table/gpu_trans_table' action=post-fs-data (/vendor/etc/init/hw/init.common.rc:190) took 0ms and failed: fchmodat() failed: Read-only file system
<3>[   42.199679] [HYN][enter]hyn_irq_handler
<14>[   42.207789] init: Command 'mkdir /etc/wifi 0770 wifi wifi' action=post-fs-data (/vendor/etc/init/hw/init.common.rc:227) took 0ms and failed: mkdir() failed on /etc/wifi: Read-only file system
<3>[   42.209691] [HYN][enter]hyn_irq_handler
<3>[   42.219696] [HYN][enter]hyn_irq_handler
<11>[   42.224104] init: Unable to set property 'ro.audio.offload_wakelock' from uid:0 gid:0 pid:211: Read-only property was already set
<14>[   42.224536] init: processing action (post-fs-data) from (/system/etc/init/bootstat.rc:9)
<3>[   42.229706] [HYN][enter]hyn_irq_handler
<14>[   42.232223] init: processing action (post-fs-data) from (/system/etc/init/dot-system.rc:5)
<14>[   42.232774] init: processing action (post-fs-data) from (/system/etc/init/dot-updates.rc:1)
<12>[   42.232841] init: Top-level directory needs encryption action, eg mkdir /data/dot_updates <mode> <uid> <gid> encryption=Require
<14>[   42.233365] init: processing action (post-fs-data) from (/system/etc/init/gsid.rc:14)
<14>[   42.233436] init: Not setting encryption policy on: /data/gsi
<14>[   42.235551] init: processing action (post-fs-data) from (/system/etc/init/incidentd.rc:21)
<14>[   42.236133] init: processing action (post-fs-data) from (/system/etc/init/iorapd.rc:28)
<14>[   42.236736] init: processing action (post-fs-data) from (/system/etc/init/logtagd.rc:4)
<3>[   42.239717] [HYN][enter]hyn_irq_handler
<14>[   42.240346] init: processing action (post-fs-data) from (/system/etc/init/otapreopt.rc:3)
<14>[   42.242634] init: starting service 'exec 14 (/system/bin/otapreopt_slot)'...
<14>[   42.246036] init: SVC_EXEC service 'exec 14 (/system/bin/otapreopt_slot)' pid 629 (uid 0 gid 0+0 context default) started; waiting...
<6>[   42.246306] KernelSU: mark no sucompat checks for pid: '629', exec: '/system/bin/otapreopt_slot'
<3>[   42.249739] [HYN][enter]hyn_irq_handler
<3>[   42.259733] [HYN][enter]hyn_irq_handler
<3>[   42.269749] [HYN][enter]hyn_irq_handler
<3>[   42.279751] [HYN][enter]hyn_irq_handler
<3>[   42.290039] [HYN][enter]hyn_irq_handler
<3>[   42.300006] [HYN][enter]hyn_irq_handler
<3>[   42.309785] [HYN][enter]hyn_irq_handler
<14>[   42.312354] init: Service 'exec 14 (/system/bin/otapreopt_slot)' (pid 629) exited with status 1 waiting took 0.067000 seconds
<14>[   42.315207] selinux: SELinux: Skipping restorecon on directory(/data/dalvik-cache/arm)
<14>[   42.315215] selinux: 
<14>[   42.316552] selinux: SELinux: Skipping restorecon on directory(/data/dalvik-cache/arm64)
<14>[   42.316559] selinux: 
<11>[   42.316665] selinux: SELinux:  Could not stat /data/dalvik-cache/mips: No such file or directory.
<11>[   42.316669] selinux: 
<11>[   42.316711] selinux: SELinux:  Could not stat /data/dalvik-cache/mips64: No such file or directory.
<11>[   42.316715] selinux: 
<11>[   42.316752] selinux: SELinux:  Could not stat /data/dalvik-cache/x86: No such file or directory.
<11>[   42.316756] selinux: 
<11>[   42.316791] selinux: SELinux:  Could not stat /data/dalvik-cache/x86_64: No such file or directory.
<11>[   42.316794] selinux: 
<14>[   42.316869] init: processing action (post-fs-data) from (/system/etc/init/perfetto.rc:67)
<14>[   42.317421] init: Command 'rm /data/misc/perfetto-traces/.guardraildata' action=post-fs-data (/system/etc/init/perfetto.rc:68) took 0ms and failed: unlink() failed: No such file or directory
<14>[   42.317485] init: processing action (post-fs-data) from (/system/etc/init/recovery-persist.rc:1)
<14>[   42.317888] init: starting service 'exec 15 (/system/bin/recovery-persist)'...
<14>[   42.319539] init: processing action (post-fs-data) from (/system/etc/init/smartcharge-init.rc:1)
<14>[   42.319713] init: processing action (post-fs-data) from (/system/etc/init/tombstoned.rc:10)
<3>[   42.319781] [HYN][enter]hyn_irq_handler
<14>[   42.320012] init: starting service 'tombstoned'...
<14>[   42.320572] init: Created socket '/dev/socket/tombstoned_crash', mode 666, user 1000, group 1000
<6>[   42.320790] KernelSU: mark no sucompat checks for pid: '632', exec: '/system/bin/recovery-persist'
<14>[   42.320916] init: Created socket '/dev/socket/tombstoned_intercept', mode 666, user 1000, group 1000
<14>[   42.321218] init: Created socket '/dev/socket/tombstoned_java_trace', mode 666, user 1000, group 1000
<6>[   42.324687] KernelSU: mark no sucompat checks for pid: '633', exec: '/system/bin/tombstoned'
<14>[   42.325154] init: processing action (post-fs-data) from (/system/etc/init/wifi.rc:18)
<14>[   42.326703] selinux: SELinux: Skipping restorecon on directory(/data/misc/apexdata/com.android.wifi)
<14>[   42.326711] selinux: 
<14>[   42.326786] init: processing action (post-fs-data) from (/vendor/etc/init/hostapd.android.rc:9)
<14>[   42.328696] init: processing action (post-fs-data) from (/vendor/etc/init/storageproxyd_androidp.rc:3)
<14>[   42.329252] init: processing action (post-fs-data) from (/vendor/etc/init/wcn.rc:1)
<3>[   42.329830] [HYN][enter]hyn_irq_handler
<7>[   42.335719] bus: 'platform': add driver mtty
<7>[   42.335917] bus: 'platform': driver_probe_device: matched device sprd-mtty with driver mtty
<7>[   42.335923] bus: 'platform': really_probe: probing driver mtty with device sprd-mtty
<7>[   42.335933] mtty sprd-mtty: no pinctrl handle
<7>[   42.335962] device: 'ttyBT0': device_add
<7>[   42.336119] PM: Adding info for No Bus:ttyBT0
<6>[   42.338523] mtty sprd-mtty: mtty_probe init device addr: 0xffffffc0ef662b00
<3>[   42.339793] [HYN][enter]hyn_irq_handler
<6>[   42.344075] mtty sprd-mtty: -->rfkill_bluetooth_init
<7>[   42.344098] device: 'rfkill0': device_add
<7>[   42.344174] PM: Adding info for No Bus:rfkill0
<6>[   42.344460] mtty sprd-mtty: <--rfkill_bluetooth_init
<6>[   42.344492] mtty sprd-mtty: mtty_probe get hw type:0
<6>[   42.344499] WCN BUS: [+]bus_chn_init(17, 0)
<6>[   42.344504] WCN BUS: [-]bus_chn_init(17)
<6>[   42.344509] WCN BUS: [+]bus_chn_init(3, 0)
<6>[   42.344515] WCN BUS: [-]bus_chn_init(3)
<7>[   42.344694] device: 'hci0': device_add
<7>[   42.344754] PM: Adding info for No Bus:hci0
<7>[   42.344893] device: 'rfkill1': device_add
<7>[   42.344970] PM: Adding info for No Bus:rfkill1
<6>[   42.345053] mtty sprd-mtty: mtty_probe: HCI device hci0 created successfully
<7>[   42.345061] driver: 'mtty': driver_bound: bound to device 'sprd-mtty'
<7>[   42.345108] bus: 'platform': really_probe: bound device sprd-mtty to driver mtty
<7>[   42.345470] PM: Moving platform:charger-manager to end of list
<7>[   42.345491] platform charger-manager: Retrying from deferred list
<14>[   42.345516] init: Service 'exec 15 (/system/bin/recovery-persist)' (pid 632) exited with status 0 oneshot service took 0.026000 seconds in background
<7>[   42.345807] bus: 'platform': driver_probe_device: matched device charger-manager with driver charger-manager
<7>[   42.345818] bus: 'platform': really_probe: probing driver charger-manager with device charger-manager
<7>[   42.345840] charger-manager charger-manager: no pinctrl handle
<6>[   42.346202] charger-manager charger-manager: Ignoring full-battery soc(state of charge) threshold as it is not supplied
<3>[   42.346214] charger-manager charger-manager: Cannot find power supply "eta6947_charger"
<7>[   42.346243] platform charger-manager: Driver charger-manager requests probe deferral
<7>[   42.346256] platform charger-manager: Added to deferred list
<7>[   42.346316] PM: Moving platform:sprd_backlight to end of list
<7>[   42.346323] platform sprd_backlight: Retrying from deferred list
<7>[   42.346397] bus: 'platform': driver_probe_device: matched device sprd_backlight with driver pwm-backlight
<7>[   42.346405] bus: 'platform': really_probe: probing driver pwm-backlight with device sprd_backlight
<7>[   42.346419] pwm-backlight sprd_backlight: no pinctrl handle
<4>[   42.346511] pwm-backlight sprd_backlight: sprd_backlight supply power not found, using dummy regulator
<7>[   42.347049] platform sprd_backlight: Driver pwm-backlight requests probe deferral
<7>[   42.347058] platform sprd_backlight: Added to deferred list
<3>[   42.349808] [HYN][enter]hyn_irq_handler
<7>[   42.351536] hci0
<7>[   42.351544] hci0
<7>[   42.351820] hci0: type 1 len 3
<3>[   42.351830] Bluetooth: hci0 sending frame failed (-19)
<6>[   42.358097] fm get hw type:0
<6>[   42.358107] WCN BUS: [+]bus_chn_init(6, 0)
<6>[   42.358113] WCN BUS: [-]bus_chn_init(6)
<6>[   42.358119] WCN BUS: [+]bus_chn_init(20, 0)
<6>[   42.358123] WCN BUS: [-]bus_chn_init(20)
<3>[   42.358126] fm init channel...
<7>[   42.358182] bus: 'platform': add driver sprd-fm
<7>[   42.358714] bus: 'platform': driver_probe_device: matched device sprd-fm with driver sprd-fm
<7>[   42.358725] bus: 'platform': really_probe: probing driver sprd-fm with device sprd-fm
<7>[   42.358746] sprd-fm sprd-fm: no pinctrl handle
<6>[   42.358779] marlin3 FM driver\xef\xbc\x8cVersion: v0.0
<7>[   42.358793] device: 'fm': device_add
<7>[   42.358841] PM: Adding info for No Bus:fm
<6>[   42.359173] sprd-fm sprd-fm: fm_init success.
<7>[   42.359190] driver: 'sprd-fm': driver_bound: bound to device 'sprd-fm'
<7>[   42.359231] PM: Moving platform:charger-manager to end of list
<7>[   42.359239] platform charger-manager: Retrying from deferred list
<7>[   42.359606] bus: 'platform': driver_probe_device: matched device charger-manager with driver charger-manager
<7>[   42.359617] bus: 'platform': really_probe: probing driver charger-manager with device charger-manager
<7>[   42.359645] charger-manager charger-manager: no pinctrl handle
<3>[   42.359999] [HYN][enter]hyn_irq_handler
<6>[   42.360010] charger-manager charger-manager: Ignoring full-battery soc(state of charge) threshold as it is not supplied
<3>[   42.360024] charger-manager charger-manager: Cannot find power supply "eta6947_charger"
<7>[   42.360049] platform charger-manager: Driver charger-manager requests probe deferral
<7>[   42.360056] platform charger-manager: Added to deferred list
<7>[   42.360152] PM: Moving platform:sprd_backlight to end of list
<7>[   42.360160] platform sprd_backlight: Retrying from deferred list
<7>[   42.360264] bus: 'platform': driver_probe_device: matched device sprd_backlight with driver pwm-backlight
<7>[   42.360273] bus: 'platform': really_probe: probing driver pwm-backlight with device sprd_backlight
<7>[   42.360290] pwm-backlight sprd_backlight: no pinctrl handle
<4>[   42.360384] pwm-backlight sprd_backlight: sprd_backlight supply power not found, using dummy regulator
<7>[   42.360942] platform sprd_backlight: Driver pwm-backlight requests probe deferral
<7>[   42.360951] platform sprd_backlight: Added to deferred list
<7>[   42.361451] bus: 'platform': really_probe: bound device sprd-fm to driver sprd-fm
<6>[   42.361665] sprd-fm sprd-fm: fm: probe success: 0
<14>[   42.364879] init: processing action (post-fs-data) from (/vendor/etc/init/yloglite.rc:7)
<14>[   42.365494] init: processing action (load_persist_props_action) from (/system/etc/init/hw/init.rc:405)
<12>[   42.365762] init: Couldn't load property file '/data/local.prop': open() failed: No such file or directory: No such file or directory
<3>[   42.369841] [HYN][enter]hyn_irq_handler
<14>[   42.373205] init: Wait for property 'ro.persistent_properties.ready=true' took 7ms
<14>[   42.373585] init: starting service 'logd-reinit'...
<14>[   42.376380] init: processing action (load_persist_props_action) from (/system/etc/init/flags_health_check.rc:1)
<12>[   42.376462] init: Top-level directory needs encryption action, eg mkdir /data/server_configurable_flags <mode> <uid> <gid> encryption=Require
<6>[   42.376518] KernelSU: mark no sucompat checks for pid: '637', exec: '/system/bin/logd'
<14>[   42.377428] init: starting service 'exec 16 (/system/bin/flags_health_check BOOT_FAILURE)'...
<14>[   42.379199] init: SVC_EXEC service 'exec 16 (/system/bin/flags_health_check BOOT_FAILURE)' pid 638 (uid 1000 gid 1000+0 context default) started; waiting...
<3>[   42.379831] [HYN][enter]hyn_irq_handler
<6>[   42.380806] KernelSU: mark no sucompat checks for pid: '638', exec: '/system/bin/flags_health_check'
<3>[   42.389835] [HYN][enter]hyn_irq_handler
<30>[   42.394162] logd.daemon: reinit
<14>[   42.394851] init: Service 'logd-reinit' (pid 637) exited with status 0 oneshot service took 0.019000 seconds in background
<3>[   42.399852] [HYN][enter]hyn_irq_handler
<3>[   42.409895] [HYN][enter]hyn_irq_handler
<14>[   42.414937] init: Service 'exec 16 (/system/bin/flags_health_check BOOT_FAILURE)' (pid 638) exited with status 0 waiting took 0.036000 seconds
<14>[   42.415765] init: processing action (load_persist_props_action) from (/system/etc/init/logcatd.rc:29)
<14>[   42.416219] init: processing action (load_bpf_programs) from (/system/etc/init/bpfloader.rc:20)
<14>[   42.417091] init: starting service 'bpfloader'...
<3>[   42.419868] [HYN][enter]hyn_irq_handler
<14>[   42.419924] init: processing action (persist.sys.fuse=true && zygote-start) from (/system/etc/init/hw/init.rc:797)
<6>[   42.420240] KernelSU: mark no sucompat checks for pid: '639', exec: '/system/bin/bpfloader'
<12>[   42.420341] init: DM_DEV_STATUS failed for system: No such device or address
<12>[   42.420355] init: DM_DEV_STATUS failed for vroot: No such device or address
<14>[   42.420952] init: Skip mounting partition: /product
<12>[   42.421712] init: DM_DEV_STATUS failed for system: No such device or address
<12>[   42.421726] init: DM_DEV_STATUS failed for vroot: No such device or address
<14>[   42.422292] init: Skip mounting partition: /product
<12>[   42.422732] init: DM_DEV_STATUS failed for system: No such device or address
<12>[   42.422746] init: DM_DEV_STATUS failed for vroot: No such device or address
<14>[   42.423171] init: Skip mounting partition: /product
<12>[   42.423511] init: DM_DEV_STATUS failed for system: No such device or address
<12>[   42.423523] init: DM_DEV_STATUS failed for vroot: No such device or address
<14>[   42.423933] init: Skip mounting partition: /product
<12>[   42.424256] init: DM_DEV_STATUS failed for system: No such device or address
<12>[   42.424268] init: DM_DEV_STATUS failed for vroot: No such device or address
<14>[   42.424651] init: Skip mounting partition: /product
<12>[   42.424975] init: DM_DEV_STATUS failed for system: No such device or address
<12>[   42.424987] init: DM_DEV_STATUS failed for vroot: No such device or address
<14>[   42.425379] init: Skip mounting partition: /product
<12>[   42.425708] init: DM_DEV_STATUS failed for system: No such device or address
<12>[   42.425721] init: DM_DEV_STATUS failed for vroot: No such device or address
<14>[   42.426215] init: Skip mounting partition: /product
<12>[   42.426562] init: DM_DEV_STATUS failed for system: No such device or address
<12>[   42.426574] init: DM_DEV_STATUS failed for vroot: No such device or address
<14>[   42.426977] init: Skip mounting partition: /product
<12>[   42.427305] init: DM_DEV_STATUS failed for system: No such device or address
<12>[   42.427317] init: DM_DEV_STATUS failed for vroot: No such device or address
<14>[   42.427705] init: Skip mounting partition: /product
<12>[   42.428018] init: DM_DEV_STATUS failed for system: No such device or address
<12>[   42.428029] init: DM_DEV_STATUS failed for vroot: No such device or address
<14>[   42.428423] init: Skip mounting partition: /product
<12>[   42.428794] init: DM_DEV_STATUS failed for system: No such device or address
<12>[   42.428805] init: DM_DEV_STATUS failed for vroot: No such device or address
<14>[   42.429210] init: Skip mounting partition: /product
<12>[   42.429522] init: DM_DEV_STATUS failed for system: No such device or address
<12>[   42.429533] init: DM_DEV_STATUS failed for vroot: No such device or address
<3>[   42.429904] [HYN][enter]hyn_irq_handler
<14>[   42.429983] init: Skip mounting partition: /product
<12>[   42.430328] init: DM_DEV_STATUS failed for system: No such device or address
<12>[   42.430339] init: DM_DEV_STATUS failed for vroot: No such device or address
<14>[   42.430742] init: Skip mounting partition: /product
<12>[   42.431066] init: DM_DEV_STATUS failed for system: No such device or address
<12>[   42.431078] init: DM_DEV_STATUS failed for vroot: No such device or address
<14>[   42.431462] init: Skip mounting partition: /product
<12>[   42.431775] init: DM_DEV_STATUS failed for system: No such device or address
<12>[   42.431786] init: DM_DEV_STATUS failed for vroot: No such device or address
<14>[   42.432188] init: Skip mounting partition: /product
<12>[   42.432498] init: DM_DEV_STATUS failed for system: No such device or address
<12>[   42.432509] init: DM_DEV_STATUS failed for vroot: No such device or address
<14>[   42.432894] init: Skip mounting partition: /product
<12>[   42.433209] init: DM_DEV_STATUS failed for system: No such device or address
<12>[   42.433220] init: DM_DEV_STATUS failed for vroot: No such device or address
<14>[   42.433622] init: Skip mounting partition: /product
<12>[   42.434048] init: DM_DEV_STATUS failed for system: No such device or address
<12>[   42.434062] init: DM_DEV_STATUS failed for vroot: No such device or address
<14>[   42.434634] init: Skip mounting partition: /product
<12>[   42.434991] init: DM_DEV_STATUS failed for system: No such device or address
<12>[   42.435004] init: DM_DEV_STATUS failed for vroot: No such device or address
<14>[   42.435394] init: Skip mounting partition: /product
<12>[   42.435812] init: DM_DEV_STATUS failed for system: No such device or address
<12>[   42.435823] init: DM_DEV_STATUS failed for vroot: No such device or address
<14>[   42.436237] init: Skip mounting partition: /product
<12>[   42.436583] init: DM_DEV_STATUS failed for system: No such device or address
<12>[   42.436595] init: DM_DEV_STATUS failed for vroot: No such device or address
<14>[   42.436992] init: Skip mounting partition: /product
<12>[   42.437317] init: DM_DEV_STATUS failed for system: No such device or address
<12>[   42.437328] init: DM_DEV_STATUS failed for vroot: No such device or address
<14>[   42.437746] init: Skip mounting partition: /product
<12>[   42.438144] init: DM_DEV_STATUS failed for system: No such device or address
<12>[   42.438156] init: DM_DEV_STATUS failed for vroot: No such device or address
<14>[   42.438569] init: Skip mounting partition: /product
<12>[   42.438894] init: DM_DEV_STATUS failed for system: No such device or address
<12>[   42.438906] init: DM_DEV_STATUS failed for vroot: No such device or address
<14>[   42.439316] init: Skip mounting partition: /product
<12>[   42.439631] init: DM_DEV_STATUS failed for system: No such device or address
<12>[   42.439642] init: DM_DEV_STATUS failed for vroot: No such device or address
<3>[   42.439880] [HYN][enter]hyn_irq_handler
<14>[   42.440038] init: Skip mounting partition: /product
<12>[   42.440725] init: DM_DEV_STATUS failed for system: No such device or address
<12>[   42.440737] init: DM_DEV_STATUS failed for vroot: No such device or address
<14>[   42.441144] init: Skip mounting partition: /product
<14>[   42.441736] init: processing action (ro.crypto.state=unsupported && zygote-start) from (/system/etc/init/hw/init.rc:820)
<14>[   42.442374] init: starting service 'update_verifier_nonencrypted'...
<14>[   42.445158] init: SVC_EXEC service 'update_verifier_nonencrypted' pid 640 (uid 0 gid 2001+1 context default) started; waiting...
<6>[   42.445341] KernelSU: mark no sucompat checks for pid: '640', exec: '/system/bin/update_verifier'
<3>[   42.449894] [HYN][enter]hyn_irq_handler
<3>[   42.459910] [HYN][enter]hyn_irq_handler
<3>[   42.469937] [HYN][enter]hyn_irq_handler
<3>[   42.480193] [HYN][enter]hyn_irq_handler
<14>[   42.487570] init: Service 'update_verifier_nonencrypted' (pid 640) exited with status 0 waiting took 0.043000 seconds
<3>[   42.489956] [HYN][enter]hyn_irq_handler
<14>[   42.490638] init: starting service 'statsd'...
<14>[   42.492282] init: Created socket '/dev/socket/statsdw', mode 222, user 1066, group 1066
<6>[   42.496480] KernelSU: mark no sucompat checks for pid: '641', exec: '/apex/com.android.os.statsd/bin/statsd'
<14>[   42.498575] init: starting service 'netd'...
<3>[   42.499947] [HYN][enter]hyn_irq_handler
<14>[   42.500574] init: Created socket '/dev/socket/dnsproxyd', mode 660, user 0, group 3003
<14>[   42.502290] init: Created socket '/dev/socket/mdns', mode 660, user 0, group 1000
<14>[   42.503494] init: Created socket '/dev/socket/fwmarkd', mode 660, user 0, group 3003
<6>[   42.508035] KernelSU: mark no sucompat checks for pid: '642', exec: '/system/bin/netd'
<3>[   42.509964] [HYN][enter]hyn_irq_handler
<14>[   42.512494] init: starting service 'zygote'...
<14>[   42.514762] init: Created socket '/dev/socket/zygote', mode 660, user 0, group 1000
<14>[   42.515777] init: Created socket '/dev/socket/usap_pool_primary', mode 660, user 0, group 1000
<14>[   42.519887] init: Service 'bpfloader' (pid 639) exited with status 0 oneshot service took 0.101000 seconds in background
<3>[   42.519964] [HYN][enter]hyn_irq_handler
<14>[   42.524484] init: starting service 'zygote_secondary'...
<14>[   42.525002] init: Created socket '/dev/socket/zygote_secondary', mode 660, user 0, group 1000
<14>[   42.525268] init: Created socket '/dev/socket/usap_pool_secondary', mode 660, user 0, group 1000
<14>[   42.528429] init: processing action (firmware_mounts_complete) from (/system/etc/init/hw/init.rc:411)
<14>[   42.528534] init: processing action (early-boot) from (/vendor/etc/init/hw/init.common.rc:430)
<3>[   42.530146] [HYN][enter]hyn_irq_handler
<3>[   42.539971] [HYN][enter]hyn_irq_handler
<3>[   42.549986] [HYN][enter]hyn_irq_handler
<6>[   42.554764] KernelSU: exec zygote, /data prepared, second_stage: 1
<6>[   42.554772] KernelSU: on_post_fs_data already done
<3>[   42.559985] [HYN][enter]hyn_irq_handler
<3>[   42.570034] [HYN][enter]hyn_irq_handler
<3>[   42.580002] [HYN][enter]hyn_irq_handler
<3>[   42.590022] [HYN][enter]hyn_irq_handler
<14>[   42.595815] init: processing action (early-boot) from (/system/etc/init/installd.rc:5)
<3>[   42.600118] [HYN][enter]hyn_irq_handler
<3>[   42.610039] [HYN][enter]hyn_irq_handler
<14>[   42.613241] init: processing action (early-boot) from (/system/etc/init/vndk.rc:11)
<14>[   42.613570] init: starting service 'exec 17 (/system/bin/phh-on-data.sh)'...
<14>[   42.615234] init: SVC_EXEC service 'exec 17 (/system/bin/phh-on-data.sh)' pid 654 (uid 0 gid 0+0 context default) started; waiting...
<6>[   42.617007] KernelSU: mark no sucompat checks for pid: '654', exec: '/system/bin/phh-on-data.sh'
<3>[   42.620058] [HYN][enter]hyn_irq_handler
<3>[   42.630063] [HYN][enter]hyn_irq_handler
<3>[   42.640054] [HYN][enter]hyn_irq_handler
<3>[   42.650076] [HYN][enter]hyn_irq_handler
<3>[   42.660088] [HYN][enter]hyn_irq_handler
<3>[   42.670091] [HYN][enter]hyn_irq_handler
<3>[   42.680100] [HYN][enter]hyn_irq_handler
<3>[   42.690103] [HYN][enter]hyn_irq_handler
<3>[   42.700167] [HYN][enter]hyn_irq_handler
<3>[   42.710152] [HYN][enter]hyn_irq_handler
<3>[   42.720143] [HYN][enter]hyn_irq_handler
<3>[   42.730188] [HYN][enter]hyn_irq_handler
<3>[   42.740179] [HYN][enter]hyn_irq_handler
<3>[   42.750173] [HYN][enter]hyn_irq_handler
<3>[   42.760217] [HYN][enter]hyn_irq_handler
<3>[   42.770191] [HYN][enter]hyn_irq_handler
<3>[   42.780234] [HYN][enter]hyn_irq_handler
<3>[   42.790225] [HYN][enter]hyn_irq_handler
<3>[   42.800234] [HYN][enter]hyn_irq_handler
<3>[   42.810243] [HYN][enter]hyn_irq_handler
<12>[   42.810686] init: DM_DEV_STATUS failed for system: No such device or address
<12>[   42.810856] init: DM_DEV_STATUS failed for vroot: No such device or address
<14>[   42.812648] init: Skip mounting partition: /product
<12>[   42.814399] init: DM_DEV_STATUS failed for system: No such device or address
<12>[   42.814414] init: DM_DEV_STATUS failed for vroot: No such device or address
<14>[   42.814955] init: Skip mounting partition: /product
<12>[   42.815386] init: DM_DEV_STATUS failed for system: No such device or address
<12>[   42.815399] init: DM_DEV_STATUS failed for vroot: No such device or address
<14>[   42.815855] init: Skip mounting partition: /product
<12>[   42.816241] init: DM_DEV_STATUS failed for system: No such device or address
<12>[   42.816254] init: DM_DEV_STATUS failed for vroot: No such device or address
<14>[   42.816683] init: Skip mounting partition: /product
<12>[   42.817047] init: DM_DEV_STATUS failed for system: No such device or address
<12>[   42.817060] init: DM_DEV_STATUS failed for vroot: No such device or address
<14>[   42.817489] init: Skip mounting partition: /product
<12>[   42.817840] init: DM_DEV_STATUS failed for system: No such device or address
<12>[   42.817930] init: DM_DEV_STATUS failed for vroot: No such device or address
<14>[   42.818482] init: Skip mounting partition: /product
<12>[   42.818894] init: DM_DEV_STATUS failed for system: No such device or address
<12>[   42.818907] init: DM_DEV_STATUS failed for vroot: No such device or address
<14>[   42.819328] init: Skip mounting partition: /product
<12>[   42.819682] init: DM_DEV_STATUS failed for system: No such device or address
<12>[   42.819694] init: DM_DEV_STATUS failed for vroot: No such device or address
<14>[   42.820107] init: Skip mounting partition: /product
<3>[   42.820245] [HYN][enter]hyn_irq_handler
<12>[   42.820450] init: DM_DEV_STATUS failed for system: No such device or address
<12>[   42.820463] init: DM_DEV_STATUS failed for vroot: No such device or address
<14>[   42.820871] init: Skip mounting partition: /product
<12>[   42.821210] init: DM_DEV_STATUS failed for system: No such device or address
<12>[   42.821222] init: DM_DEV_STATUS failed for vroot: No such device or address
<14>[   42.821610] init: Skip mounting partition: /product
<12>[   42.822077] init: DM_DEV_STATUS failed for system: No such device or address
<12>[   42.822094] init: DM_DEV_STATUS failed for vroot: No such device or address
<14>[   42.822518] init: Skip mounting partition: /product
<12>[   42.822857] init: DM_DEV_STATUS failed for system: No such device or address
<12>[   42.822870] init: DM_DEV_STATUS failed for vroot: No such device or address
<14>[   42.823469] init: Skip mounting partition: /product
<12>[   42.823844] init: DM_DEV_STATUS failed for system: No such device or address
<12>[   42.823857] init: DM_DEV_STATUS failed for vroot: No such device or address
<14>[   42.824263] init: Skip mounting partition: /product
<12>[   42.824617] init: DM_DEV_STATUS failed for system: No such device or address
<12>[   42.824629] init: DM_DEV_STATUS failed for vroot: No such device or address
<14>[   42.825031] init: Skip mounting partition: /product
<12>[   42.825375] init: DM_DEV_STATUS failed for system: No such device or address
<12>[   42.825386] init: DM_DEV_STATUS failed for vroot: No such device or address
<14>[   42.825795] init: Skip mounting partition: /product
<12>[   42.826225] init: DM_DEV_STATUS failed for system: No such device or address
<12>[   42.826237] init: DM_DEV_STATUS failed for vroot: No such device or address
<14>[   42.826642] init: Skip mounting partition: /product
<12>[   42.826974] init: DM_DEV_STATUS failed for system: No such device or address
<12>[   42.826987] init: DM_DEV_STATUS failed for vroot: No such device or address
<14>[   42.827399] init: Skip mounting partition: /product
<12>[   42.827717] init: DM_DEV_STATUS failed for system: No such device or address
<12>[   42.827728] init: DM_DEV_STATUS failed for vroot: No such device or address
<14>[   42.828134] init: Skip mounting partition: /product
<12>[   42.828443] init: DM_DEV_STATUS failed for system: No such device or address
<12>[   42.828455] init: DM_DEV_STATUS failed for vroot: No such device or address
<14>[   42.828865] init: Skip mounting partition: /product
<12>[   42.829253] init: DM_DEV_STATUS failed for system: No such device or address
<12>[   42.829264] init: DM_DEV_STATUS failed for vroot: No such device or address
<14>[   42.829676] init: Skip mounting partition: /product
<3>[   42.830254] [HYN][enter]hyn_irq_handler
<12>[   42.830263] init: DM_DEV_STATUS failed for system: No such device or address
<12>[   42.830275] init: DM_DEV_STATUS failed for vroot: No such device or address
<14>[   42.830693] init: Skip mounting partition: /product
<12>[   42.831022] init: DM_DEV_STATUS failed for system: No such device or address
<12>[   42.831033] init: DM_DEV_STATUS failed for vroot: No such device or address
<14>[   42.831436] init: Skip mounting partition: /product
<12>[   42.831761] init: DM_DEV_STATUS failed for system: No such device or address
<12>[   42.831773] init: DM_DEV_STATUS failed for vroot: No such device or address
<14>[   42.832177] init: Skip mounting partition: /product
<12>[   42.832493] init: DM_DEV_STATUS failed for system: No such device or address
<12>[   42.832504] init: DM_DEV_STATUS failed for vroot: No such device or address
<14>[   42.832905] init: Skip mounting partition: /product
<12>[   42.833232] init: DM_DEV_STATUS failed for system: No such device or address
<12>[   42.833243] init: DM_DEV_STATUS failed for vroot: No such device or address
<14>[   42.833650] init: Skip mounting partition: /product
<12>[   42.834550] init: DM_DEV_STATUS failed for system: No such device or address
<12>[   42.834563] init: DM_DEV_STATUS failed for vroot: No such device or address
<14>[   42.835037] init: Skip mounting partition: /product
<12>[   42.835644] init: DM_DEV_STATUS failed for system: No such device or address
<12>[   42.835656] init: DM_DEV_STATUS failed for vroot: No such device or address
<14>[   42.836048] init: Skip mounting partition: /product
<12>[   42.836393] init: DM_DEV_STATUS failed for system: No such device or address
<12>[   42.836405] init: DM_DEV_STATUS failed for vroot: No such device or address
<14>[   42.836808] init: Skip mounting partition: /product
<12>[   42.837172] init: DM_DEV_STATUS failed for system: No such device or address
<12>[   42.837184] init: DM_DEV_STATUS failed for vroot: No such device or address
<14>[   42.837596] init: Skip mounting partition: /product
<12>[   42.837964] init: DM_DEV_STATUS failed for system: No such device or address
<12>[   42.837976] init: DM_DEV_STATUS failed for vroot: No such device or address
<14>[   42.838378] init: Skip mounting partition: /product
<12>[   42.838907] init: DM_DEV_STATUS failed for system: No such device or address
<12>[   42.838920] init: DM_DEV_STATUS failed for vroot: No such device or address
<14>[   42.839368] init: Skip mounting partition: /product
<12>[   42.839857] init: DM_DEV_STATUS failed for system: No such device or address
<12>[   42.839869] init: DM_DEV_STATUS failed for vroot: No such device or address
<14>[   42.840303] init: Skip mounting partition: /product
<3>[   42.840308] [HYN][enter]hyn_irq_handler
<12>[   42.840655] init: DM_DEV_STATUS failed for system: No such device or address
<12>[   42.840666] init: DM_DEV_STATUS failed for vroot: No such device or address
<14>[   42.841086] init: Skip mounting partition: /product
<12>[   42.841414] init: DM_DEV_STATUS failed for system: No such device or address
<12>[   42.841425] init: DM_DEV_STATUS failed for vroot: No such device or address
<14>[   42.841820] init: Skip mounting partition: /product
<12>[   42.842581] init: DM_DEV_STATUS failed for system: No such device or address
<12>[   42.842594] init: DM_DEV_STATUS failed for vroot: No such device or address
<14>[   42.842998] init: Skip mounting partition: /product
<12>[   42.843349] init: DM_DEV_STATUS failed for system: No such device or address
<12>[   42.843361] init: DM_DEV_STATUS failed for vroot: No such device or address
<14>[   42.843772] init: Skip mounting partition: /product
<12>[   42.844112] init: DM_DEV_STATUS failed for system: No such device or address
<12>[   42.844124] init: DM_DEV_STATUS failed for vroot: No such device or address
<14>[   42.844504] init: Skip mounting partition: /product
<12>[   42.844840] init: DM_DEV_STATUS failed for system: No such device or address
<12>[   42.844852] init: DM_DEV_STATUS failed for vroot: No such device or address
<14>[   42.845257] init: Skip mounting partition: /product
<12>[   42.845574] init: DM_DEV_STATUS failed for system: No such device or address
<12>[   42.845585] init: DM_DEV_STATUS failed for vroot: No such device or address
<14>[   42.846039] init: Skip mounting partition: /product
<12>[   42.846395] init: DM_DEV_STATUS failed for system: No such device or address
<12>[   42.846407] init: DM_DEV_STATUS failed for vroot: No such device or address
<14>[   42.846800] init: Skip mounting partition: /product
<12>[   42.847195] init: DM_DEV_STATUS failed for system: No such device or address
<12>[   42.847207] init: DM_DEV_STATUS failed for vroot: No such device or address
<14>[   42.847620] init: Skip mounting partition: /product
<12>[   42.847967] init: DM_DEV_STATUS failed for system: No such device or address
<12>[   42.847978] init: DM_DEV_STATUS failed for vroot: No such device or address
<14>[   42.848363] init: Skip mounting partition: /product
<12>[   42.848691] init: DM_DEV_STATUS failed for system: No such device or address
<12>[   42.848703] init: DM_DEV_STATUS failed for vroot: No such device or address
<14>[   42.849100] init: Skip mounting partition: /product
<12>[   42.849432] init: DM_DEV_STATUS failed for system: No such device or address
<12>[   42.849443] init: DM_DEV_STATUS failed for vroot: No such device or address
<14>[   42.849923] init: Skip mounting partition: /product
<3>[   42.850271] [HYN][enter]hyn_irq_handler
<12>[   42.850374] init: DM_DEV_STATUS failed for system: No such device or address
<12>[   42.850386] init: DM_DEV_STATUS failed for vroot: No such device or address
<14>[   42.850983] init: Skip mounting partition: /product
<12>[   42.851360] init: DM_DEV_STATUS failed for system: No such device or address
<12>[   42.851372] init: DM_DEV_STATUS failed for vroot: No such device or address
<14>[   42.851800] init: Skip mounting partition: /product
<12>[   42.852158] init: DM_DEV_STATUS failed for system: No such device or address
<12>[   42.852170] init: DM_DEV_STATUS failed for vroot: No such device or address
<14>[   42.852572] init: Skip mounting partition: /product
<12>[   42.852902] init: DM_DEV_STATUS failed for system: No such device or address
<12>[   42.852914] init: DM_DEV_STATUS failed for vroot: No such device or address
<14>[   42.853328] init: Skip mounting partition: /product
<12>[   42.853664] init: DM_DEV_STATUS failed for system: No such device or address
<12>[   42.853675] init: DM_DEV_STATUS failed for vroot: No such device or address
<14>[   42.854837] init: Skip mounting partition: /product
<12>[   42.855308] init: DM_DEV_STATUS failed for system: No such device or address
<12>[   42.855320] init: DM_DEV_STATUS failed for vroot: No such device or address
<14>[   42.855749] init: Skip mounting partition: /product
<12>[   42.856097] init: DM_DEV_STATUS failed for system: No such device or address
<12>[   42.856109] init: DM_DEV_STATUS failed for vroot: No such device or address
<14>[   42.856516] init: Skip mounting partition: /product
<12>[   42.856856] init: DM_DEV_STATUS failed for system: No such device or address
<12>[   42.856868] init: DM_DEV_STATUS failed for vroot: No such device or address
<14>[   42.857268] init: Skip mounting partition: /product
<12>[   42.857587] init: DM_DEV_STATUS failed for system: No such device or address
<12>[   42.857599] init: DM_DEV_STATUS failed for vroot: No such device or address
<14>[   42.858061] init: Skip mounting partition: /product
<12>[   42.858397] init: DM_DEV_STATUS failed for system: No such device or address
<12>[   42.858408] init: DM_DEV_STATUS failed for vroot: No such device or address
<14>[   42.858789] init: Skip mounting partition: /product
<12>[   42.859109] init: DM_DEV_STATUS failed for system: No such device or address
<12>[   42.859120] init: DM_DEV_STATUS failed for vroot: No such device or address
<14>[   42.859515] init: Skip mounting partition: /product
<12>[   42.860205] init: DM_DEV_STATUS failed for system: No such device or address
<12>[   42.860217] init: DM_DEV_STATUS failed for vroot: No such device or address
<14>[   42.860629] init: Skip mounting partition: /product
<3>[   42.860639] [HYN][enter]hyn_irq_handler
<12>[   42.861196] init: DM_DEV_STATUS failed for system: No such device or address
<12>[   42.861208] init: DM_DEV_STATUS failed for vroot: No such device or address
<14>[   42.861619] init: Skip mounting partition: /product
<12>[   42.862028] init: DM_DEV_STATUS failed for system: No such device or address
<12>[   42.862040] init: DM_DEV_STATUS failed for vroot: No such device or address
<14>[   42.862459] init: Skip mounting partition: /product
<12>[   42.862799] init: DM_DEV_STATUS failed for system: No such device or address
<12>[   42.862812] init: DM_DEV_STATUS failed for vroot: No such device or address
<14>[   42.863219] init: Skip mounting partition: /product
<12>[   42.863544] init: DM_DEV_STATUS failed for system: No such device or address
<12>[   42.863556] init: DM_DEV_STATUS failed for vroot: No such device or address
<14>[   42.863947] init: Skip mounting partition: /product
<3>[   42.870756] [HYN][enter]hyn_irq_handler
<3>[   42.880325] [HYN][enter]hyn_irq_handler
<14>[   42.889793] init: Service 'exec 17 (/system/bin/phh-on-data.sh)' (pid 654) exited with status 1 waiting took 0.274000 seconds
<3>[   42.890312] [HYN][enter]hyn_irq_handler
<14>[   42.890675] init: processing action (boot) from (/system/etc/init/hw/init.rc:836)
<14>[   42.893177] init: Command 'write /sys/fs/f2fs/${dev.mnt.blk.data}/cp_interval 200' action=boot (/system/etc/init/hw/init.rc:865) took 0ms and failed: property 'dev.mnt.blk.data' doesn't exist while expanding '/sys/fs/f2fs/${dev.mnt.blk.data}/cp_interval'
<14>[   42.893212] init: Command 'write /sys/fs/f2fs/${dev.mnt.blk.data}/gc_urgent_sleep_time 50' action=boot (/system/etc/init/hw/init.rc:866) took 0ms and failed: property 'dev.mnt.blk.data' doesn't exist while expanding '/sys/fs/f2fs/${dev.mnt.blk.data}/gc_urgent_sleep_time'
<14>[   42.893238] init: Command 'write /sys/fs/f2fs/${dev.mnt.blk.data}/iostat_enable 1' action=boot (/system/etc/init/hw/init.rc:867) took 0ms and failed: property 'dev.mnt.blk.data' doesn't exist while expanding '/sys/fs/f2fs/${dev.mnt.blk.data}/iostat_enable'
<14>[   42.893263] init: Command 'write /sys/devices/virtual/block/${dev.mnt.blk.data}/queue/discard_max_bytes 134217728' action=boot (/system/etc/init/hw/init.rc:872) took 0ms and failed: property 'dev.mnt.blk.data' doesn't exist while expanding '/sys/devices/virtual/block/${dev.mnt.blk.data}/queue/discard_max_bytes'
<14>[   42.895093] init: starting service 'hidl_memory'...
<14>[   42.898111] init: starting service 'system_suspend'...
<6>[   42.898601] KernelSU: mark no sucompat checks for pid: '669', exec: '/system/bin/hw/android.hidl.allocator@1.0-service'
<3>[   42.900327] [HYN][enter]hyn_irq_handler
<14>[   42.901733] init: starting service 'healthd'...
<6>[   42.905334] KernelSU: mark no sucompat checks for pid: '670', exec: '/system/bin/hw/android.system.suspend@1.0-service'
<14>[   42.905786] init: starting service 'vr_hwc'...
<6>[   42.909137] KernelSU: mark no sucompat checks for pid: '671', exec: '/system/bin/healthd'
<14>[   42.909602] init: starting service 'vendor.audio-hal-2-0'...
<3>[   42.910337] [HYN][enter]hyn_irq_handler
<6>[   42.916126] KernelSU: mark no sucompat checks for pid: '672', exec: '/system/bin/vr_hwc'
<11>[   42.916441] init: Could not start service 'vendor.bluetooth.a2dp-1-0' as part of class 'hal': File /vendor/bin/hw/android.hardware.bluetooth.a2dp@1.0-service.unisoc (labeled "u:object_r:vendor_file:s0") has incorrect label or no domain transition from u:r:init:s0 to another SELinux domain defined. Have you configured your service correctly? https://source.android.com/security/selinux/device-policy#label_new_services_and_address_denials
<14>[   42.916657] init: starting service 'vendor.bluetooth-1-0'...
<3>[   42.920360] [HYN][enter]hyn_irq_handler
<14>[   42.923674] init: starting service 'vendor.camera-provider-2-4'...
<6>[   42.924043] KernelSU: mark no sucompat checks for pid: '673', exec: '/vendor/bin/hw/android.hardware.audio@2.0-service'
<11>[   42.927025] init: failed to write pid to files: couldn't write 675 to /dev/cpuset/camera-daemon/tasks: No such file or directory
<6>[   42.929763] KernelSU: mark no sucompat checks for pid: '675', exec: '/vendor/bin/hw/android.hardware.camera.provider@2.4-service'
<3>[   42.930368] [HYN][enter]hyn_irq_handler
<14>[   42.933181] init: starting service 'vendor.cas-hal-1-0'...
<6>[   42.939779] KernelSU: mark no sucompat checks for pid: '674', exec: '/vendor/bin/hw/android.hardware.bluetooth@1.0-service.unisoc'
<3>[   42.940394] [HYN][enter]hyn_irq_handler
<14>[   42.940814] init: starting service 'vendor.configstore-hal'...
<14>[   42.949249] init: starting service 'vendor.drm-hal-1-0'...
<3>[   42.950399] [HYN][enter]hyn_irq_handler
<3>[   42.960420] [HYN][enter]hyn_irq_handler
<3>[   42.970415] [HYN][enter]hyn_irq_handler
<3>[   42.980420] [HYN][enter]hyn_irq_handler
<14>[   42.983318] init: starting service 'vendor.drm-clearkey-hal-1-1'...
<3>[   42.990438] [HYN][enter]hyn_irq_handler
<14>[   42.990577] init: starting service 'vendor.drm-widevine-hal-1-1'...
<36>[   42.994148] type=1400 audit(1786020972.579:23): avc: denied { read } for comm="healthd" name="type" dev="sysfs" ino=22068 scontext=u:r:healthd:s0 tcontext=u:object_r:sysfs:s0 tclass=file permissive=0
<12>[   42.994568] healthd: No battery devices found
<36>[   42.997351] type=1400 audit(1786020972.583:24): avc: denied { read } for comm="healthd" name="type" dev="sysfs" ino=22068 scontext=u:r:healthd:s0 tcontext=u:object_r:sysfs:s0 tclass=file permissive=0
<12>[   42.997584] healthd: battery none chg=
<3>[   43.000447] [HYN][enter]hyn_irq_handler
<14>[   43.003361] init: starting service 'vendor.gatekeeper-1-0'...
<14>[   43.009223] init: starting service 'vendor.gralloc-2-0'...
<3>[   43.010454] [HYN][enter]hyn_irq_handler
<6>[   43.014318] KernelSU: mark no sucompat checks for pid: '676', exec: '/vendor/bin/hw/android.hardware.cas@1.0-service'
<14>[   43.019236] init: starting service 'vendor.hwcomposer-2-1'...
<3>[   43.020495] [HYN][enter]hyn_irq_handler
<6>[   43.022180] KernelSU: mark no sucompat checks for pid: '678', exec: '/vendor/bin/hw/android.hardware.configstore@1.1-service'
<14>[   43.026406] init: starting service 'health-hal-2-0'...
<14>[   43.026549] init: Opened file '/dev/kmsg', flags 1
<6>[   43.026835] KernelSU: mark no sucompat checks for pid: '679', exec: '/vendor/bin/hw/android.hardware.drm@1.0-service'
<6>[   43.028901] KernelSU: mark no sucompat checks for pid: '680', exec: '/vendor/bin/hw/android.hardware.drm@1.1-service.clearkey'
<3>[   43.030490] [HYN][enter]hyn_irq_handler
<14>[   43.035000] init: starting service 'usb-hal-1-1'...
<6>[   43.038461] KernelSU: mark no sucompat checks for pid: '684', exec: '/vendor/bin/hw/android.hardware.graphics.allocator@2.0-service'
<6>[   43.039348] KernelSU: mark no sucompat checks for pid: '681', exec: '/vendor/bin/hw/android.hardware.drm@1.1-service.widevine'
<3>[   43.040520] [HYN][enter]hyn_irq_handler
<6>[   43.048480] KernelSU: mark no sucompat checks for pid: '683', exec: '/vendor/bin/hw/android.hardware.gatekeeper@1.0-service'
<6>[   43.048898] KernelSU: mark no sucompat checks for pid: '687', exec: '/vendor/bin/hw/android.hardware.health@2.0-service'
<3>[   43.050507] [HYN][enter]hyn_irq_handler
<6>[   43.054130] KernelSU: mark no sucompat checks for pid: '688', exec: '/vendor/bin/hw/android.hardware.usb@1.1-service'
<3>[   43.060536] [HYN][enter]hyn_irq_handler
<3>[   43.070533] [HYN][enter]hyn_irq_handler
<14>[   43.073898] init: starting service 'vendor.wifi_hal_legacy'...
<3>[   43.080536] [HYN][enter]hyn_irq_handler
<14>[   43.082521] init: starting service 'combined-hal-1-0'...
<14>[   43.088969] init: starting service 'vendor.sprd.hardware.connmgr@1.0-service'...
<3>[   43.090545] [HYN][enter]hyn_irq_handler
<6>[   43.094374] KernelSU: mark no sucompat checks for pid: '686', exec: '/vendor/bin/hw/android.hardware.graphics.composer@2.1-service'
<6>[   43.096523] KernelSU: mark no sucompat checks for pid: '690', exec: '/vendor/bin/hw/vendor.sprd.hardware.combined@1.0-service'
<3>[   43.100553] [HYN][enter]hyn_irq_handler
<14>[   43.104244] init: starting service 'vendor.sprd.hardware.cplog_connmgr@1.0-service'...
<6>[   43.104581] KernelSU: mark no sucompat checks for pid: '691', exec: '/vendor/bin/hw/vendor.sprd.hardware.connmgr@1.0-service'
<6>[   43.107154] KernelSU: mark no sucompat checks for pid: '689', exec: '/vendor/bin/hw/android.hardware.wifi@1.0-service'
<3>[   43.110562] [HYN][enter]hyn_irq_handler
<14>[   43.113490] init: starting service 'vendor.sprd.hardware.ifaa@1.0-service'...
<6>[   43.118065] KernelSU: mark no sucompat checks for pid: '692', exec: '/vendor/bin/hw/vendor.sprd.hardware.cplog_connmgr@1.0-service'
<3>[   43.120576] [HYN][enter]hyn_irq_handler
<3>[   43.130619] [HYN][enter]hyn_irq_handler
<14>[   43.134391] init: starting service 'vendor.sprd.hardware.log@1.0-service'...
<6>[   43.134437] KernelSU: mark no sucompat checks for pid: '693', exec: '/vendor/bin/hw/vendor.sprd.hardware.ifaa@1.0-service'
<3>[   43.140636] [HYN][enter]hyn_irq_handler
<3>[   43.150619] [HYN][enter]hyn_irq_handler
<14>[   43.152489] init: starting service 'vendor.sprd.hardware.network@1.0-service'...
<6>[   43.157122] KernelSU: mark no sucompat checks for pid: '694', exec: '/vendor/bin/hw/vendor.sprd.hardware.log@1.0-service'
<3>[   43.160619] [HYN][enter]hyn_irq_handler
<3>[   43.170621] [HYN][enter]hyn_irq_handler
<6>[   43.178020] KernelSU: mark no sucompat checks for pid: '696', exec: '/vendor/bin/hw/vendor.sprd.hardware.network@1.0-service'
<3>[   43.180650] [HYN][enter]hyn_irq_handler
<3>[   43.190663] [HYN][enter]hyn_irq_handler
<3>[   43.200667] [HYN][enter]hyn_irq_handler
<12>[   43.204028] healthd: No battery devices found
<36>[   43.206110] type=1400 audit(1786020972.791:25): avc: denied { read } for comm="android.hardwar" name="type" dev="sysfs" ino=22068 scontext=u:r:hal_health_default:s0 tcontext=u:object_r:sysfs:s0 tclass=file permissive=0
<3>[   43.210676] [HYN][enter]hyn_irq_handler
<3>[   43.220700] [HYN][enter]hyn_irq_handler
<14>[   43.226691] android.hardware.health@2.0-impl: it_interval.tv_sec: 0, it_value.tv_sec:0
<12>[   43.227994] healthd: battery none chg=
<3>[   43.230689] [HYN][enter]hyn_irq_handler
<3>[   43.240706] [HYN][enter]hyn_irq_handler
<3>[   43.250725] [HYN][enter]hyn_irq_handler
<3>[   43.260757] [HYN][enter]hyn_irq_handler
<14>[   43.261999] init: starting service 'vendor.power-hal-3-0-sprd'...
<3>[   43.270745] [HYN][enter]hyn_irq_handler
<6>[   43.279705] KernelSU: mark no sucompat checks for pid: '708', exec: '/vendor/bin/hw/vendor.sprd.hardware.power@3.0-service'
<3>[   43.280743] [HYN][enter]hyn_irq_handler
<3>[   43.290766] [HYN][enter]hyn_irq_handler
<6>[   43.291043] trusty: [46.499][TA]IFAA: 302: handle_msg before malloc, msg_info.len = 14
<6>[   43.291047] trusty: [46.499][TA]IFAA: 62: handle_request(cmd=0)
<6>[   43.291049] trusty: [46.499][TA]IFAA: 71:  cmd_id: 66
<6>[   43.291051] trusty: [46.499][TA]IFAA: 190: SET_DEVICE_VENDOR: s_device_vendor_id = 0x08
<6>[   43.291053] trusty: [46.499][TA]IFAA: 795: Output buffer length: 8
<6>[   43.291055] trusty: [46.499][TA]IFAA: 67: handle_request PROCESS_CMD return out (0x4c0b8)
<6>[   43.291058] trusty: [46.499][TA]IFAA: 366: handle_msg END successfully!
<3>[   43.300783] [HYN][enter]hyn_irq_handler
<14>[   43.302197] init: Command 'class_start hal' action=boot (/system/etc/init/hw/init.rc:934) took 407ms and succeeded
<14>[   43.302554] init: starting service 'gpsd'...
<7>[   43.308164] firmware_class: __allocate_fw_buf: fw-rgx.fw.signed.22.102.54.38 buf=ffffffc0eeea3100
<3>[   43.310858] [HYN][enter]hyn_irq_handler
<7>[   43.315332] pvrsrvkm 60000000.gpu: direct-loading rgx.fw.signed.22.102.54.38
<7>[   43.315359] firmware_class: fw_set_page_data: fw-rgx.fw.signed.22.102.54.38 buf=ffffffc0eeea3100 data=ffffff8012445000 size=1466368
<7>[   43.318219] firmware_class: __fw_free_buf: fw-rgx.fw.signed.22.102.54.38 buf=ffffffc0eeea3100 data=ffffff8012445000 size=1466368
<3>[   43.320804] [HYN][enter]hyn_irq_handler
<6>[   43.330609] KernelSU: mark no sucompat checks for pid: '709', exec: '/vendor/bin/gpsd'
<3>[   43.331010] [HYN][enter]hyn_irq_handler
<14>[   43.332751] init: starting service 'audioserver'...
<3>[   43.340850] [HYN][enter]hyn_irq_handler
<14>[   43.348233] init: starting service 'credstore'...
<3>[   43.350964] [HYN][enter]hyn_irq_handler
<3>[   43.360892] [HYN][enter]hyn_irq_handler
<14>[   43.365250] init: starting service 'gpu'...
<3>[   43.370843] [HYN][enter]hyn_irq_handler
<6>[   43.372194] KernelSU: mark no sucompat checks for pid: '713', exec: '/system/bin/audioserver'
<6>[   43.373340] KernelSU: mark no sucompat checks for pid: '716', exec: '/system/bin/credstore'
<14>[   43.377147] init: starting service 'surfaceflinger'...
<14>[   43.378998] init: Could not create socket 'pdx/system/vr/display/client': Failed to bind socket 'pdx/system/vr/display/client': No such file or directory
<14>[   43.380381] init: Could not create socket 'pdx/system/vr/display/manager': Failed to bind socket 'pdx/system/vr/display/manager': No such file or directory
<3>[   43.380849] [HYN][enter]hyn_irq_handler
<14>[   43.390735] init: Could not create socket 'pdx/system/vr/display/vsync': Failed to bind socket 'pdx/system/vr/display/vsync': No such file or directory
<3>[   43.390864] [HYN][enter]hyn_irq_handler
<6>[   43.394552] KernelSU: mark no sucompat checks for pid: '721', exec: '/system/bin/gpuservice'
<14>[   43.397748] init: starting service 'vendor.engpcclientlte_lite'...
<3>[   43.400884] [HYN][enter]hyn_irq_handler
<6>[   43.401697] KernelSU: mark no sucompat checks for pid: '728', exec: '/vendor/bin/engpc'
<14>[   43.404517] init: starting service 'vendor.engpcclientpppd'...
<3>[   43.410862] [HYN][enter]hyn_irq_handler
<6>[   43.410964] KernelSU: mark no sucompat checks for pid: '730', exec: '/vendor/bin/engpc'
<14>[   43.414988] init: starting service 'vendor.modem_control'...
<3>[   43.420886] [HYN][enter]hyn_irq_handler
<3>[   43.430892] [HYN][enter]hyn_irq_handler
<14>[   43.433563] init: starting service 'vendor.modemd'...
<6>[   43.437976] KernelSU: mark no sucompat checks for pid: '727', exec: '/system/bin/surfaceflinger'
<14>[   43.438886] init: starting service 'vendor.rpmbproxy'...
<6>[   43.440044] KernelSU: mark no sucompat checks for pid: '733', exec: '/vendor/bin/modemd'
<3>[   43.440897] [HYN][enter]hyn_irq_handler
<14>[   43.447021] init: starting service 'vendor.tsupplicant'...
<14>[   43.450259] init: Command 'class_start core' action=boot (/system/etc/init/hw/init.rc:936) took 147ms and succeeded
<3>[   43.450909] [HYN][enter]hyn_irq_handler
<14>[   43.459434] init: starting service 'exec 18 (/system/bin/fsverity_init)'...
<3>[   43.460954] [HYN][enter]hyn_irq_handler
<6>[   43.462306] [drm] sprd_dsi_connector_detect()
<6>[   43.462338] [drm] sprd_dsi_connector_get_modes()
<6>[   43.462343] [drm] sprd_panel_get_modes()
<6>[   43.462371] [drm] sprd_dsi_connector_mode_valid() mode: 85:"408x502" 62 12800 408 408 408 408 502 502 502 502 0x48 0x0
<6>[   43.462384] [drm] sprd_crtc_mode_valid() mode: 85:"408x502" 62 12800 408 408 408 408 502 502 502 502 0x48 0x0
<14>[   43.464941] init: SVC_EXEC service 'exec 18 (/system/bin/fsverity_init)' pid 736 (uid 0 gid 0+0 context default) started; waiting...
<3>[   43.470940] [HYN][enter]hyn_irq_handler
<6>[   43.472161] [drm] sprd_dsi_connector_detect()
<6>[   43.472171] [drm] sprd_dsi_connector_get_modes()
<6>[   43.472176] [drm] sprd_panel_get_modes()
<6>[   43.472209] [drm] sprd_dsi_connector_mode_valid() mode: 85:"408x502" 62 12800 408 408 408 408 502 502 502 502 0x48 0x0
<6>[   43.472222] [drm] sprd_crtc_mode_valid() mode: 85:"408x502" 62 12800 408 408 408 408 502 502 502 502 0x48 0x0
<6>[   43.473544] [drm] sprd_dsi_connector_best_encoder()
<6>[   43.473554] [drm] sprd_dsi_connector_best_encoder()
<6>[   43.473573] [drm] sprd_crtc_mode_valid() mode: 0:"408x502" 62 12800 408 408 408 408 502 502 502 502 0x48 0x0
<6>[   43.473580] [drm] sprd_dsi_encoder_atomic_check()
<6>[   43.473599] [drm] sprd_crtc_mode_set_nofb() set mode: 408x502
<6>[   43.473606] [drm][         dpu_modeset] begin switch to 408 x 502
<6>[   43.473611] [drm] sprd_dsi_encoder_mode_set() set mode: 408x502
<6>[   43.475146] KernelSU: mark no sucompat checks for pid: '732', exec: '/vendor/bin/modem_control'
<6>[   43.475414] KernelSU: mark no sucompat checks for pid: '734', exec: '/vendor/bin/sprdstorageproxyd'
<6>[   43.475665] KernelSU: mark no sucompat checks for pid: '735', exec: '/vendor/bin/tsupplicant'
<6>[   43.479120] [gsp]sprd_gsp_get_capability_ioctl()-get cap io_cnt:7, core_cnt:1 ,size:92
<6>[   43.479189] [gsp]sprd_gsp_get_capability_ioctl()-get cap io_cnt:7, core_cnt:1 ,size:176
<3>[   43.480945] [HYN][enter]hyn_irq_handler
<3>[   43.490966] [HYN][enter]hyn_irq_handler
<3>[   43.500962] [HYN][enter]hyn_irq_handler
<6>[   43.510674] KernelSU: mark no sucompat checks for pid: '736', exec: '/system/bin/fsverity_init'
<3>[   43.510956] [HYN][enter]hyn_irq_handler
<3>[   43.520978] [HYN][enter]hyn_irq_handler
<6>[   43.526691] trusty: ss: check_rpmb:no authen key, rpmb don't program key
<6>[   43.526700] trusty: ss: rpmb_proxy_connect: rpmb_don't program key
<3>[   43.530977] [HYN][enter]hyn_irq_handler
<3>[   43.540983] [HYN][enter]hyn_irq_handler
<3>[   43.550999] [HYN][enter]hyn_irq_handler
<3>[   43.551965] [HYN][enter]release_all_finger
<14>[   43.610169] init: Service 'exec 18 (/system/bin/fsverity_init)' (pid 736) exited with status 255 waiting took 0.149000 seconds
<14>[   43.611373] init: processing action (boot) from (/vendor/etc/init/hw/init.uws6152_1h10_go.rc:191)
<6>[   43.628381] spipe 6-6 not ready to open!
<6>[   43.629037] spipe 5-6 not ready to open!
<6>[   43.632370] spipe 6-6 not ready to open!
<6>[   43.638750] trusty: trusty_kernelbootcp: 75: cmd KERNEL_BOOTCP_UNLOCK_DDR
<6>[   43.638760] trusty: trusty_kernelbootcp: 172: TA:kbc_unlock_ddr() 
<6>[   43.638765] trusty: trusty_kernelbootcp: 157: dump_table() len = 0 maplen = 0 addr = 0 
<6>[   43.638767] trusty: footer
<6>[   43.638772] trusty: 0000 00 00 00 00 00 00 00 00 00 00 00 00 00 00 00 00
<6>[   43.638776] trusty: 0010 00 00 00 00 00 00 00 00 00 00 00 00 00 00 00 00
<6>[   43.638780] trusty: 0020 00 00 00 00 00 00 00 00 00 00 00 00 00 00 00 00
<6>[   43.638784] trusty: 0030 00 00 00 00 00 00 00 00 00 00 00 00 00 00 00 00
<6>[   43.638789] trusty: trusty_kernelbootcp: 157: dump_table() len = 0 maplen = 0 addr = 0 
<6>[   43.638792] trusty: footer
<6>[   43.638796] trusty: 0000 00 00 00 00 00 00 00 00 00 00 00 00 00 00 00 00
<6>[   43.638800] trusty: 0010 00 00 00 00 00 00 00 00 00 00 00 00 00 00 00 00
<6>[   43.638804] trusty: 0020 00 00 00 00 00 00 00 00 00 00 00 00 00 00 00 00
<6>[   43.638808] trusty: 0030 00 00 00 00 00 00 00 00 00 00 00 00 00 00 00 00
<6>[   43.638813] trusty: trusty_kernelbootcp: 157: dump_table() len = 0 maplen = 0 addr = 0 
<6>[   43.638816] trusty: footer
<6>[   43.638820] trusty: 0000 00 00 00 00 00 00 00 00 00 00 00 00 00 00 00 00
<6>[   43.638824] trusty: 0010 00 00 00 00 00 00 00 00 00 00 00 00 00 00 00 00
<6>[   43.638828] trusty: 0020 00 00 00 00 00 00 00 00 00 00 00 00 00 00 00 00
<6>[   43.638832] trusty: 0030 00 00 00 00 00 00 00 00 00 00 00 00 00 00 00 00
<6>[   43.638837] trusty: trusty_kernelbootcp: 157: dump_table() len = 0 maplen = 0 addr = 0 
<6>[   43.638839] trusty: footer
<6>[   43.638843] trusty: 0000 00 00 00 00 00 00 00 00 00 00 00 00 00 00 00 00
<6>[   43.638848] trusty: 0010 00 00 00 00 00 00 00 00 00 00 00 00 00 00 00 00
<6>[   43.638852] trusty: 0020 00 00 00 00 00 00 00 00 00 00 00 00 00 00 00 00
<6>[   43.638856] trusty: 0030 00 00 00 00 00 00 00 00 00 00 00 00 00 00 00 00
<6>[   43.638860] trusty: trusty_kernelbootcp: 157: dump_table() len = 0 maplen = 0 addr = 0 
<6>[   43.638863] trusty: footer
<6>[   43.638867] trusty: 0000 00 00 00 00 00 00 00 00 00 00 00 00 00 00 00 00
<6>[   43.638871] trusty: 0010 00 00 00 00 00 00 00 00 00 00 00 00 00 00 00 00
<6>[   43.638875] trusty: 0020 00 00 00 00 00 00 00 00 00 00 00 00 00 00 00 00
<6>[   43.639845] trusty: 0030 00 00 00 00 00 00 00 00 00 00 00 00 00 00 00 00
<6>[   43.639853] trusty: trusty_kernelbootcp: 164: dump_table() flag = 31 
<6>[   43.639858] trusty: trusty_kernelbootcp: 165: dump_table() is_packed = 0 
<6>[   43.639862] trusty: [   47.179324] c2 enter SEC_KBC_STOP_CP
<6>[   43.639867] trusty: [   47.179337] c2 dump_table() len = 0 maplen = 0 addr = 0 
<6>[   43.639871] trusty: [   47.179346] c2 dump_table() len = 0 maplen = 0 addr = 0 
<6>[   43.639875] trusty: [   47.179353] c2 dump_table() len = 0 maplen = 0 addr = 0 
<6>[   43.639879] trusty: [   47.179360] c2 dump_table() len = 0 maplen = 0 addr = 0 
<6>[   43.639882] trusty: [   47.179367] c2 dump_table() flag = 31 
<6>[   43.639886] trusty: [   47.179373] c2 dump_table() is_packed = 0 
<6>[   43.639889] trusty: [   47.179379] c2 kbc_stop_cp() enter 
<6>[   43.639893] trusty: [   47.179384] c2 reg_addr = 0xffffffffe11f7174
<6>[   43.639897] trusty: [   47.179395] c2 before reg = 0400
<6>[   43.639900] trusty: [   47.179404] c2 after  reg = 0400
<6>[   43.639904] trusty: [   47.179409] c2 reg_addr = 0xffffffffe11e70b0
<6>[   43.639907] trusty: [   47.179419] c2 before reg = 0007
<6>[   43.639910] trusty: [   47.179428] c2 after  reg = 0007
<6>[   43.639914] trusty: [   47.179434] c2 reg_addr = 0xffffffffe11e70cc
<6>[   43.639917] trusty: [   47.179443] c2 before reg = 6802e
<6>[   43.639921] trusty: [   47.179452] c2 after  reg = 6802e
<6>[   43.639924] trusty: [   47.179457] c2 reg_addr = 0xffffffffe11e7058
<6>[   43.640533] trusty: [   47.179889] c2 before reg = 2010101
<6>[   43.640539] trusty: [   47.179902] c2 after  reg = 2010101
<6>[   43.640543] trusty: [   47.179908] c2 kbc_stop_cp() leave 
<6>[   43.640548] trusty: trusty_kernelbootcp: 175: TA:SEC_KBC_STOP_CP() ret = 0
<6>[   43.640552] trusty: trusty_kernelbootcp: 178: TA:SEC_FIREWALL_UNLOCK_CP_DDR() ret = 0
<6>[   43.640556] trusty: trusty_kernelbootcp: 95: kbc_send_response rc = 4 
<14>[   43.650506] init: processing action (boot) from (/vendor/etc/init/hw/init.common.rc:302)
<6>[   43.659594] 1001,
<6>[   43.659601] 1002,
<6>[   43.659606] 1005,
<6>[   43.659610] 1006,
<6>[   43.659613] 1012,
<6>[   43.659616] 1013,
<6>[   43.659619] 1022,
<6>[   43.659622] 1023,
<6>[   43.659625] 1024,
<6>[   43.659628] 1025,
<6>[   43.659631] 2000,
<6>[   43.659634] 9999,
<6>[   43.660899] 1061,
<6>[   43.660906] 10000,
<6>[   43.660910] 10023,
<6>[   43.660913] 10074,
<6>[   43.660916] 10075,
<6>[   43.662590] slog,
<6>[   43.664254] white_list_comm:launcher-loader,
<6>[   43.664970] white_list_comm:droid.launcher3,
<6>[   43.664975] white_list_comm:AndroidTestSuit,
<6>[   43.666731] 10000,
<14>[   43.726022] init: Command 'write /sys/devices/system/cpu/cpuhotplug/dynamic_load_disable 1' action=boot (/vendor/etc/init/hw/init.common.rc:386) took 6ms and failed: Unable to write to file '/sys/devices/system/cpu/cpuhotplug/dynamic_load_disable': open() failed: Permission denied
<6>[   43.727304] spipe 5-21 not ready to open!
<14>[   43.785414] init: processing action (boot) from (/vendor/etc/init/hw/init.uws6152_1h10_go.usb.rc:44)
<14>[   43.786440] init: processing action (boot) from (/vendor/etc/init/hw/init.storage.rc:4)
<14>[   43.789312] init: processing action (boot) from (/system/etc/init/dumpstate.rc:1)
<14>[   43.789552] init: processing action (boot) from (/system/etc/init/gsid.rc:20)
<14>[   43.790004] init: starting service 'exec 19 (/system/bin/gsid run-startup-tasks)'...
<14>[   43.792907] init: processing action (enable_property_trigger) from (<Builtin Action>:0)
<14>[   43.793454] init: processing action (apexd.status=ready && ro.product.cpu.abilist32=*) from (/system/etc/init/hw/init.rc:89)
<14>[   43.793823] init: starting service 'boringssl_self_test_apex32'...
<6>[   43.802839] KernelSU: mark no sucompat checks for pid: '748', exec: '/system/bin/gsid'
<14>[   43.809130] init: SVC_EXEC service 'boringssl_self_test_apex32' pid 750 (uid 0 gid 0+0 context default) started; waiting...
<36>[   43.814732] type=1400 audit(1786020973.399:26): avc: granted { open } for comm="init" path="/dev/kmsg_debug" dev="tmpfs" ino=10581 scontext=u:r:init:s0 tcontext=u:object_r:kmsg_debug_device:s0 tclass=chr_file
<6>[   43.816789] KernelSU: mark no sucompat checks for pid: '750', exec: '/apex/com.android.conscrypt/bin/boringssl_self_test32'
<6>[   43.827469] spipe 5-21 not ready to open!
<14>[   43.875446] init: Service 'boringssl_self_test_apex32' (pid 750) exited with status 0 waiting took 0.068000 seconds
<14>[   43.877516] init: processing action (apexd.status=ready && ro.product.cpu.abilist64=*) from (/system/etc/init/hw/init.rc:91)
<14>[   43.878444] init: starting service 'boringssl_self_test_apex64'...
<14>[   43.884030] init: SVC_EXEC service 'boringssl_self_test_apex64' pid 758 (uid 0 gid 0+0 context default) started; waiting...
<36>[   43.898571] type=1400 audit(1786020973.479:27): avc: granted { open } for comm="init" path="/dev/kmsg_debug" dev="tmpfs" ino=10581 scontext=u:r:init:s0 tcontext=u:object_r:kmsg_debug_device:s0 tclass=chr_file
<6>[   43.902073] KernelSU: mark no sucompat checks for pid: '758', exec: '/apex/com.android.conscrypt/bin/boringssl_self_test64'
<14>[   43.921811] init: Service 'exec 19 (/system/bin/gsid run-startup-tasks)' (pid 748) exited with status 0 oneshot service took 0.130000 seconds in background
<6>[   43.926147] MM_PW: 675 325 sprd_cam_pw_on: Done, uses: 1, read count 1, cb: ffffff80009b0144
<3>[   43.927362] mmsys_dvfs_power:on=1 begin
<6>[   43.927369] mmsys_notify_call_chain:   notifier_type :1 enter
<6>[   43.927374] mmsys_notify_call_chain:   pw opened count 0
<6>[   43.927378] mmsys_notify_call_chain:  pw opened count 1
<6>[   43.927384] mmsys_notify_call_chain: notifier_type :1 exit
<3>[   43.927387] mmsys_dvfs_power: end
<6>[   43.927397] SENSOR_CORE: 675: sprd_sensor_file_open line=633: open sensor file successfully
<3>[   43.927549] SENSOR_DRV: 675: sprd_sensor_sync_lock L 718: sprd_sensor_sync_lock, error
<3>[   43.927557] SENSOR_DRV: 675: sprd_sensor_sync_unlock L 729: sprd_sensor_sync_unlock, error
<6>[   43.927675] spipe 5-21 not ready to open!
<3>[   43.931105] SENSOR_DRV: 675: sprd_sensor_sync_lock L 718: sprd_sensor_sync_lock, error
<3>[   43.931116] SENSOR_DRV: 675: sprd_sensor_sync_unlock L 729: sprd_sensor_sync_unlock, error
<3>[   43.931200] SENSOR_DRV: 675: sprd_sensor_sync_lock L 718: sprd_sensor_sync_lock, error
<3>[   43.931208] SENSOR_DRV: 675: sprd_sensor_set_i2c_addr L 834: sprd_sensor_set_i2c_addr, error
<3>[   43.931214] SENSOR_DRV: 675: sprd_sensor_sync_unlock L 729: sprd_sensor_sync_unlock, error
<3>[   43.931301] SENSOR_DRV: 675: sprd_sensor_sync_lock L 718: sprd_sensor_sync_lock, error
<3>[   43.931308] SENSOR_DRV: 675: sprd_sensor_set_i2c_clk L 848: sprd_sensor_set_i2c_clk, error
<3>[   43.931314] SENSOR_DRV: 675: sprd_sensor_sync_unlock L 729: sprd_sensor_sync_unlock, error
<3>[   43.931403] SENSOR_DRV: 675: sprd_sensor_sync_lock L 718: sprd_sensor_sync_lock, error
<3>[   43.931409] SENSOR_DRV: 675: sprd_sensor_set_pd_level L 742: sprd_sensor_set_pd_level, error
<3>[   43.931414] SENSOR_DRV: 675: sprd_sensor_sync_unlock L 729: sprd_sensor_sync_unlock, error
<3>[   43.931467] SENSOR_DRV: 675: sprd_sensor_sync_lock L 718: sprd_sensor_sync_lock, error
<3>[   43.931474] SENSOR_DRV: 675: sprd_sensor_set_rst_level L 789: sprd_sensor_set_rst_level, error
<3>[   43.931479] SENSOR_DRV: 675: sprd_sensor_sync_unlock L 729: sprd_sensor_sync_unlock, error
<3>[   43.931526] SENSOR_DRV: 675: sprd_sensor_sync_lock L 718: sprd_sensor_sync_lock, error
<3>[   43.931534] SENSOR_DRV: 675: sprd_sensor_set_mclk L 639: sensor clock no device 0
<3>[   43.931540] SENSOR_DRV: 675: sprd_sensor_sync_unlock L 729: sprd_sensor_sync_unlock, error
<3>[   43.931624] SENSOR_DRV: 675: sprd_sensor_sync_lock L 718: sprd_sensor_sync_lock, error
<3>[   43.931635] SENSOR_DRV: 675: sprd_sensor_set_voltage_by_gpio L 335: sprd_sensor_set_voltage_by_gpio, error
<3>[   43.931641] SENSOR_DRV: 675: sprd_sensor_sync_unlock L 729: sprd_sensor_sync_unlock, error
<3>[   43.931717] SENSOR_DRV: 675: sprd_sensor_sync_lock L 718: sprd_sensor_sync_lock, error
<3>[   43.931723] SENSOR_DRV: 675: sprd_sensor_set_voltage_by_gpio L 335: sprd_sensor_set_voltage_by_gpio, error
<3>[   43.931729] SENSOR_DRV: 675: sprd_sensor_sync_unlock L 729: sprd_sensor_sync_unlock, error
<3>[   43.931812] SENSOR_DRV: 675: sprd_sensor_sync_lock L 718: sprd_sensor_sync_lock, error
<3>[   43.931819] SENSOR_DRV: 675: sprd_sensor_set_voltage_by_gpio L 335: sprd_sensor_set_voltage_by_gpio, error
<3>[   43.931824] SENSOR_DRV: 675: sprd_sensor_sync_unlock L 729: sprd_sensor_sync_unlock, error
<3>[   43.938752] SENSOR_DRV: 675: sprd_sensor_sync_lock L 718: sprd_sensor_sync_lock, error
<3>[   43.938764] SENSOR_DRV: 675: sprd_sensor_set_voltage_by_gpio L 335: sprd_sensor_set_voltage_by_gpio, error
<3>[   43.938771] SENSOR_DRV: 675: sprd_sensor_sync_unlock L 729: sprd_sensor_sync_unlock, error
<3>[   43.938899] SENSOR_DRV: 675: sprd_sensor_sync_lock L 718: sprd_sensor_sync_lock, error
<3>[   43.938906] SENSOR_DRV: 675: sprd_sensor_set_voltage_by_gpio L 335: sprd_sensor_set_voltage_by_gpio, error
<3>[   43.938912] SENSOR_DRV: 675: sprd_sensor_sync_unlock L 729: sprd_sensor_sync_unlock, error
<3>[   43.940696] SENSOR_DRV: 675: sprd_sensor_sync_lock L 718: sprd_sensor_sync_lock, error
<3>[   43.940706] SENSOR_DRV: 675: sprd_sensor_set_voltage_by_gpio L 335: sprd_sensor_set_voltage_by_gpio, error
<3>[   43.940712] SENSOR_DRV: 675: sprd_sensor_sync_unlock L 729: sprd_sensor_sync_unlock, error
<14>[   43.946749] init: Service 'boringssl_self_test_apex64' (pid 758) exited with status 0 waiting took 0.065000 seconds
<14>[   43.948389] init: processing action (security.perf_harden=1 && sys.init.perf_lsm_hooks=) from (/system/etc/init/hw/init.rc:1009)
<14>[   43.949743] init: processing action (security.perf_harden=1) from (/system/etc/init/hw/init.rc:1019)
<14>[   43.952392] init: processing action (ro.debuggable=1) from (/system/etc/init/hw/init.rc:1046)
<14>[   43.952769] init: processing action (init.svc.audioserver=running) from (/system/etc/init/audioserver.rc:35)
<14>[   43.952882] init: Command 'start vendor.audio-hal' action=init.svc.audioserver=running (/system/etc/init/audioserver.rc:36) took 0ms and failed: service vendor.audio-hal not found
<14>[   43.952976] init: Command 'start vendor.audio-hal-4-0-msd' action=init.svc.audioserver=running (/system/etc/init/audioserver.rc:37) took 0ms and failed: service vendor.audio-hal-4-0-msd not found
<14>[   43.953073] init: Command 'start audio-hal-2-0' action=init.svc.audioserver=running (/system/etc/init/audioserver.rc:40) took 0ms and failed: service audio-hal-2-0 not found
<14>[   43.953123] init: processing action (ro.persistent_properties.ready=true) from (/system/etc/init/bootstat.rc:67)
<14>[   43.953763] init: processing action (ro.persistent_properties.ready=true) from (/system/etc/init/bootstat.rc:71)
<14>[   43.955054] init: starting service 'exec 20 (/system/bin/bootstat --set_system_boot_reason)'...
<14>[   43.958788] init: processing action (persist.heapprofd.enable= && traced.lazy.heapprofd=) from (/system/etc/init/heapprofd.rc:34)
<14>[   43.960023] init: processing action (ro.debuggable=1) from (/system/etc/init/llkd-debuggable.rc:1)
<3>[   43.961005] SENSOR_DRV: 675: sprd_sensor_sync_lock L 718: sprd_sensor_sync_lock, error
<3>[   43.961017] SENSOR_DRV: 675: sprd_sensor_set_mclk L 639: sensor clock no device 0
<3>[   43.961023] SENSOR_DRV: 675: sprd_sensor_sync_unlock L 729: sprd_sensor_sync_unlock, error
<14>[   43.961430] init: processing action (ro.debuggable=*) from (/system/etc/init/llkd.rc:2)
<14>[   43.966271] init: processing action (debug.atrace.user_initiated= && persist.traced.enable=1) from (/system/etc/init/perfetto.rc:47)
<14>[   43.967099] init: starting service 'traced_probes'...
<14>[   43.967181] init: Opened file '/dev/kmsg', flags 1
<3>[   43.971459] SENSOR_DRV: 675: sprd_sensor_sync_lock L 718: sprd_sensor_sync_lock, error
<3>[   43.971470] SENSOR_DRV: 675: sprd_sensor_set_pd_level L 742: sprd_sensor_set_pd_level, error
<3>[   43.971477] SENSOR_DRV: 675: sprd_sensor_sync_unlock L 729: sprd_sensor_sync_unlock, error
<14>[   43.976815] init: processing action (persist.traced.enable=1) from (/system/etc/init/perfetto.rc:50)
<14>[   43.978041] init: starting service 'traced'...
<6>[   43.979442] KernelSU: mark no sucompat checks for pid: '760', exec: '/system/bin/bootstat'
<14>[   43.979513] init: Created socket '/dev/socket/traced_consumer', mode 666, user 0, group 0
<6>[   43.980089] KernelSU: mark no sucompat checks for pid: '761', exec: '/system/bin/traced_probes'
<14>[   43.984155] init: Created socket '/dev/socket/traced_producer', mode 666, user 0, group 0
<3>[   43.991738] SENSOR_DRV: 675: sprd_sensor_sync_lock L 718: sprd_sensor_sync_lock, error
<3>[   43.991751] SENSOR_DRV: 675: sprd_sensor_set_rst_level L 789: sprd_sensor_set_rst_level, error
<3>[   43.991757] SENSOR_DRV: 675: sprd_sensor_sync_unlock L 729: sprd_sensor_sync_unlock, error
<6>[   44.010038] KernelSU: mark no sucompat checks for pid: '762', exec: '/system/bin/traced'
<3>[   44.012240] SENSOR_DRV: 675: sprd_sensor_sync_lock L 718: sprd_sensor_sync_lock, error
<3>[   44.012251] SENSOR_DRV: 675: sprd_sensor_read_reg L 873: sprd_sensor_read_reg, error
<3>[   44.012257] SENSOR_DRV: 675: sprd_sensor_sync_unlock L 729: sprd_sensor_sync_unlock, error
<3>[   44.012529] SENSOR_DRV: 675: sprd_sensor_sync_lock L 718: sprd_sensor_sync_lock, error
<3>[   44.012537] SENSOR_DRV: 675: sprd_sensor_set_rst_level L 789: sprd_sensor_set_rst_level, error
<3>[   44.012542] SENSOR_DRV: 675: sprd_sensor_sync_unlock L 729: sprd_sensor_sync_unlock, error
<3>[   44.012592] SENSOR_DRV: 675: sprd_sensor_sync_lock L 718: sprd_sensor_sync_lock, error
<3>[   44.012600] SENSOR_DRV: 675: sprd_sensor_set_mclk L 639: sensor clock no device 0
<3>[   44.012606] SENSOR_DRV: 675: sprd_sensor_sync_unlock L 729: sprd_sensor_sync_unlock, error
<3>[   44.012681] SENSOR_DRV: 675: sprd_sensor_sync_lock L 718: sprd_sensor_sync_lock, error
<3>[   44.012687] SENSOR_DRV: 675: sprd_sensor_set_pd_level L 742: sprd_sensor_set_pd_level, error
<3>[   44.012693] SENSOR_DRV: 675: sprd_sensor_sync_unlock L 729: sprd_sensor_sync_unlock, error
<3>[   44.012735] SENSOR_DRV: 675: sprd_sensor_sync_lock L 718: sprd_sensor_sync_lock, error
<3>[   44.012742] SENSOR_DRV: 675: sprd_sensor_set_voltage_by_gpio L 335: sprd_sensor_set_voltage_by_gpio, error
<3>[   44.012748] SENSOR_DRV: 675: sprd_sensor_sync_unlock L 729: sprd_sensor_sync_unlock, error
<3>[   44.012825] SENSOR_DRV: 675: sprd_sensor_sync_lock L 718: sprd_sensor_sync_lock, error
<3>[   44.012831] SENSOR_DRV: 675: sprd_sensor_set_voltage_by_gpio L 335: sprd_sensor_set_voltage_by_gpio, error
<3>[   44.012837] SENSOR_DRV: 675: sprd_sensor_sync_unlock L 729: sprd_sensor_sync_unlock, error
<3>[   44.012910] SENSOR_DRV: 675: sprd_sensor_sync_lock L 718: sprd_sensor_sync_lock, error
<3>[   44.012917] SENSOR_DRV: 675: sprd_sensor_set_voltage_by_gpio L 335: sprd_sensor_set_voltage_by_gpio, error
<3>[   44.012923] SENSOR_DRV: 675: sprd_sensor_sync_unlock L 729: sprd_sensor_sync_unlock, error
<3>[   44.013386] SENSOR_DRV: 675: sprd_sensor_set_mclk L 639: sensor clock no device 0
<3>[   44.013393] SENSOR_DRV: 675: sprd_sensor_set_voltage_by_gpio L 335: sprd_sensor_set_voltage_by_gpio, error
<3>[   44.013399] SENSOR_DRV: 675: sprd_sensor_set_voltage_by_gpio L 335: sprd_sensor_set_voltage_by_gpio, error
<3>[   44.013405] SENSOR_DRV: 675: sprd_sensor_set_voltage_by_gpio L 335: sprd_sensor_set_voltage_by_gpio, error
<3>[   44.013413] mmsys_dvfs_power:on=0 begin
<6>[   44.013419] mmsys_notify_call_chain:   notifier_type :2 enter
<6>[   44.013423] mmsys_notify_call_chain:   pw opened count 1
<6>[   44.013428] mmsys_notify_call_chain: notifier_type :2 exit
<3>[   44.013430] mmsys_dvfs_power: end
<6>[   44.014394] MM_PW: 675 398 sprd_cam_pw_off: Done, read count 1, cb: ffffff80009b19f8
<6>[   44.014406] SENSOR_CORE: 675: sprd_sensor_file_release line=688: sensor: release -22
<6>[   44.015222] MM_PW: 675 325 sprd_cam_pw_on: Done, uses: 1, read count 1, cb: ffffff80009b0144
<3>[   44.016305] mmsys_dvfs_power:on=1 begin
<6>[   44.016310] mmsys_notify_call_chain:   notifier_type :1 enter
<6>[   44.016315] mmsys_notify_call_chain:   pw opened count 0
<6>[   44.016319] mmsys_notify_call_chain:  pw opened count 1
<6>[   44.016323] mmsys_notify_call_chain: notifier_type :1 exit
<3>[   44.016326] mmsys_dvfs_power: end
<6>[   44.016334] SENSOR_CORE: 675: sprd_sensor_file_open line=633: open sensor file successfully
<3>[   44.016426] SENSOR_DRV: 675: sprd_sensor_sync_lock L 718: sprd_sensor_sync_lock, error
<3>[   44.016433] SENSOR_DRV: 675: sprd_sensor_sync_unlock L 729: sprd_sensor_sync_unlock, error
<3>[   44.027288] SENSOR_DRV: 675: sprd_sensor_sync_lock L 718: sprd_sensor_sync_lock, error
<3>[   44.027300] SENSOR_DRV: 675: sprd_sensor_sync_unlock L 729: sprd_sensor_sync_unlock, error
<3>[   44.027383] SENSOR_DRV: 675: sprd_sensor_sync_lock L 718: sprd_sensor_sync_lock, error
<3>[   44.027391] SENSOR_DRV: 675: sprd_sensor_set_i2c_addr L 834: sprd_sensor_set_i2c_addr, error
<3>[   44.027396] SENSOR_DRV: 675: sprd_sensor_sync_unlock L 729: sprd_sensor_sync_unlock, error
<3>[   44.027479] SENSOR_DRV: 675: sprd_sensor_sync_lock L 718: sprd_sensor_sync_lock, error
<3>[   44.027485] SENSOR_DRV: 675: sprd_sensor_set_i2c_clk L 848: sprd_sensor_set_i2c_clk, error
<3>[   44.027490] SENSOR_DRV: 675: sprd_sensor_sync_unlock L 729: sprd_sensor_sync_unlock, error
<3>[   44.027612] SENSOR_DRV: 675: sprd_sensor_sync_lock L 718: sprd_sensor_sync_lock, error
<3>[   44.027619] SENSOR_DRV: 675: sprd_sensor_set_pd_level L 742: sprd_sensor_set_pd_level, error
<3>[   44.027624] SENSOR_DRV: 675: sprd_sensor_sync_unlock L 729: sprd_sensor_sync_unlock, error
<3>[   44.027676] SENSOR_DRV: 675: sprd_sensor_sync_lock L 718: sprd_sensor_sync_lock, error
<3>[   44.027684] SENSOR_DRV: 675: sprd_sensor_set_mclk L 639: sensor clock no device 0
<3>[   44.027689] SENSOR_DRV: 675: sprd_sensor_sync_unlock L 729: sprd_sensor_sync_unlock, error
<3>[   44.027769] SENSOR_DRV: 675: sprd_sensor_sync_lock L 718: sprd_sensor_sync_lock, error
<3>[   44.027776] SENSOR_DRV: 675: sprd_sensor_set_voltage_by_gpio L 335: sprd_sensor_set_voltage_by_gpio, error
<3>[   44.027781] SENSOR_DRV: 675: sprd_sensor_sync_unlock L 729: sprd_sensor_sync_unlock, error
<3>[   44.027854] SENSOR_DRV: 675: sprd_sensor_sync_lock L 718: sprd_sensor_sync_lock, error
<3>[   44.027861] SENSOR_DRV: 675: sprd_sensor_set_voltage_by_gpio L 335: sprd_sensor_set_voltage_by_gpio, error
<3>[   44.027866] SENSOR_DRV: 675: sprd_sensor_sync_unlock L 729: sprd_sensor_sync_unlock, error
<6>[   44.027874] spipe 5-21 not ready to open!
<3>[   44.027939] SENSOR_DRV: 675: sprd_sensor_sync_lock L 718: sprd_sensor_sync_lock, error
<3>[   44.027946] SENSOR_DRV: 675: sprd_sensor_set_voltage_by_gpio L 335: sprd_sensor_set_voltage_by_gpio, error
<3>[   44.027951] SENSOR_DRV: 675: sprd_sensor_sync_unlock L 729: sprd_sensor_sync_unlock, error
<3>[   44.030042] SENSOR_DRV: 675: sprd_sensor_sync_lock L 718: sprd_sensor_sync_lock, error
<3>[   44.030052] SENSOR_DRV: 675: sprd_sensor_set_voltage_by_gpio L 335: sprd_sensor_set_voltage_by_gpio, error
<3>[   44.039610] SENSOR_DRV: 675: sprd_sensor_sync_unlock L 729: sprd_sensor_sync_unlock, error
<3>[   44.040172] SENSOR_DRV: 675: sprd_sensor_sync_lock L 718: sprd_sensor_sync_lock, error
<3>[   44.040184] SENSOR_DRV: 675: sprd_sensor_set_voltage_by_gpio L 335: sprd_sensor_set_voltage_by_gpio, error
<3>[   44.040191] SENSOR_DRV: 675: sprd_sensor_sync_unlock L 729: sprd_sensor_sync_unlock, error
<3>[   44.040275] SENSOR_DRV: 675: sprd_sensor_sync_lock L 718: sprd_sensor_sync_lock, error
<3>[   44.040283] SENSOR_DRV: 675: sprd_sensor_set_voltage_by_gpio L 335: sprd_sensor_set_voltage_by_gpio, error
<3>[   44.040288] SENSOR_DRV: 675: sprd_sensor_sync_unlock L 729: sprd_sensor_sync_unlock, error
<3>[   44.040364] SENSOR_DRV: 675: sprd_sensor_sync_lock L 718: sprd_sensor_sync_lock, error
<3>[   44.040371] SENSOR_DRV: 675: sprd_sensor_set_mclk L 639: sensor clock no device 0
<3>[   44.040377] SENSOR_DRV: 675: sprd_sensor_sync_unlock L 729: sprd_sensor_sync_unlock, error
<3>[   44.048242] SENSOR_DRV: 675: sprd_sensor_sync_lock L 718: sprd_sensor_sync_lock, error
<3>[   44.048249] SENSOR_DRV: 675: sprd_sensor_set_pd_level L 742: sprd_sensor_set_pd_level, error
<3>[   44.048252] SENSOR_DRV: 675: sprd_sensor_sync_unlock L 729: sprd_sensor_sync_unlock, error
<6>[   44.066281] ion_carveout_heap_allocate: heap id: 3, paddr: 0x9ec39000, size: 851968
<6>[   44.067284] ion_carveout_heap_allocate: heap id: 3, paddr: 0x9ed09000, size: 851968
<6>[   44.068044] ion_carveout_heap_allocate: heap id: 3, paddr: 0x9edd9000, size: 851968
<3>[   44.073732] SENSOR_DRV: 675: sprd_sensor_sync_lock L 718: sprd_sensor_sync_lock, error
<3>[   44.073748] SENSOR_DRV: 675: sprd_sensor_write_reg L 936: sprd_sensor_write_reg, error
<3>[   44.073758] SENSOR_DRV: 675: sprd_sensor_sync_unlock L 729: sprd_sensor_sync_unlock, error
<3>[   44.073815] SENSOR_DRV: 675: sprd_sensor_sync_lock L 718: sprd_sensor_sync_lock, error
<3>[   44.073822] SENSOR_DRV: 675: sprd_sensor_read_reg L 873: sprd_sensor_read_reg, error
<3>[   44.073827] SENSOR_DRV: 675: sprd_sensor_sync_unlock L 729: sprd_sensor_sync_unlock, error
<3>[   44.074057] SENSOR_DRV: 675: sprd_sensor_sync_lock L 718: sprd_sensor_sync_lock, error
<3>[   44.074065] SENSOR_DRV: 675: sprd_sensor_set_mclk L 639: sensor clock no device 0
<3>[   44.074071] SENSOR_DRV: 675: sprd_sensor_sync_unlock L 729: sprd_sensor_sync_unlock, error
<3>[   44.074153] SENSOR_DRV: 675: sprd_sensor_sync_lock L 718: sprd_sensor_sync_lock, error
<3>[   44.074160] SENSOR_DRV: 675: sprd_sensor_set_pd_level L 742: sprd_sensor_set_pd_level, error
<3>[   44.074165] SENSOR_DRV: 675: sprd_sensor_sync_unlock L 729: sprd_sensor_sync_unlock, error
<3>[   44.074208] SENSOR_DRV: 675: sprd_sensor_sync_lock L 718: sprd_sensor_sync_lock, error
<3>[   44.074215] SENSOR_DRV: 675: sprd_sensor_set_voltage_by_gpio L 335: sprd_sensor_set_voltage_by_gpio, error
<3>[   44.074221] SENSOR_DRV: 675: sprd_sensor_sync_unlock L 729: sprd_sensor_sync_unlock, error
<3>[   44.074295] SENSOR_DRV: 675: sprd_sensor_sync_lock L 718: sprd_sensor_sync_lock, error
<3>[   44.074302] SENSOR_DRV: 675: sprd_sensor_set_voltage_by_gpio L 335: sprd_sensor_set_voltage_by_gpio, error
<3>[   44.074308] SENSOR_DRV: 675: sprd_sensor_sync_unlock L 729: sprd_sensor_sync_unlock, error
<3>[   44.074382] SENSOR_DRV: 675: sprd_sensor_sync_lock L 718: sprd_sensor_sync_lock, error
<3>[   44.074389] SENSOR_DRV: 675: sprd_sensor_set_voltage_by_gpio L 335: sprd_sensor_set_voltage_by_gpio, error
<3>[   44.074394] SENSOR_DRV: 675: sprd_sensor_sync_unlock L 729: sprd_sensor_sync_unlock, error
<3>[   44.074849] SENSOR_DRV: 675: sprd_sensor_set_mclk L 639: sensor clock no device 0
<3>[   44.074856] SENSOR_DRV: 675: sprd_sensor_set_voltage_by_gpio L 335: sprd_sensor_set_voltage_by_gpio, error
<3>[   44.074862] SENSOR_DRV: 675: sprd_sensor_set_voltage_by_gpio L 335: sprd_sensor_set_voltage_by_gpio, error
<3>[   44.074868] SENSOR_DRV: 675: sprd_sensor_set_voltage_by_gpio L 335: sprd_sensor_set_voltage_by_gpio, error
<3>[   44.074876] mmsys_dvfs_power:on=0 begin
<6>[   44.074881] mmsys_notify_call_chain:   notifier_type :2 enter
<6>[   44.074886] mmsys_notify_call_chain:   pw opened count 1
<6>[   44.074890] mmsys_notify_call_chain: notifier_type :2 exit
<3>[   44.074893] mmsys_dvfs_power: end
<6>[   44.075852] MM_PW: 675 398 sprd_cam_pw_off: Done, read count 1, cb: ffffff80009b19f8
<6>[   44.075863] SENSOR_CORE: 675: sprd_sensor_file_release line=688: sensor: release -22
<6>[   44.097986] MM_PW: 675 325 sprd_cam_pw_on: Done, uses: 1, read count 1, cb: ffffff80009b0144
<3>[   44.099012] mmsys_dvfs_power:on=1 begin
<6>[   44.099018] mmsys_notify_call_chain:   notifier_type :1 enter
<6>[   44.099023] mmsys_notify_call_chain:   pw opened count 0
<6>[   44.099027] mmsys_notify_call_chain:  pw opened count 1
<6>[   44.099031] mmsys_notify_call_chain: notifier_type :1 exit
<3>[   44.099034] mmsys_dvfs_power: end
<6>[   44.099043] SENSOR_CORE: 675: sprd_sensor_file_open line=633: open sensor file successfully
<3>[   44.099200] SENSOR_DRV: 675: sprd_sensor_sync_lock L 718: sprd_sensor_sync_lock, error
<3>[   44.099207] SENSOR_DRV: 675: sprd_sensor_sync_unlock L 729: sprd_sensor_sync_unlock, error
<6>[   44.128110] spipe 5-21 not ready to open!
<14>[   44.134804] init: Command 'start traced' action=persist.traced.enable=1 (/system/etc/init/perfetto.rc:59) took 157ms and succeeded
<14>[   44.135034] init: processing action (persist.sys.phh.remote=false) from (/system/etc/init/phh-remotectl.rc:6)
<14>[   44.162861] init: starting service 'adbd'...
<14>[   44.164554] init: Created socket '/dev/socket/adbd', mode 660, user 1000, group 1000
<3>[   44.167833] SENSOR_DRV: 675: sprd_sensor_sync_lock L 718: sprd_sensor_sync_lock, error
<3>[   44.167844] SENSOR_DRV: 675: sprd_sensor_sync_unlock L 729: sprd_sensor_sync_unlock, error
<3>[   44.167929] SENSOR_DRV: 675: sprd_sensor_sync_lock L 718: sprd_sensor_sync_lock, error
<3>[   44.167936] SENSOR_DRV: 675: sprd_sensor_set_i2c_addr L 834: sprd_sensor_set_i2c_addr, error
<3>[   44.167942] SENSOR_DRV: 675: sprd_sensor_sync_unlock L 729: sprd_sensor_sync_unlock, error
<3>[   44.168030] SENSOR_DRV: 675: sprd_sensor_sync_lock L 718: sprd_sensor_sync_lock, error
<3>[   44.168037] SENSOR_DRV: 675: sprd_sensor_set_i2c_clk L 848: sprd_sensor_set_i2c_clk, error
<3>[   44.168043] SENSOR_DRV: 675: sprd_sensor_sync_unlock L 729: sprd_sensor_sync_unlock, error
<3>[   44.168128] SENSOR_DRV: 675: sprd_sensor_sync_lock L 718: sprd_sensor_sync_lock, error
<3>[   44.168135] SENSOR_DRV: 675: sprd_sensor_set_pd_level L 742: sprd_sensor_set_pd_level, error
<3>[   44.168140] SENSOR_DRV: 675: sprd_sensor_sync_unlock L 729: sprd_sensor_sync_unlock, error
<3>[   44.168190] SENSOR_DRV: 675: sprd_sensor_sync_lock L 718: sprd_sensor_sync_lock, error
<3>[   44.168198] SENSOR_DRV: 675: sprd_sensor_set_rst_level L 789: sprd_sensor_set_rst_level, error
<3>[   44.168203] SENSOR_DRV: 675: sprd_sensor_sync_unlock L 729: sprd_sensor_sync_unlock, error
<3>[   44.168247] SENSOR_DRV: 675: sprd_sensor_sync_lock L 718: sprd_sensor_sync_lock, error
<3>[   44.168255] SENSOR_DRV: 675: sprd_sensor_set_mclk L 639: sensor clock no device 0
<3>[   44.168261] SENSOR_DRV: 675: sprd_sensor_sync_unlock L 729: sprd_sensor_sync_unlock, error
<3>[   44.168336] SENSOR_DRV: 675: sprd_sensor_sync_lock L 718: sprd_sensor_sync_lock, error
<3>[   44.168344] SENSOR_DRV: 675: sprd_sensor_set_voltage_by_gpio L 335: sprd_sensor_set_voltage_by_gpio, error
<3>[   44.168350] SENSOR_DRV: 675: sprd_sensor_sync_unlock L 729: sprd_sensor_sync_unlock, error
<3>[   44.168431] SENSOR_DRV: 675: sprd_sensor_sync_lock L 718: sprd_sensor_sync_lock, error
<3>[   44.168439] SENSOR_DRV: 675: sprd_sensor_set_voltage_by_gpio L 335: sprd_sensor_set_voltage_by_gpio, error
<3>[   44.168445] SENSOR_DRV: 675: sprd_sensor_sync_unlock L 729: sprd_sensor_sync_unlock, error
<3>[   44.181975] SENSOR_DRV: 675: sprd_sensor_sync_lock L 718: sprd_sensor_sync_lock, error
<3>[   44.181987] SENSOR_DRV: 675: sprd_sensor_set_voltage_by_gpio L 335: sprd_sensor_set_voltage_by_gpio, error
<3>[   44.181993] SENSOR_DRV: 675: sprd_sensor_sync_unlock L 729: sprd_sensor_sync_unlock, error
<3>[   44.189963] SENSOR_DRV: 675: sprd_sensor_sync_lock L 718: sprd_sensor_sync_lock, error
<3>[   44.189974] SENSOR_DRV: 675: sprd_sensor_set_voltage_by_gpio L 335: sprd_sensor_set_voltage_by_gpio, error
<3>[   44.189981] SENSOR_DRV: 675: sprd_sensor_sync_unlock L 729: sprd_sensor_sync_unlock, error
<3>[   44.214089] SENSOR_DRV: 675: sprd_sensor_sync_lock L 718: sprd_sensor_sync_lock, error
<3>[   44.214100] SENSOR_DRV: 675: sprd_sensor_set_pd_level L 742: sprd_sensor_set_pd_level, error
<3>[   44.214106] SENSOR_DRV: 675: sprd_sensor_sync_unlock L 729: sprd_sensor_sync_unlock, error
<3>[   44.224477] SENSOR_DRV: 675: sprd_sensor_sync_lock L 718: sprd_sensor_sync_lock, error
<3>[   44.224489] SENSOR_DRV: 675: sprd_sensor_set_rst_level L 789: sprd_sensor_set_rst_level, error
<3>[   44.224496] SENSOR_DRV: 675: sprd_sensor_sync_unlock L 729: sprd_sensor_sync_unlock, error
<6>[   44.228255] spipe 5-21 not ready to open!
<14>[   44.234310] init: Command 'restart adbd' action=persist.sys.phh.remote=false (/system/etc/init/phh-remotectl.rc:8) took 71ms and succeeded
<14>[   44.234543] init: Service 'exec 20 (/system/bin/bootstat --set_system_boot_reason)' (pid 760) exited with status 0 oneshot service took 0.277000 seconds in background
<3>[   44.235750] SENSOR_DRV: 675: sprd_sensor_sync_lock L 718: sprd_sensor_sync_lock, error
<3>[   44.235762] SENSOR_DRV: 675: sprd_sensor_set_mclk L 639: sensor clock no device 0
<3>[   44.235768] SENSOR_DRV: 675: sprd_sensor_sync_unlock L 729: sprd_sensor_sync_unlock, error
<14>[   44.239481] init: processing action (persist.traced_perf.enable= && sys.init.perf_lsm_hooks=) from (/system/etc/init/traced_perf.rc:39)
<14>[   44.240882] init: processing action (persist.sys.phh.mainkeys=*) from (/system/etc/init/vndk.rc:23)
<14>[   44.242504] init: processing action (persist.sys.phh.disable_audio_effects=*) from (/system/etc/init/vndk.rc:38)
<14>[   44.242702] init: starting service 'exec 21 (/system/bin/phh-prop-handler.sh persist.sys.phh.disable_audio_effects)'...
<14>[   44.250409] init: SVC_EXEC service 'exec 21 (/system/bin/phh-prop-handler.sh persist.sys.phh.disable_audio_effects)' pid 778 (uid 0 gid 0+0 context u:r:phhsu_daemon:s0) started; waiting...
<6>[   44.253791] KernelSU: mark no sucompat checks for pid: '778', exec: '/system/bin/phh-prop-handler.sh'
<3>[   44.257434] SENSOR_DRV: 675: sprd_sensor_sync_lock L 718: sprd_sensor_sync_lock, error
<3>[   44.257446] SENSOR_DRV: 675: sprd_sensor_read_reg L 873: sprd_sensor_read_reg, error
<3>[   44.257452] SENSOR_DRV: 675: sprd_sensor_sync_unlock L 729: sprd_sensor_sync_unlock, error
<3>[   44.257620] SENSOR_DRV: 675: sprd_sensor_sync_lock L 718: sprd_sensor_sync_lock, error
<3>[   44.257628] SENSOR_DRV: 675: sprd_sensor_set_rst_level L 789: sprd_sensor_set_rst_level, error
<3>[   44.257633] SENSOR_DRV: 675: sprd_sensor_sync_unlock L 729: sprd_sensor_sync_unlock, error
<3>[   44.257682] SENSOR_DRV: 675: sprd_sensor_sync_lock L 718: sprd_sensor_sync_lock, error
<3>[   44.257689] SENSOR_DRV: 675: sprd_sensor_set_mclk L 639: sensor clock no device 0
<3>[   44.257695] SENSOR_DRV: 675: sprd_sensor_sync_unlock L 729: sprd_sensor_sync_unlock, error
<3>[   44.257768] SENSOR_DRV: 675: sprd_sensor_sync_lock L 718: sprd_sensor_sync_lock, error
<3>[   44.257774] SENSOR_DRV: 675: sprd_sensor_set_pd_level L 742: sprd_sensor_set_pd_level, error
<3>[   44.257779] SENSOR_DRV: 675: sprd_sensor_sync_unlock L 729: sprd_sensor_sync_unlock, error
<3>[   44.257821] SENSOR_DRV: 675: sprd_sensor_sync_lock L 718: sprd_sensor_sync_lock, error
<3>[   44.257828] SENSOR_DRV: 675: sprd_sensor_set_voltage_by_gpio L 335: sprd_sensor_set_voltage_by_gpio, error
<3>[   44.257834] SENSOR_DRV: 675: sprd_sensor_sync_unlock L 729: sprd_sensor_sync_unlock, error
<3>[   44.259737] SENSOR_DRV: 675: sprd_sensor_sync_lock L 718: sprd_sensor_sync_lock, error
<3>[   44.259747] SENSOR_DRV: 675: sprd_sensor_set_voltage_by_gpio L 335: sprd_sensor_set_voltage_by_gpio, error
<3>[   44.259753] SENSOR_DRV: 675: sprd_sensor_sync_unlock L 729: sprd_sensor_sync_unlock, error
<3>[   44.259867] SENSOR_DRV: 675: sprd_sensor_sync_lock L 718: sprd_sensor_sync_lock, error
<3>[   44.259874] SENSOR_DRV: 675: sprd_sensor_set_voltage_by_gpio L 335: sprd_sensor_set_voltage_by_gpio, error
<3>[   44.259879] SENSOR_DRV: 675: sprd_sensor_sync_unlock L 729: sprd_sensor_sync_unlock, error
<3>[   44.260364] SENSOR_DRV: 675: sprd_sensor_set_mclk L 639: sensor clock no device 0
<3>[   44.260371] SENSOR_DRV: 675: sprd_sensor_set_voltage_by_gpio L 335: sprd_sensor_set_voltage_by_gpio, error
<3>[   44.260377] SENSOR_DRV: 675: sprd_sensor_set_voltage_by_gpio L 335: sprd_sensor_set_voltage_by_gpio, error
<3>[   44.260382] SENSOR_DRV: 675: sprd_sensor_set_voltage_by_gpio L 335: sprd_sensor_set_voltage_by_gpio, error
<3>[   44.260390] mmsys_dvfs_power:on=0 begin
<6>[   44.260396] mmsys_notify_call_chain:   notifier_type :2 enter
<6>[   44.260400] mmsys_notify_call_chain:   pw opened count 1
<6>[   44.260404] mmsys_notify_call_chain: notifier_type :2 exit
<3>[   44.260406] mmsys_dvfs_power: end
<6>[   44.269266] MM_PW: 675 398 sprd_cam_pw_off: Done, read count 1, cb: ffffff80009b19f8
<6>[   44.269281] SENSOR_CORE: 675: sprd_sensor_file_release line=688: sensor: release -22
<6>[   44.270764] MM_PW: 675 325 sprd_cam_pw_on: Done, uses: 1, read count 1, cb: ffffff80009b0144
<3>[   44.271791] mmsys_dvfs_power:on=1 begin
<6>[   44.271797] mmsys_notify_call_chain:   notifier_type :1 enter
<6>[   44.271802] mmsys_notify_call_chain:   pw opened count 0
<6>[   44.271806] mmsys_notify_call_chain:  pw opened count 1
<6>[   44.271810] mmsys_notify_call_chain: notifier_type :1 exit
<3>[   44.271813] mmsys_dvfs_power: end
<6>[   44.271823] SENSOR_CORE: 675: sprd_sensor_file_open line=633: open sensor file successfully
<3>[   44.271948] SENSOR_DRV: 675: sprd_sensor_sync_lock L 718: sprd_sensor_sync_lock, error
<3>[   44.271955] SENSOR_DRV: 675: sprd_sensor_sync_unlock L 729: sprd_sensor_sync_unlock, error
<3>[   44.278909] SENSOR_DRV: 675: sprd_sensor_sync_lock L 718: sprd_sensor_sync_lock, error
<3>[   44.278915] SENSOR_DRV: 675: sprd_sensor_sync_unlock L 729: sprd_sensor_sync_unlock, error
<3>[   44.278952] SENSOR_DRV: 675: sprd_sensor_sync_lock L 718: sprd_sensor_sync_lock, error
<3>[   44.278955] SENSOR_DRV: 675: sprd_sensor_set_i2c_addr L 834: sprd_sensor_set_i2c_addr, error
<3>[   44.278958] SENSOR_DRV: 675: sprd_sensor_sync_unlock L 729: sprd_sensor_sync_unlock, error
<3>[   44.278993] SENSOR_DRV: 675: sprd_sensor_sync_lock L 718: sprd_sensor_sync_lock, error
<3>[   44.278996] SENSOR_DRV: 675: sprd_sensor_set_i2c_clk L 848: sprd_sensor_set_i2c_clk, error
<3>[   44.278998] SENSOR_DRV: 675: sprd_sensor_sync_unlock L 729: sprd_sensor_sync_unlock, error
<3>[   44.279034] SENSOR_DRV: 675: sprd_sensor_sync_lock L 718: sprd_sensor_sync_lock, error
<3>[   44.279037] SENSOR_DRV: 675: sprd_sensor_set_pd_level L 742: sprd_sensor_set_pd_level, error
<3>[   44.279039] SENSOR_DRV: 675: sprd_sensor_sync_unlock L 729: sprd_sensor_sync_unlock, error
<3>[   44.279059] SENSOR_DRV: 675: sprd_sensor_sync_lock L 718: sprd_sensor_sync_lock, error
<3>[   44.279063] SENSOR_DRV: 675: sprd_sensor_set_mclk L 639: sensor clock no device 0
<3>[   44.279065] SENSOR_DRV: 675: sprd_sensor_sync_unlock L 729: sprd_sensor_sync_unlock, error
<3>[   44.279093] SENSOR_DRV: 675: sprd_sensor_sync_lock L 718: sprd_sensor_sync_lock, error
<3>[   44.279096] SENSOR_DRV: 675: sprd_sensor_set_voltage_by_gpio L 335: sprd_sensor_set_voltage_by_gpio, error
<3>[   44.279098] SENSOR_DRV: 675: sprd_sensor_sync_unlock L 729: sprd_sensor_sync_unlock, error
<3>[   44.279135] SENSOR_DRV: 675: sprd_sensor_sync_lock L 718: sprd_sensor_sync_lock, error
<3>[   44.279137] SENSOR_DRV: 675: sprd_sensor_set_voltage_by_gpio L 335: sprd_sensor_set_voltage_by_gpio, error
<3>[   44.279140] SENSOR_DRV: 675: sprd_sensor_sync_unlock L 729: sprd_sensor_sync_unlock, error
<3>[   44.279168] SENSOR_DRV: 675: sprd_sensor_sync_lock L 718: sprd_sensor_sync_lock, error
<3>[   44.279171] SENSOR_DRV: 675: sprd_sensor_set_voltage_by_gpio L 335: sprd_sensor_set_voltage_by_gpio, error
<3>[   44.279173] SENSOR_DRV: 675: sprd_sensor_sync_unlock L 729: sprd_sensor_sync_unlock, error
<3>[   44.283881] SENSOR_DRV: 675: sprd_sensor_sync_lock L 718: sprd_sensor_sync_lock, error
<3>[   44.283894] SENSOR_DRV: 675: sprd_sensor_set_voltage_by_gpio L 335: sprd_sensor_set_voltage_by_gpio, error
<3>[   44.283901] SENSOR_DRV: 675: sprd_sensor_sync_unlock L 729: sprd_sensor_sync_unlock, error
<3>[   44.290122] SENSOR_DRV: 675: sprd_sensor_sync_lock L 718: sprd_sensor_sync_lock, error
<3>[   44.290128] SENSOR_DRV: 675: sprd_sensor_set_voltage_by_gpio L 335: sprd_sensor_set_voltage_by_gpio, error
<3>[   44.290131] SENSOR_DRV: 675: sprd_sensor_sync_unlock L 729: sprd_sensor_sync_unlock, error
<3>[   44.293008] SENSOR_DRV: 675: sprd_sensor_sync_lock L 718: sprd_sensor_sync_lock, error
<3>[   44.293019] SENSOR_DRV: 675: sprd_sensor_set_voltage_by_gpio L 335: sprd_sensor_set_voltage_by_gpio, error
<3>[   44.293026] SENSOR_DRV: 675: sprd_sensor_sync_unlock L 729: sprd_sensor_sync_unlock, error
<3>[   44.313303] SENSOR_DRV: 675: sprd_sensor_sync_lock L 718: sprd_sensor_sync_lock, error
<3>[   44.313316] SENSOR_DRV: 675: sprd_sensor_set_mclk L 639: sensor clock no device 0
<3>[   44.313322] SENSOR_DRV: 675: sprd_sensor_sync_unlock L 729: sprd_sensor_sync_unlock, error
<3>[   44.323632] SENSOR_DRV: 675: sprd_sensor_sync_lock L 718: sprd_sensor_sync_lock, error
<3>[   44.323643] SENSOR_DRV: 675: sprd_sensor_set_pd_level L 742: sprd_sensor_set_pd_level, error
<3>[   44.323649] SENSOR_DRV: 675: sprd_sensor_sync_unlock L 729: sprd_sensor_sync_unlock, error
<3>[   44.344042] SENSOR_DRV: 675: sprd_sensor_sync_lock L 718: sprd_sensor_sync_lock, error
<3>[   44.344054] SENSOR_DRV: 675: sprd_sensor_read_reg L 873: sprd_sensor_read_reg, error
<3>[   44.344348] SENSOR_DRV: 675: sprd_sensor_sync_unlock L 729: sprd_sensor_sync_unlock, error
<3>[   44.344545] SENSOR_DRV: 675: sprd_sensor_sync_lock L 718: sprd_sensor_sync_lock, error
<3>[   44.344553] SENSOR_DRV: 675: sprd_sensor_set_mclk L 639: sensor clock no device 0
<3>[   44.344560] SENSOR_DRV: 675: sprd_sensor_sync_unlock L 729: sprd_sensor_sync_unlock, error
<3>[   44.344641] SENSOR_DRV: 675: sprd_sensor_sync_lock L 718: sprd_sensor_sync_lock, error
<3>[   44.344648] SENSOR_DRV: 675: sprd_sensor_set_pd_level L 742: sprd_sensor_set_pd_level, error
<3>[   44.344654] SENSOR_DRV: 675: sprd_sensor_sync_unlock L 729: sprd_sensor_sync_unlock, error
<3>[   44.344697] SENSOR_DRV: 675: sprd_sensor_sync_lock L 718: sprd_sensor_sync_lock, error
<3>[   44.344704] SENSOR_DRV: 675: sprd_sensor_set_voltage_by_gpio L 335: sprd_sensor_set_voltage_by_gpio, error
<3>[   44.344709] SENSOR_DRV: 675: sprd_sensor_sync_unlock L 729: sprd_sensor_sync_unlock, error
<3>[   44.344787] SENSOR_DRV: 675: sprd_sensor_sync_lock L 718: sprd_sensor_sync_lock, error
<3>[   44.344793] SENSOR_DRV: 675: sprd_sensor_set_voltage_by_gpio L 335: sprd_sensor_set_voltage_by_gpio, error
<3>[   44.344799] SENSOR_DRV: 675: sprd_sensor_sync_unlock L 729: sprd_sensor_sync_unlock, error
<3>[   44.344873] SENSOR_DRV: 675: sprd_sensor_sync_lock L 718: sprd_sensor_sync_lock, error
<3>[   44.344879] SENSOR_DRV: 675: sprd_sensor_set_voltage_by_gpio L 335: sprd_sensor_set_voltage_by_gpio, error
<3>[   44.344885] SENSOR_DRV: 675: sprd_sensor_sync_unlock L 729: sprd_sensor_sync_unlock, error
<3>[   44.345344] SENSOR_DRV: 675: sprd_sensor_set_mclk L 639: sensor clock no device 0
<3>[   44.345352] SENSOR_DRV: 675: sprd_sensor_set_voltage_by_gpio L 335: sprd_sensor_set_voltage_by_gpio, error
<3>[   44.345357] SENSOR_DRV: 675: sprd_sensor_set_voltage_by_gpio L 335: sprd_sensor_set_voltage_by_gpio, error
<3>[   44.345363] SENSOR_DRV: 675: sprd_sensor_set_voltage_by_gpio L 335: sprd_sensor_set_voltage_by_gpio, error
<3>[   44.345371] mmsys_dvfs_power:on=0 begin
<6>[   44.345376] mmsys_notify_call_chain:   notifier_type :2 enter
<6>[   44.345381] mmsys_notify_call_chain:   pw opened count 1
<6>[   44.345386] mmsys_notify_call_chain: notifier_type :2 exit
<3>[   44.345389] mmsys_dvfs_power: end
<6>[   44.346004] spipe 5-21 not ready to open!
<6>[   44.346531] MM_PW: 675 398 sprd_cam_pw_off: Done, read count 1, cb: ffffff80009b19f8
<6>[   44.346544] SENSOR_CORE: 675: sprd_sensor_file_release line=688: sensor: release -22
<6>[   44.347396] MM_PW: 675 325 sprd_cam_pw_on: Done, uses: 1, read count 1, cb: ffffff80009b0144
<3>[   44.348521] mmsys_dvfs_power:on=1 begin
<6>[   44.348528] mmsys_notify_call_chain:   notifier_type :1 enter
<6>[   44.348533] mmsys_notify_call_chain:   pw opened count 0
<6>[   44.348538] mmsys_notify_call_chain:  pw opened count 1
<6>[   44.348543] mmsys_notify_call_chain: notifier_type :1 exit
<3>[   44.348546] mmsys_dvfs_power: end
<6>[   44.348554] SENSOR_CORE: 675: sprd_sensor_file_open line=633: open sensor file successfully
<3>[   44.366284] vddcamd0: unsupportable voltage range: 1792500-1365000uV
<3>[   44.366296] SENSOR_DRV: 675: sprd_sensor_set_voltage L 383: regulator vddcamd vol set 1800000 fail ret-22
<6>[   44.370787] read descriptors
<6>[   44.370796] read strings
<14>[   44.428661] init: Sending signal 9 to service 'audioserver' (pid 713) process group...
<14>[   44.439995] libprocessgroup: Successfully killed process cgroup uid 1041 pid 713 in 11ms
<14>[   44.441296] init: Control message: Processed ctl.restart for 'audioserver' from pid: 786 ()
<14>[   44.441453] init: Service 'audioserver' (pid 713) received signal 9
<14>[   44.441592] init: Command 'restart vendor.audio-hal' action=onrestart (<Service 'audioserver' onrestart>:1) took 0ms and failed: service vendor.audio-hal not found
<14>[   44.441657] init: Command 'restart vendor.audio-hal-4-0-msd' action=onrestart (<Service 'audioserver' onrestart>:2) took 0ms and failed: service vendor.audio-hal-4-0-msd not found
<14>[   44.441702] init: Sending signal 9 to service 'vendor.audio-hal-2-0' (pid 673) process group...
<3>[   44.445182] SENSOR_DRV: 675: sprd_sensor_read_reg L 905: sprd_sensor_read_reg fail, ret -1, addr 0x3c, reg_addr 0x2
<6>[   44.446148] spipe 5-21 not ready to open!
<3>[   44.446872] SENSOR_DRV: 675: sprd_sensor_read_reg L 905: sprd_sensor_read_reg fail, ret -1, addr 0x3c, reg_addr 0x2
<14>[   44.447657] libprocessgroup: Successfully killed process cgroup uid 1041 pid 673 in 5ms
<3>[   44.448813] SENSOR_DRV: 675: sprd_sensor_read_reg L 905: sprd_sensor_read_reg fail, ret -1, addr 0x3c, reg_addr 0x2
<14>[   44.449072] init: Command 'restart audio-hal-2-0' action=onrestart (<Service 'audioserver' onrestart>:4) took 0ms and failed: service audio-hal-2-0 not found
<3>[   44.453160] mmsys_dvfs_power:on=0 begin
<6>[   44.453171] mmsys_notify_call_chain:   notifier_type :2 enter
<6>[   44.453177] mmsys_notify_call_chain:   pw opened count 1
<6>[   44.453182] mmsys_notify_call_chain: notifier_type :2 exit
<3>[   44.453184] mmsys_dvfs_power: end
<14>[   44.453770] init: Service 'vendor.audio-hal-2-0' (pid 673) received signal 9 oneshot service took 1.539000 seconds in background
<6>[   44.456306] MM_PW: 675 398 sprd_cam_pw_off: Done, read count 1, cb: ffffff80009b19f8
<6>[   44.456322] SENSOR_CORE: 675: sprd_sensor_file_release line=688: sensor: release 0
<6>[   44.457658] MM_PW: 675 325 sprd_cam_pw_on: Done, uses: 1, read count 1, cb: ffffff80009b0144
<3>[   44.458743] mmsys_dvfs_power:on=1 begin
<6>[   44.458751] mmsys_notify_call_chain:   notifier_type :1 enter
<6>[   44.458756] mmsys_notify_call_chain:   pw opened count 0
<6>[   44.458761] mmsys_notify_call_chain:  pw opened count 1
<6>[   44.458765] mmsys_notify_call_chain: notifier_type :1 exit
<3>[   44.458768] mmsys_dvfs_power: end
<6>[   44.458778] SENSOR_CORE: 675: sprd_sensor_file_open line=633: open sensor file successfully
<3>[   44.468759] vddcamd0: unsupportable voltage range: 1792500-1365000uV
<3>[   44.468771] SENSOR_DRV: 675: sprd_sensor_set_voltage L 383: regulator vddcamd vol set 1800000 fail ret-22
<3>[   44.500212] SENSOR_DRV: 675: sprd_sensor_write_reg L 982: sprd_sensor_write_reg fail to:\x0ai2cAddr=21,\x0aaddr=fd, value=0, bit=0
<3>[   44.500323] SENSOR_DRV: 675: sprd_sensor_write_reg L 982: sprd_sensor_write_reg fail to:\x0ai2cAddr=21,\x0aaddr=fd, value=0, bit=0
<3>[   44.500453] SENSOR_DRV: 675: sprd_sensor_write_reg L 982: sprd_sensor_write_reg fail to:\x0ai2cAddr=21,\x0aaddr=fd, value=0, bit=0
<3>[   44.500734] SENSOR_DRV: 675: sprd_sensor_read_reg L 905: sprd_sensor_read_reg fail, ret -1, addr 0x21, reg_addr 0xa0
<3>[   44.502522] SENSOR_DRV: 675: sprd_sensor_read_reg L 905: sprd_sensor_read_reg fail, ret -1, addr 0x21, reg_addr 0xa0
<3>[   44.504168] SENSOR_DRV: 675: sprd_sensor_read_reg L 905: sprd_sensor_read_reg fail, ret -1, addr 0x21, reg_addr 0xa0
<3>[   44.509833] mmsys_dvfs_power:on=0 begin
<6>[   44.509844] mmsys_notify_call_chain:   notifier_type :2 enter
<6>[   44.510083] mmsys_notify_call_chain:   pw opened count 1
<6>[   44.510090] mmsys_notify_call_chain: notifier_type :2 exit
<3>[   44.510094] mmsys_dvfs_power: end
<14>[   44.510101] init: Control message: Processed ctl.restart for 'vendor.audio-hal-2-0' from pid: 789 (setprop ctl.restart vendor.audio-hal-2-0)
<6>[   44.511060] MM_PW: 675 398 sprd_cam_pw_off: Done, read count 1, cb: ffffff80009b19f8
<6>[   44.511072] SENSOR_CORE: 675: sprd_sensor_file_release line=688: sensor: release 0
<6>[   44.512808] MM_PW: 675 325 sprd_cam_pw_on: Done, uses: 1, read count 1, cb: ffffff80009b0144
<3>[   44.513834] mmsys_dvfs_power:on=1 begin
<6>[   44.513840] mmsys_notify_call_chain:   notifier_type :1 enter
<6>[   44.513844] mmsys_notify_call_chain:   pw opened count 0
<6>[   44.513849] mmsys_notify_call_chain:  pw opened count 1
<6>[   44.516065] mmsys_notify_call_chain: notifier_type :1 exit
<3>[   44.516069] mmsys_dvfs_power: end
<6>[   44.516081] SENSOR_CORE: 675: sprd_sensor_file_open line=633: open sensor file successfully
<3>[   44.519969] mmsys_dvfs_power:on=0 begin
<6>[   44.519979] mmsys_notify_call_chain:   notifier_type :2 enter
<6>[   44.519985] mmsys_notify_call_chain:   pw opened count 1
<6>[   44.519990] mmsys_notify_call_chain: notifier_type :2 exit
<3>[   44.519992] mmsys_dvfs_power: end
<6>[   44.520961] MM_PW: 675 398 sprd_cam_pw_off: Done, read count 1, cb: ffffff80009b19f8
<6>[   44.520976] SENSOR_CORE: 675: sprd_sensor_file_release line=688: sensor: release 0
<6>[   44.526108] MM_PW: 675 325 sprd_cam_pw_on: Done, uses: 1, read count 1, cb: ffffff80009b0144
<3>[   44.527133] mmsys_dvfs_power:on=1 begin
<6>[   44.527140] mmsys_notify_call_chain:   notifier_type :1 enter
<6>[   44.527144] mmsys_notify_call_chain:   pw opened count 0
<6>[   44.527149] mmsys_notify_call_chain:  pw opened count 1
<6>[   44.527153] mmsys_notify_call_chain: notifier_type :1 exit
<3>[   44.527156] mmsys_dvfs_power: end
<6>[   44.527165] SENSOR_CORE: 675: sprd_sensor_file_open line=633: open sensor file successfully
<3>[   44.534738] vddcamd0: unsupportable voltage range: 1792500-1365000uV
<3>[   44.534750] SENSOR_DRV: 675: sprd_sensor_set_voltage L 383: regulator vddcamd vol set 1800000 fail ret-22
<14>[   44.546290] init: Control message: Processed ctl.restart for 'vendor.audio-hal-2-0' from pid: 790 (setprop ctl.restart vendor.audio-hal-2-0)
<6>[   44.546297] spipe 5-21 not ready to open!
<6>[   44.555312] [drm] sprd_dsi_connector_best_encoder()
<6>[   44.555321] [drm] sprd_dsi_connector_best_encoder()
<6>[   44.555331] [drm] sprd_dsi_encoder_atomic_check()
<6>[   44.555348] [drm] sprd_crtc_atomic_enable()
<6>[   44.555369] [drm][        dpu_clk_init] DPU_CORE_CLK = 384000000, DPI_CLK_SRC = 128000000
<6>[   44.555373] [drm][        dpu_clk_init] dpi clock is 12800000
<6>[   44.555741] [drm][  dpu_enhance_reload] enhance slp lut reload
<6>[   44.555949] [drm] dpu resume OK
<6>[   44.555956] [drm] sprd_dsi_encoder_enable()
<14>[   44.557687] init: starting service 'bootanim'...
<14>[   44.564778] init: Control message: Processed ctl.start for 'bootanim' from pid: 727 (/system/bin/surfaceflinger)
<11>[   44.575398] init: Control message: Could not find 'audio-hal-2-0' for ctl.restart from pid: 792 (setprop ctl.restart audio-hal-2-0)
<6>[   44.576661] KernelSU: mark no sucompat checks for pid: '793', exec: '/system/bin/bootanimation'
<14>[   44.578898] init: Service 'exec 21 (/system/bin/phh-prop-handler.sh persist.sys.phh.disable_audio_effects)' (pid 778) exited with status 0 waiting took 0.330000 seconds
<14>[   44.579774] init: processing action (persist.sys.phh.backlight.scale=*) from (/system/etc/init/vndk.rc:47)
<14>[   44.579968] init: starting service 'exec 22 (/system/bin/phh-prop-handler.sh persist.sys.phh.backlight.scale)'...
<14>[   44.583631] init: SVC_EXEC service 'exec 22 (/system/bin/phh-prop-handler.sh persist.sys.phh.backlight.scale)' pid 794 (uid 0 gid 0+0 context u:r:phhsu_daemon:s0) started; waiting...
<6>[   44.584717] KernelSU: mark no sucompat checks for pid: '794', exec: '/system/bin/phh-prop-handler.sh'
<3>[   44.591326] SENSOR_DRV: 675: sprd_sensor_read_reg L 905: sprd_sensor_read_reg fail, ret -1, addr 0x3e, reg_addr 0xfc
<3>[   44.593367] SENSOR_DRV: 675: sprd_sensor_read_reg L 905: sprd_sensor_read_reg fail, ret -1, addr 0x3e, reg_addr 0xfc
<3>[   44.595051] SENSOR_DRV: 675: sprd_sensor_read_reg L 905: sprd_sensor_read_reg fail, ret -1, addr 0x3e, reg_addr 0xfc
<3>[   44.600094] mmsys_dvfs_power:on=0 begin
<6>[   44.600105] mmsys_notify_call_chain:   notifier_type :2 enter
<6>[   44.600112] mmsys_notify_call_chain:   pw opened count 1
<6>[   44.600116] mmsys_notify_call_chain: notifier_type :2 exit
<3>[   44.600119] mmsys_dvfs_power: end
<6>[   44.600571] MM_PW: 675 398 sprd_cam_pw_off: Done, read count 1, cb: ffffff80009b19f8
<6>[   44.600578] SENSOR_CORE: 675: sprd_sensor_file_release line=688: sensor: release 0
<6>[   44.603114] MM_PW: 675 325 sprd_cam_pw_on: Done, uses: 1, read count 1, cb: ffffff80009b0144
<3>[   44.603659] mmsys_dvfs_power:on=1 begin
<6>[   44.603665] mmsys_notify_call_chain:   notifier_type :1 enter
<6>[   44.603669] mmsys_notify_call_chain:   pw opened count 0
<6>[   44.603673] mmsys_notify_call_chain:  pw opened count 1
<6>[   44.603678] mmsys_notify_call_chain: notifier_type :1 exit
<3>[   44.603681] mmsys_dvfs_power: end
<6>[   44.603690] SENSOR_CORE: 675: sprd_sensor_file_open line=633: open sensor file successfully
<3>[   44.603881] SENSOR_DRV: 675: sprd_sensor_sync_lock L 718: sprd_sensor_sync_lock, error
<3>[   44.603890] SENSOR_DRV: 675: sprd_sensor_sync_unlock L 729: sprd_sensor_sync_unlock, error
<3>[   44.617108] SENSOR_DRV: 675: sprd_sensor_sync_lock L 718: sprd_sensor_sync_lock, error
<3>[   44.617119] SENSOR_DRV: 675: sprd_sensor_sync_unlock L 729: sprd_sensor_sync_unlock, error
<3>[   44.617203] SENSOR_DRV: 675: sprd_sensor_sync_lock L 718: sprd_sensor_sync_lock, error
<3>[   44.617210] SENSOR_DRV: 675: sprd_sensor_set_i2c_addr L 834: sprd_sensor_set_i2c_addr, error
<3>[   44.617215] SENSOR_DRV: 675: sprd_sensor_sync_unlock L 729: sprd_sensor_sync_unlock, error
<3>[   44.617306] SENSOR_DRV: 675: sprd_sensor_sync_lock L 718: sprd_sensor_sync_lock, error
<3>[   44.617313] SENSOR_DRV: 675: sprd_sensor_set_i2c_clk L 848: sprd_sensor_set_i2c_clk, error
<3>[   44.617318] SENSOR_DRV: 675: sprd_sensor_sync_unlock L 729: sprd_sensor_sync_unlock, error
<3>[   44.617405] SENSOR_DRV: 675: sprd_sensor_sync_lock L 718: sprd_sensor_sync_lock, error
<3>[   44.617412] SENSOR_DRV: 675: sprd_sensor_set_pd_level L 742: sprd_sensor_set_pd_level, error
<3>[   44.617417] SENSOR_DRV: 675: sprd_sensor_sync_unlock L 729: sprd_sensor_sync_unlock, error
<3>[   44.617467] SENSOR_DRV: 675: sprd_sensor_sync_lock L 718: sprd_sensor_sync_lock, error
<3>[   44.617474] SENSOR_DRV: 675: sprd_sensor_set_rst_level L 789: sprd_sensor_set_rst_level, error
<3>[   44.617479] SENSOR_DRV: 675: sprd_sensor_sync_unlock L 729: sprd_sensor_sync_unlock, error
<3>[   44.617522] SENSOR_DRV: 675: sprd_sensor_sync_lock L 718: sprd_sensor_sync_lock, error
<3>[   44.617530] SENSOR_DRV: 675: sprd_sensor_set_mclk L 639: sensor clock no device 0
<3>[   44.617536] SENSOR_DRV: 675: sprd_sensor_sync_unlock L 729: sprd_sensor_sync_unlock, error
<3>[   44.617607] SENSOR_DRV: 675: sprd_sensor_sync_lock L 718: sprd_sensor_sync_lock, error
<3>[   44.617614] SENSOR_DRV: 675: sprd_sensor_set_voltage_by_gpio L 335: sprd_sensor_set_voltage_by_gpio, error
<3>[   44.617620] SENSOR_DRV: 675: sprd_sensor_sync_unlock L 729: sprd_sensor_sync_unlock, error
<3>[   44.617693] SENSOR_DRV: 675: sprd_sensor_sync_lock L 718: sprd_sensor_sync_lock, error
<3>[   44.617699] SENSOR_DRV: 675: sprd_sensor_set_voltage_by_gpio L 335: sprd_sensor_set_voltage_by_gpio, error
<3>[   44.617705] SENSOR_DRV: 675: sprd_sensor_sync_unlock L 729: sprd_sensor_sync_unlock, error
<3>[   44.617777] SENSOR_DRV: 675: sprd_sensor_sync_lock L 718: sprd_sensor_sync_lock, error
<3>[   44.617783] SENSOR_DRV: 675: sprd_sensor_set_voltage_by_gpio L 335: sprd_sensor_set_voltage_by_gpio, error
<3>[   44.617788] SENSOR_DRV: 675: sprd_sensor_sync_unlock L 729: sprd_sensor_sync_unlock, error
<3>[   44.619176] SENSOR_DRV: 675: sprd_sensor_sync_lock L 718: sprd_sensor_sync_lock, error
<3>[   44.619188] SENSOR_DRV: 675: sprd_sensor_set_voltage_by_gpio L 335: sprd_sensor_set_voltage_by_gpio, error
<3>[   44.619194] SENSOR_DRV: 675: sprd_sensor_sync_unlock L 729: sprd_sensor_sync_unlock, error
<3>[   44.622219] SENSOR_DRV: 675: sprd_sensor_sync_lock L 718: sprd_sensor_sync_lock, error
<3>[   44.622235] SENSOR_DRV: 675: sprd_sensor_set_voltage_by_gpio L 335: sprd_sensor_set_voltage_by_gpio, error
<3>[   44.622241] SENSOR_DRV: 675: sprd_sensor_sync_unlock L 729: sprd_sensor_sync_unlock, error
<3>[   44.623533] SENSOR_DRV: 675: sprd_sensor_sync_lock L 718: sprd_sensor_sync_lock, error
<3>[   44.623545] SENSOR_DRV: 675: sprd_sensor_set_voltage_by_gpio L 335: sprd_sensor_set_voltage_by_gpio, error
<3>[   44.623551] SENSOR_DRV: 675: sprd_sensor_sync_unlock L 729: sprd_sensor_sync_unlock, error
<6>[   44.632601] spipe 6-6 not ready to open!
<3>[   44.634184] SENSOR_DRV: 675: sprd_sensor_sync_lock L 718: sprd_sensor_sync_lock, error
<3>[   44.634196] SENSOR_DRV: 675: sprd_sensor_set_mclk L 639: sensor clock no device 0
<3>[   44.634203] SENSOR_DRV: 675: sprd_sensor_sync_unlock L 729: sprd_sensor_sync_unlock, error
<3>[   44.634489] SENSOR_DRV: 675: sprd_sensor_sync_lock L 718: sprd_sensor_sync_lock, error
<3>[   44.634497] SENSOR_DRV: 675: sprd_sensor_set_pd_level L 742: sprd_sensor_set_pd_level, error
<3>[   44.634503] SENSOR_DRV: 675: sprd_sensor_sync_unlock L 729: sprd_sensor_sync_unlock, error
<3>[   44.634554] SENSOR_DRV: 675: sprd_sensor_sync_lock L 718: sprd_sensor_sync_lock, error
<3>[   44.634561] SENSOR_DRV: 675: sprd_sensor_set_rst_level L 789: sprd_sensor_set_rst_level, error
<3>[   44.634567] SENSOR_DRV: 675: sprd_sensor_sync_unlock L 729: sprd_sensor_sync_unlock, error
<3>[   44.640531] SENSOR_DRV: 675: sprd_sensor_sync_lock L 718: sprd_sensor_sync_lock, error
<3>[   44.640543] SENSOR_DRV: 675: sprd_sensor_read_reg L 873: sprd_sensor_read_reg, error
<3>[   44.640549] SENSOR_DRV: 675: sprd_sensor_sync_unlock L 729: sprd_sensor_sync_unlock, error
<3>[   44.641730] SENSOR_DRV: 675: sprd_sensor_sync_lock L 718: sprd_sensor_sync_lock, error
<3>[   44.641742] SENSOR_DRV: 675: sprd_sensor_set_pd_level L 742: sprd_sensor_set_pd_level, error
<3>[   44.641748] SENSOR_DRV: 675: sprd_sensor_sync_unlock L 729: sprd_sensor_sync_unlock, error
<3>[   44.641952] SENSOR_DRV: 675: sprd_sensor_sync_lock L 718: sprd_sensor_sync_lock, error
<3>[   44.641960] SENSOR_DRV: 675: sprd_sensor_set_rst_level L 789: sprd_sensor_set_rst_level, error
<3>[   44.641966] SENSOR_DRV: 675: sprd_sensor_sync_unlock L 729: sprd_sensor_sync_unlock, error
<3>[   44.642069] SENSOR_DRV: 675: sprd_sensor_sync_lock L 718: sprd_sensor_sync_lock, error
<3>[   44.642078] SENSOR_DRV: 675: sprd_sensor_set_mclk L 639: sensor clock no device 0
<3>[   44.642085] SENSOR_DRV: 675: sprd_sensor_sync_unlock L 729: sprd_sensor_sync_unlock, error
<3>[   44.642643] SENSOR_DRV: 675: sprd_sensor_sync_lock L 718: sprd_sensor_sync_lock, error
<3>[   44.642654] SENSOR_DRV: 675: sprd_sensor_set_voltage_by_gpio L 335: sprd_sensor_set_voltage_by_gpio, error
<3>[   44.642661] SENSOR_DRV: 675: sprd_sensor_sync_unlock L 729: sprd_sensor_sync_unlock, error
<3>[   44.642822] SENSOR_DRV: 675: sprd_sensor_sync_lock L 718: sprd_sensor_sync_lock, error
<3>[   44.642830] SENSOR_DRV: 675: sprd_sensor_set_voltage_by_gpio L 335: sprd_sensor_set_voltage_by_gpio, error
<3>[   44.642836] SENSOR_DRV: 675: sprd_sensor_sync_unlock L 729: sprd_sensor_sync_unlock, error
<3>[   44.642915] SENSOR_DRV: 675: sprd_sensor_sync_lock L 718: sprd_sensor_sync_lock, error
<3>[   44.642921] SENSOR_DRV: 675: sprd_sensor_set_voltage_by_gpio L 335: sprd_sensor_set_voltage_by_gpio, error
<3>[   44.642927] SENSOR_DRV: 675: sprd_sensor_sync_unlock L 729: sprd_sensor_sync_unlock, error
<3>[   44.643463] SENSOR_DRV: 675: sprd_sensor_set_mclk L 639: sensor clock no device 0
<3>[   44.643472] SENSOR_DRV: 675: sprd_sensor_set_voltage_by_gpio L 335: sprd_sensor_set_voltage_by_gpio, error
<3>[   44.643478] SENSOR_DRV: 675: sprd_sensor_set_voltage_by_gpio L 335: sprd_sensor_set_voltage_by_gpio, error
<3>[   44.643483] SENSOR_DRV: 675: sprd_sensor_set_voltage_by_gpio L 335: sprd_sensor_set_voltage_by_gpio, error
<3>[   44.643491] mmsys_dvfs_power:on=0 begin
<6>[   44.643496] mmsys_notify_call_chain:   notifier_type :2 enter
<6>[   44.643500] mmsys_notify_call_chain:   pw opened count 1
<6>[   44.643504] mmsys_notify_call_chain: notifier_type :2 exit
<3>[   44.643507] mmsys_dvfs_power: end
<6>[   44.645648] MM_PW: 675 398 sprd_cam_pw_off: Done, read count 1, cb: ffffff80009b19f8
<6>[   44.646475] spipe 5-21 not ready to open!
<6>[   44.646874] SENSOR_CORE: 675: sprd_sensor_file_release line=688: sensor: release -22
<6>[   44.650289] MM_PW: 675 325 sprd_cam_pw_on: Done, uses: 1, read count 1, cb: ffffff80009b0144
<3>[   44.650838] mmsys_dvfs_power:on=1 begin
<6>[   44.650845] mmsys_notify_call_chain:   notifier_type :1 enter
<6>[   44.650849] mmsys_notify_call_chain:   pw opened count 0
<6>[   44.650853] mmsys_notify_call_chain:  pw opened count 1
<6>[   44.650857] mmsys_notify_call_chain: notifier_type :1 exit
<3>[   44.650860] mmsys_dvfs_power: end
<6>[   44.650869] SENSOR_CORE: 675: sprd_sensor_file_open line=633: open sensor file successfully
<6>[   44.661307] trusty: trusty_kernelbootcp: 67: cmd KERNEL_BOOTCP_VERIFY_ALL
<6>[   44.661317] trusty: trusty_kernelbootcp: 111: TA:kbc_verify_all_avb2() 
<6>[   44.661323] trusty: trusty_kernelbootcp: 157: dump_table() len = 1380000 maplen = 1380000 addr = 8a880000 
<6>[   44.661326] trusty: footer
<6>[   44.661330] trusty: 0000 41 56 42 66 00 00 00 01 00 00 00 00 00 00 00 00
<6>[   44.661334] trusty: 0010 01 77 e4 80 00 00 00 00 01 77 f0 00 00 00 00 00
<6>[   44.661338] trusty: 0020 00 00 08 40 00 00 00 00 00 00 00 00 00 00 00 00
<6>[   44.661342] trusty: 0030 00 00 00 00 00 00 00 00 00 00 00 00 00 00 00 00
<6>[   44.661347] trusty: trusty_kernelbootcp: 157: dump_table() len = 750000 maplen = 750000 addr = 89aa8000 
<6>[   44.661350] trusty: footer
<6>[   44.661354] trusty: 0000 41 56 42 66 00 00 00 01 00 00 00 00 00 00 00 00
<6>[   44.661358] trusty: 0010 00 30 00 00 00 00 00 00 00 30 00 00 00 00 00 00
<6>[   44.661362] trusty: 0020 00 00 08 40 00 00 00 00 00 00 00 00 00 00 00 00
<6>[   44.661366] trusty: 0030 00 00 00 00 00 00 00 00 00 00 00 00 00 00 00 00
<6>[   44.661371] trusty: trusty_kernelbootcp: 157: dump_table() len = 440000 maplen = 440000 addr = 89620000 
<6>[   44.661374] trusty: footer
<6>[   44.661378] trusty: 0000 41 56 42 66 00 00 00 01 00 00 00 00 00 00 00 00
<6>[   44.661382] trusty: 0010 00 24 e0 00 00 00 00 00 00 24 e0 00 00 00 00 00
<6>[   44.661386] trusty: 0020 00 00 08 40 00 00 00 00 00 00 00 00 00 00 00 00
<6>[   44.661390] trusty: 0030 00 00 00 00 00 00 00 00 00 00 00 00 00 00 00 00
<6>[   44.661395] trusty: trusty_kernelbootcp: 157: dump_table() len = 3b000 maplen = 3b000 addr = 800000 
<6>[   44.661398] trusty: footer
<6>[   44.661402] trusty: 0000 41 56 42 66 00 00 00 01 00 00 00 00 00 00 00 00
<6>[   44.661406] trusty: 0010 00 02 c1 50 00 00 00 00 00 02 d0 00 00 00 00 00
<6>[   44.661410] trusty: 0020 00 00 08 40 00 00 00 00 00 00 00 00 00 00 00 00
<6>[   44.661414] trusty: 0030 00 00 00 00 00 00 00 00 00 00 00 00 00 00 00 00
<6>[   44.661419] trusty: trusty_kernelbootcp: 157: dump_table() len = 100000 maplen = 100000 addr = 8d480000 
<6>[   44.661422] trusty: footer
<6>[   44.661425] trusty: 0000 41 56 42 66 00 00 00 01 00 00 00 00 00 00 00 00
<6>[   44.661429] trusty: 0010 00 01 ad 18 00 00 00 00 00 01 b0 00 00 00 00 00
<6>[   44.661433] trusty: 0020 00 00 08 40 00 00 00 00 00 00 00 00 00 00 00 00
<6>[   44.661437] trusty: 0030 00 00 00 00 00 00 00 00 00 00 00 00 00 00 00 00
<6>[   44.661441] trusty: trusty_kernelbootcp: 164: dump_table() flag = 31 
<6>[   44.661445] trusty: trusty_kernelbootcp: 165: dump_table() is_packed = 0 
<6>[   44.661449] trusty: trusty_kernelbootcp: 114: TA:SEC_FIREWALL_LOCK_CP_DRR() ret = 0
<6>[   44.661453] trusty: [   48.200797] c2 enter SEC_KBC_VERIFY_ALL_V2
<6>[   44.661457] trusty: [   48.200810] c2 dump_table() len = 1380000 maplen = 1380000 addr = 8a880000 
<6>[   44.661462] trusty: [   48.200819] c2 dump_table() len = 750000 maplen = 750000 addr = 89aa8000 
<6>[   44.661466] trusty: [   48.200827] c2 dump_table() len = 440000 maplen = 440000 addr = 89620000 
<6>[   44.661470] trusty: [   48.200834] c2 dump_table() len = 3b000 maplen = 3b000 addr = 800000 
<6>[   44.661474] trusty: [   48.200842] c2 dump_table() flag = 31 
<6>[   44.661478] trusty: [   48.200847] c2 dump_table() is_packed = 0 
<6>[   44.661482] trusty: [   48.200853] c2 [kbc]kbc_image_verify_v2() enter.
<6>[   44.661486] trusty: [   48.200859] c2 [kbc]call mem map:ns addr = 0x8a880000 map len = 0x1380000 
<6>[   44.663598] trusty: [   48.201684] c2 [kbc]after map:pAddr = 0xffffffffe1312000
<6>[   44.663607] trusty: [   48.201698] c2 pAddr:
<6>[   44.663612] trusty: 0000 4d 45 43 50 56 31 2e 30 00 06 00 00 00 00 00 00
<6>[   44.663616] trusty: [   48.201727] c2 [kbc]avb_userdata_set() packed offset = 0x7237a0
<6>[   44.663620] trusty: [   48.201735] c2 [kbc]start verify... 
<6>[   44.663625] trusty: [   48.201739] c2 [kbc]avb_check_kbc_image() name = l_modem
<6>[   44.663629] trusty: [   48.201746] c2 ### enter avb_slot_verify. ###
<6>[   44.663633] trusty: [   48.201759] c2 Loading vbmeta struct from partition 'vbmeta'.
<6>[   44.663638] trusty: [   48.201790] c2 >>> begin to load vbmeta image of partition:vbmeta.
<6>[   44.663643] trusty: [   48.201796] c2 [kbc]read partition name: vbmeta, offset = 0x0, num_bytes = 0x10000
<6>[   44.663647] trusty: [   48.201843] c2 [kbc]read_from_partition_kbc leave buf = 0xe047c0c0
<6>[   44.663651] trusty: [   48.201852] c2 enter implement read_rollback_index().
<6>[   44.663657] trusty: [   48.201858] c2 Info: vbmeta_header.rollback_index:0, >= stored_rollback_index:0.
<6>[   44.663661] trusty: [   48.201871] c2 in load_and_verify_vbmeta, l:619. num_descriptors:13.
<6>[   44.663666] trusty: [   48.201880] c2 in load_and_verify_vbmeta, l:629. desc.tag:0x4.
<6>[   44.663671] trusty: [   48.201889] c2 Info::>>> chain_partition_name:boot != requested_partitions[0]:l_modem. skip .... 
<6>[   44.663675] trusty: [   48.201896] c2 in load_and_verify_vbmeta, l:629. desc.tag:0x4.
<6>[   44.663681] trusty: [   48.201904] c2 Info::>>> chain_partition_name:system != requested_partitions[0]:l_modem. skip .... 
<6>[   44.663685] trusty: [   48.201911] c2 in load_and_verify_vbmeta, l:629. desc.tag:0x4.
<6>[   44.663691] trusty: [   48.201919] c2 Info::>>> chain_partition_name:vendor != requested_partitions[0]:l_modem. skip .... 
<6>[   44.663695] trusty: [   48.201926] c2 in load_and_verify_vbmeta, l:629. desc.tag:0x4.
<6>[   44.663700] trusty: [   48.201933] c2 Info::>>> chain_partition_name:product != requested_partitions[0]:l_modem. skip .... 
<6>[   44.663704] trusty: [   48.201941] c2 in load_and_verify_vbmeta, l:629. desc.tag:0x4.
<6>[   44.663709] trusty: [   48.201948] c2 Info::>>> chain_partition_name:dtbo != requested_partitions[0]:l_modem. skip .... 
<6>[   44.663714] trusty: [   48.201955] c2 in load_and_verify_vbmeta, l:629. desc.tag:0x4.
<6>[   44.663719] trusty: [   48.201963] c2 Info::>>> chain_partition_name:recovery != requested_partitions[0]:l_modem. skip .... 
<6>[   44.663723] trusty: [   48.201970] c2 in load_and_verify_vbmeta, l:629. desc.tag:0x4.
<6>[   44.663727] trusty: [   48.201983] c2 in load_and_verify_vbmeta, l:629. desc.tag:0x4.
<6>[   44.663731] trusty: [   48.201990] c2 in load_and_verify_vbmeta, l:629. desc.tag:0x4.
<6>[   44.663735] trusty: [   48.201998] c2 in load_and_verify_vbmeta, l:629. desc.tag:0x4.
<6>[   44.663740] trusty: [   48.202005] c2 in load_and_verify_vbmeta, l:629. desc.tag:0x4.
<6>[   44.663744] trusty: [   48.202012] c2 in load_and_verify_vbmeta, l:629. desc.tag:0x4.
<6>[   44.663748] trusty: [   48.202019] c2 in load_and_verify_vbmeta, l:629. desc.tag:0x4.
<6>[   44.663752] trusty: [   48.202028] c2 allow_verification_error:0, ret:0
<6>[   44.663756] trusty: [   48.202035] c2 Loading vbmeta struct from partition 'l_modem'.
<6>[   44.663761] trusty: [   48.202041] c2 [kbc]read partition name: l_modem, offset = 0xffffffffffffffc0, num_bytes = 0x40
<6>[   44.663765] trusty: [   48.202049] c2 [kbc]read footer
<6>[   44.663768] trusty: [   48.202054] c2 dump footer
<6>[   44.663772] trusty: 0000 41 56 42 66 00 00 00 01 00 00 00 00 00 00 00 00
<6>[   44.663776] trusty: 0010 01 77 e4 80 00 00 00 00 01 77 f0 00 00 00 00 00
<6>[   44.663779] trusty: 0020 00 00 08 40 00 00 00 00 00 00 00 00 00 00 00 00
<6>[   44.663783] trusty: 0030 00 00 00 00 00 00 00 00 00 00 00 00 00 00 00 00
<6>[   44.663787] trusty: [   48.202152] c2 [kbc]read_from_partition_kbc leave buf = 0xe038e648
<6>[   44.663792] trusty: [   48.202160] c2 >>> begin to load vbmeta image of partition:l_modem.
<6>[   44.663796] trusty: [   48.202166] c2 [kbc]read partition name: l_modem, offset = 0x177f000, num_bytes = 0x840
<6>[   44.663801] trusty: [   48.202174] c2 [kbc]read certificate: img_addr = 0xe1312000
<6>[   44.663805] trusty: [   48.202180] c2 [kbc]read certificate: offset = 0x105b860
<6>[   44.663808] trusty: [   48.202188] c2 dump certificate
<6>[   44.663812] trusty: 0000 41 56 42 30 00 00 00 01 00 00 00 00 00 00 00 00
<6>[   44.663816] trusty: [   48.202216] c2 [kbc]read_from_partition_kbc leave buf = 0xe039e030
<6>[   44.677568] trusty: [   48.216969] c2 partition: l_modem vbmeta_verify_ret is :0. 
<6>[   44.677578] trusty: [   48.217000] c2 enter implement read_rollback_index().
<6>[   44.677584] trusty: [   48.217006] c2 Info: vbmeta_header.rollback_index:0, >= stored_rollback_index:0.
<6>[   44.677589] trusty: [   48.217020] c2 in load_and_verify_vbmeta, l:619. num_descriptors:1.
<6>[   44.677593] trusty: [   48.217028] c2 in load_and_verify_vbmeta, l:629. desc.tag:0x2.
<6>[   44.677598] trusty: [   48.217039] c2 in load_and_verify_hash_partition, l:130.hash_desc.image_size:0x105ace0.
<6>[   44.677603] trusty: [   48.217047] c2 avb_ops_get_image_buffer: img_addr = 0xe1312000
<6>[   44.677606] trusty: [   48.217054] c2 check dat cp
<6>[   44.677612] trusty: [   48.217060] c2 in load_and_verify_hash_partition, l:142. Warning: Read partition to be verified... name:l_modem, size:0x105ace0 >>>>> 
<14>[   44.712444] init: Service 'exec 22 (/system/bin/phh-prop-handler.sh persist.sys.phh.backlight.scale)' (pid 794) exited with status 0 waiting took 0.129000 seconds
<14>[   44.713595] init: processing action (ro.sf.lcd_density=*) from (/system/etc/init/vndk.rc:50)
<14>[   44.713843] init: Sending signal 9 to service 'surfaceflinger' (pid 727) process group...
<14>[   44.722573] libprocessgroup: Successfully killed process cgroup uid 1000 pid 727 in 8ms
<14>[   44.723959] init: Service 'surfaceflinger' (pid 727) received signal 9
<14>[   44.724031] init: Sending signal 9 to service 'zygote' (pid 643) process group...
<14>[   44.735017] libprocessgroup: Successfully killed process cgroup uid 0 pid 643 in 10ms
<6>[   44.738634] ion_carveout_heap_free: heap id: 3, paddr: 0x9ec39000, size: 851968
<6>[   44.738923] ion_carveout_heap_free: heap id: 3, paddr: 0x9ed09000, size: 851968
<14>[   44.738974] init: Service 'zygote' (pid 643) received signal 9
<6>[   44.739204] ion_carveout_heap_free: heap id: 3, paddr: 0x9edd9000, size: 851968
<14>[   44.739986] init: starting service 'exec 23 (/system/bin/vdc volume abort_fuse)'...
<14>[   44.744820] init: Command 'write /sys/power/state on' action=onrestart (<Service 'zygote' onrestart>:2) took 1ms and failed: Unable to write to file '/sys/power/state': Unable to write file contents: Invalid argument
<14>[   44.746293] init: starting service 'cameraserver'...
<6>[   44.746981] spipe 5-21 not ready to open!
<6>[   44.747102] KernelSU: mark no sucompat checks for pid: '800', exec: '/system/bin/vdc'
<12>[   44.755499] libprocessgroup: Failed to open /dev/cpuset/camera-daemon/tasks: No such file or directory: No such file or directory
<12>[   44.755576] libprocessgroup: Failed to apply CameraServiceCapacity task profile: No such file or directory
<14>[   44.756890] init: starting service 'media'...
<6>[   44.758201] KernelSU: mark no sucompat checks for pid: '801', exec: '/system/bin/cameraserver'
<14>[   44.761482] init: Sending signal 9 to service 'netd' (pid 642) process group...
<14>[   44.770854] libprocessgroup: Successfully killed process cgroup uid 0 pid 642 in 9ms
<14>[   44.772599] init: starting service 'wificond'...
<6>[   44.783031] KernelSU: mark no sucompat checks for pid: '802', exec: '/system/bin/mediaserver'
<3>[   44.783947] mmsys_dvfs_power:on=0 begin
<6>[   44.783957] mmsys_notify_call_chain:   notifier_type :2 enter
<6>[   44.783964] mmsys_notify_call_chain:   pw opened count 1
<6>[   44.783969] mmsys_notify_call_chain: notifier_type :2 exit
<3>[   44.783972] mmsys_dvfs_power: end
<6>[   44.784435] MM_PW: 675 398 sprd_cam_pw_off: Done, read count 1, cb: ffffff80009b19f8
<6>[   44.784450] SENSOR_CORE: 675: sprd_sensor_file_release line=688: sensor: release 0
<6>[   44.784877] KernelSU: mark no sucompat checks for pid: '803', exec: '/system/bin/wificond'
<14>[   44.786709] init: Service 'netd' (pid 642) received signal 9
<14>[   44.787037] init: Sending signal 9 to service 'zygote_secondary' (pid 644) process group...
<6>[   44.797412] trusty: [   48.335924] c0 in load_and_verify_vbmeta, l:641.sub_ret:0.
<6>[   44.797421] trusty: [   48.335940] c0 allow_verification_error:0, subret:0, ret:0
<6>[   44.797427] trusty: [   48.335949] c0 in avb_slot_verify, l:1102. load_and_verify_vbmeta ret is 0, algorithm_type: 2. 
<6>[   44.797432] trusty: [   48.335959] c0 in avb_slot_verify, l:1111, vbmeta, 2, 1
<6>[   44.797436] trusty: [   48.335968] c0 in avb_slot_verify, l:1123. 
<6>[   44.797440] trusty: [   48.335977] c0 in avb_slot_verify, l:1132. 
<6>[   44.797444] trusty: [   48.336598] c0 in avb_slot_verify, l:1156. 
<6>[   44.797450] trusty: [   48.336611] c0 read_is_device_unlocked() get vb_unlock_status 0x0, *out_is_unlocked is 0.
<6>[   44.797454] trusty: [   48.336622] c0 in avb_slot_verify, l:1174. 
<6>[   44.798151] trusty: [   48.337664] c0 in avb_slot_verify, l:1236. 
<14>[   44.798154] libprocessgroup: Successfully killed process cgroup uid 0 pid 644 in 10ms
<6>[   44.798160] trusty: [   48.337675] c0 in avb_slot_verify, l:1239. 
<6>[   44.798164] trusty: [   48.337681] c0 in avb_slot_verify, l:1248. 
<6>[   44.798168] trusty: [   48.337688] c0 [kbc]avb_slot_verify result is 0.
<6>[   44.798172] trusty: [   48.337694] c0 [kbc]avb_slot_verify result is OK.
<6>[   44.798175] trusty: [   48.337700] c0 [kbc]slot_data[0] is 0xe038fc38.
<6>[   44.798179] trusty: [   48.337706] c0 [kbc]slot_data[1] is 0x0.
<6>[   44.798182] trusty: [   48.337719] c0 [kbc]ret = 0
<6>[   44.799554] trusty: [   48.338156] c0 [kbc]call mem map:ns addr = 0x89aa8000 map len = 0x750000 
<6>[   44.799560] trusty: [   48.338307] c0 [kbc]after map:pAddr = 0xffffffffe1312000
<6>[   44.799564] trusty: [   48.338315] c0 pAddr:
<6>[   44.799568] trusty: 0000 00 5a 5a 5a 08 73 e6 d7 b0 20 00 18 08 db e6 d7
<6>[   44.799573] trusty: [   48.338343] c0 [kbc]avb_userdata_set() packed offset = 0x7237a0
<6>[   44.799576] trusty: [   48.338350] c0 [kbc]start verify... 
<6>[   44.799581] trusty: [   48.338354] c0 [kbc]avb_check_kbc_image() name = l_ldsp
<6>[   44.799584] trusty: [   48.338361] c0 ### enter avb_slot_verify. ###
<6>[   44.799588] trusty: [   48.338372] c0 Loading vbmeta struct from partition 'vbmeta'.
<6>[   44.799592] trusty: [   48.338380] c0 >>> begin to load vbmeta image of partition:vbmeta.
<6>[   44.799597] trusty: [   48.338388] c0 [kbc]read partition name: vbmeta, offset = 0x0, num_bytes = 0x10000
<6>[   44.799601] trusty: [   48.338433] c0 [kbc]read_from_partition_kbc leave buf = 0xe047c0c0
<6>[   44.799605] trusty: [   48.338442] c0 enter implement read_rollback_index().
<6>[   44.799610] trusty: [   48.338448] c0 Info: vbmeta_header.rollback_index:0, >= stored_rollback_index:0.
<6>[   44.799614] trusty: [   48.338460] c0 in load_and_verify_vbmeta, l:619. num_descriptors:13.
<6>[   44.799618] trusty: [   48.338468] c0 in load_and_verify_vbmeta, l:629. desc.tag:0x4.
<6>[   44.799623] trusty: [   48.338477] c0 Info::>>> chain_partition_name:boot != requested_partitions[0]:l_ldsp. skip .... 
<6>[   44.799627] trusty: [   48.338485] c0 in load_and_verify_vbmeta, l:629. desc.tag:0x4.
<6>[   44.799632] trusty: [   48.338492] c0 Info::>>> chain_partition_name:system != requested_partitions[0]:l_ldsp. skip .... 
<6>[   44.799636] trusty: [   48.338499] c0 in load_and_verify_vbmeta, l:629. desc.tag:0x4.
<6>[   44.799641] trusty: [   48.338507] c0 Info::>>> chain_partition_name:vendor != requested_partitions[0]:l_ldsp. skip .... 
<6>[   44.799645] trusty: [   48.338514] c0 in load_and_verify_vbmeta, l:629. desc.tag:0x4.
<6>[   44.799650] trusty: [   48.338522] c0 Info::>>> chain_partition_name:product != requested_partitions[0]:l_ldsp. skip .... 
<6>[   44.799654] trusty: [   48.338529] c0 in load_and_verify_vbmeta, l:629. desc.tag:0x4.
<6>[   44.799659] trusty: [   48.338537] c0 Info::>>> chain_partition_name:dtbo != requested_partitions[0]:l_ldsp. skip .... 
<6>[   44.799663] trusty: [   48.338544] c0 in load_and_verify_vbmeta, l:629. desc.tag:0x4.
<6>[   44.799668] trusty: [   48.338551] c0 Info::>>> chain_partition_name:recovery != requested_partitions[0]:l_ldsp. skip .... 
<6>[   44.799672] trusty: [   48.338558] c0 in load_and_verify_vbmeta, l:629. desc.tag:0x4.
<6>[   44.799678] trusty: [   48.338566] c0 Info::>>> chain_partition_name:l_modem != requested_partitions[0]:l_ldsp. skip .... 
<6>[   44.799682] trusty: [   48.338573] c0 in load_and_verify_vbmeta, l:629. desc.tag:0x4.
<6>[   44.799686] trusty: [   48.338587] c0 in load_and_verify_vbmeta, l:629. desc.tag:0x4.
<6>[   44.799691] trusty: [   48.338594] c0 in load_and_verify_vbmeta, l:629. desc.tag:0x4.
<6>[   44.799695] trusty: [   48.338601] c0 in load_and_verify_vbmeta, l:629. desc.tag:0x4.
<6>[   44.799700] trusty: [   48.338608] c0 in load_and_verify_vbmeta, l:629. desc.tag:0x4.
<6>[   44.799704] trusty: [   48.338615] c0 in load_and_verify_vbmeta, l:629. desc.tag:0x4.
<6>[   44.799708] trusty: [   48.338624] c0 allow_verification_error:0, ret:0
<6>[   44.799712] trusty: [   48.338631] c0 Loading vbmeta struct from partition 'l_ldsp'.
<6>[   44.799718] trusty: [   48.338637] c0 [kbc]read partition name: l_ldsp, offset = 0xffffffffffffffc0, num_bytes = 0x40
<6>[   44.799721] trusty: [   48.338645] c0 [kbc]read footer
<6>[   44.799725] trusty: [   48.338650] c0 dump footer
<6>[   44.799728] trusty: 0000 41 56 42 66 00 00 00 01 00 00 00 00 00 00 00 00
<6>[   44.799732] trusty: 0010 00 30 00 00 00 00 00 00 00 30 00 00 00 00 00 00
<6>[   44.799736] trusty: 0020 00 00 08 40 00 00 00 00 00 00 00 00 00 00 00 00
<6>[   44.799740] trusty: 0030 00 00 00 00 00 00 00 00 00 00 00 00 00 00 00 00
<6>[   44.799744] trusty: [   48.338748] c0 [kbc]read_from_partition_kbc leave buf = 0xe038e648
<6>[   44.799748] trusty: [   48.338756] c0 >>> begin to load vbmeta image of partition:l_ldsp.
<6>[   44.799753] trusty: [   48.338762] c0 [kbc]read partition name: l_ldsp, offset = 0x300000, num_bytes = 0x840
<6>[   44.799757] trusty: [   48.338769] c0 [kbc]read certificate: img_addr = 0xe1312000
<6>[   44.799761] trusty: [   48.338776] c0 [kbc]read certificate: offset = 0x300000
<6>[   44.799764] trusty: [   48.338784] c0 dump certificate
<6>[   44.799768] trusty: 0000 41 56 42 30 00 00 00 01 00 00 00 00 00 00 00 00
<6>[   44.799772] trusty: [   48.338812] c0 [kbc]read_from_partition_kbc leave buf = 0xe039e030
<6>[   44.809649] trusty: [   48.349071] c0 partition: l_ldsp vbmeta_verify_ret is :0. 
<6>[   44.809658] trusty: [   48.349101] c0 enter implement read_rollback_index().
<6>[   44.809663] trusty: [   48.349107] c0 Info: vbmeta_header.rollback_index:0, >= stored_rollback_index:0.
<6>[   44.809668] trusty: [   48.349121] c0 in load_and_verify_vbmeta, l:619. num_descriptors:1.
<6>[   44.809673] trusty: [   48.349129] c0 in load_and_verify_vbmeta, l:629. desc.tag:0x2.
<6>[   44.809678] trusty: [   48.349140] c0 in load_and_verify_hash_partition, l:130.hash_desc.image_size:0x300000.
<6>[   44.809682] trusty: [   48.349148] c0 avb_ops_get_image_buffer: img_addr = 0xe1312000
<6>[   44.809685] trusty: [   48.349154] c0 check dat cp
<6>[   44.809692] trusty: [   48.349160] c0 in load_and_verify_hash_partition, l:142. Warning: Read partition to be verified... name:l_ldsp, size:0x300000 >>>>> 
<14>[   44.810474] init: Service 'zygote_secondary' (pid 644) received signal 9
<14>[   44.819032] init: Service 'exec 23 (/system/bin/vdc volume abort_fuse)' (pid 800) exited with status 0 oneshot service took 0.076000 seconds in background
<14>[   44.820013] init: Untracked pid 651 received signal 9
<14>[   44.820705] init: Untracked pid 652 received signal 9
<14>[   44.821730] init: processing action (persist.sys.phh.disable_a2dp_offload=*) from (/system/etc/init/vndk.rc:59)
<14>[   44.836353] init: processing action (persist.vendor.sys.modem.diag=none && persist.vendor.wcn.log_dest=0) from (/vendor/etc/init/engpc.rc:53)
<6>[   44.838706] trusty: [   48.377169] c0 in load_and_verify_vbmeta, l:641.sub_ret:0.
<6>[   44.838715] trusty: [   48.377186] c0 allow_verification_error:0, subret:0, ret:0
<6>[   44.838721] trusty: [   48.377195] c0 in avb_slot_verify, l:1102. load_and_verify_vbmeta ret is 0, algorithm_type: 2. 
<6>[   44.838725] trusty: [   48.377204] c0 in avb_slot_verify, l:1111, vbmeta, 2, 1
<6>[   44.838729] trusty: [   48.377214] c0 in avb_slot_verify, l:1123. 
<6>[   44.838733] trusty: [   48.377223] c0 in avb_slot_verify, l:1132. 
<6>[   44.838737] trusty: [   48.377244] c0 in avb_slot_verify, l:1156. 
<6>[   44.838742] trusty: [   48.377250] c0 read_is_device_unlocked() get vb_unlock_status 0x0, *out_is_unlocked is 0.
<6>[   44.838746] trusty: [   48.377261] c0 in avb_slot_verify, l:1174. 
<14>[   44.840009] init: processing action (persist.vendor.sys.modem.diag=none) from (/vendor/etc/init/engpc.rc:69)
<6>[   44.840128] trusty: [   48.378747] c0 in avb_slot_verify, l:1236. 
<6>[   44.840135] trusty: [   48.378760] c0 in avb_slot_verify, l:1239. 
<6>[   44.840139] trusty: [   48.378767] c0 in avb_slot_verify, l:1248. 
<6>[   44.840144] trusty: [   48.378774] c0 [kbc]avb_slot_verify result is 0.
<6>[   44.840148] trusty: [   48.378780] c0 [kbc]avb_slot_verify result is OK.
<6>[   44.840152] trusty: [   48.378786] c0 [kbc]slot_data[0] is 0xe038fbc8.
<6>[   44.840156] trusty: [   48.378792] c0 [kbc]slot_data[1] is 0x0.
<6>[   44.840160] trusty: [   48.378805] c0 [kbc]ret = 0
<6>[   44.840165] trusty: [   48.378923] c0 [kbc]call mem map:ns addr = 0x89620000 map len = 0x440000 
<6>[   44.840169] trusty: [   48.379007] c0 [kbc]after map:pAddr = 0xffffffffe1312000
<6>[   44.840172] trusty: [   48.379014] c0 pAddr:
<6>[   44.840176] trusty: 0000 2e 50 53 44 38 38 43 53 5f 53 30 30 00 4d 53 47
<6>[   44.840180] trusty: [   48.379042] c0 [kbc]avb_userdata_set() packed offset = 0x7237a0
<6>[   44.840184] trusty: [   48.379048] c0 [kbc]start verify... 
<6>[   44.840188] trusty: [   48.379053] c0 [kbc]avb_check_kbc_image() name = l_gdsp
<6>[   44.840192] trusty: [   48.379059] c0 ### enter avb_slot_verify. ###
<6>[   44.840196] trusty: [   48.379069] c0 Loading vbmeta struct from partition 'vbmeta'.
<6>[   44.840201] trusty: [   48.379076] c0 >>> begin to load vbmeta image of partition:vbmeta.
<6>[   44.840205] trusty: [   48.379083] c0 [kbc]read partition name: vbmeta, offset = 0x0, num_bytes = 0x10000
<6>[   44.840210] trusty: [   48.379129] c0 [kbc]read_from_partition_kbc leave buf = 0xe047c0c0
<6>[   44.840214] trusty: [   48.379137] c0 enter implement read_rollback_index().
<6>[   44.840219] trusty: [   48.379143] c0 Info: vbmeta_header.rollback_index:0, >= stored_rollback_index:0.
<6>[   44.840223] trusty: [   48.379156] c0 in load_and_verify_vbmeta, l:619. num_descriptors:13.
<6>[   44.840228] trusty: [   48.379164] c0 in load_and_verify_vbmeta, l:629. desc.tag:0x4.
<6>[   44.840233] trusty: [   48.379172] c0 Info::>>> chain_partition_name:boot != requested_partitions[0]:l_gdsp. skip .... 
<6>[   44.840237] trusty: [   48.379180] c0 in load_and_verify_vbmeta, l:629. desc.tag:0x4.
<6>[   44.840242] trusty: [   48.379187] c0 Info::>>> chain_partition_name:system != requested_partitions[0]:l_gdsp. skip .... 
<6>[   44.840247] trusty: [   48.379194] c0 in load_and_verify_vbmeta, l:629. desc.tag:0x4.
<6>[   44.840252] trusty: [   48.379202] c0 Info::>>> chain_partition_name:vendor != requested_partitions[0]:l_gdsp. skip .... 
<6>[   44.840256] trusty: [   48.379209] c0 in load_and_verify_vbmeta, l:629. desc.tag:0x4.
<6>[   44.840261] trusty: [   48.379217] c0 Info::>>> chain_partition_name:product != requested_partitions[0]:l_gdsp. skip .... 
<6>[   44.840266] trusty: [   48.379224] c0 in load_and_verify_vbmeta, l:629. desc.tag:0x4.
<6>[   44.840271] trusty: [   48.379232] c0 Info::>>> chain_partition_name:dtbo != requested_partitions[0]:l_gdsp. skip .... 
<6>[   44.840275] trusty: [   48.379239] c0 in load_and_verify_vbmeta, l:629. desc.tag:0x4.
<6>[   44.840280] trusty: [   48.379246] c0 Info::>>> chain_partition_name:recovery != requested_partitions[0]:l_gdsp. skip .... 
<6>[   44.840284] trusty: [   48.379253] c0 in load_and_verify_vbmeta, l:629. desc.tag:0x4.
<6>[   44.840290] trusty: [   48.379261] c0 Info::>>> chain_partition_name:l_modem != requested_partitions[0]:l_gdsp. skip .... 
<6>[   44.840294] trusty: [   48.379268] c0 in load_and_verify_vbmeta, l:629. desc.tag:0x4.
<6>[   44.840299] trusty: [   48.379275] c0 Info::>>> chain_partition_name:l_ldsp != requested_partitions[0]:l_gdsp. skip .... 
<6>[   44.840303] trusty: [   48.379283] c0 in load_and_verify_vbmeta, l:629. desc.tag:0x4.
<6>[   44.840308] trusty: [   48.379296] c0 in load_and_verify_vbmeta, l:629. desc.tag:0x4.
<6>[   44.840312] trusty: [   48.379303] c0 in load_and_verify_vbmeta, l:629. desc.tag:0x4.
<6>[   44.840317] trusty: [   48.379310] c0 in load_and_verify_vbmeta, l:629. desc.tag:0x4.
<6>[   44.840321] trusty: [   48.379317] c0 in load_and_verify_vbmeta, l:629. desc.tag:0x4.
<6>[   44.840325] trusty: [   48.379325] c0 allow_verification_error:0, ret:0
<6>[   44.840330] trusty: [   48.379331] c0 Loading vbmeta struct from partition 'l_gdsp'.
<6>[   44.840335] trusty: [   48.379338] c0 [kbc]read partition name: l_gdsp, offset = 0xffffffffffffffc0, num_bytes = 0x40
<6>[   44.840338] trusty: [   48.379346] c0 [kbc]read footer
<6>[   44.840342] trusty: [   48.379350] c0 dump footer
<6>[   44.840345] trusty: 0000 41 56 42 66 00 00 00 01 00 00 00 00 00 00 00 00
<6>[   44.840349] trusty: 0010 00 24 e0 00 00 00 00 00 00 24 e0 00 00 00 00 00
<6>[   44.840354] trusty: 0020 00 00 08 40 00 00 00 00 00 00 00 00 00 00 00 00
<6>[   44.840357] trusty: 0030 00 00 00 00 00 00 00 00 00 00 00 00 00 00 00 00
<6>[   44.840362] trusty: [   48.379448] c0 [kbc]read_from_partition_kbc leave buf = 0xe038e648
<6>[   44.840366] trusty: [   48.379455] c0 >>> begin to load vbmeta image of partition:l_gdsp.
<6>[   44.840371] trusty: [   48.379461] c0 [kbc]read partition name: l_gdsp, offset = 0x24e000, num_bytes = 0x840
<6>[   44.840376] trusty: [   48.379469] c0 [kbc]read certificate: img_addr = 0xe1312000
<6>[   44.840380] trusty: [   48.379476] c0 [kbc]read certificate: offset = 0x24e000
<6>[   44.840383] trusty: [   48.379484] c0 dump certificate
<6>[   44.840387] trusty: 0000 41 56 42 30 00 00 00 01 00 00 00 00 00 00 00 00
<6>[   44.840392] trusty: [   48.379512] c0 [kbc]read_from_partition_kbc leave buf = 0xe039e030
<14>[   44.844682] init: processing action (persist.vendor.modem.log_dest=0) from (/vendor/etc/init/engpc.rc:73)
<14>[   44.845793] init: processing action (persist.vendor.aprservice.enabled=0) from (/vendor/etc/init/vendor.sprd.hardware.aprd@1.0-service.rc:11)
<6>[   44.847226] trusty: [   48.386745] c0 partition: l_gdsp vbmeta_verify_ret is :0. 
<6>[   44.847236] trusty: [   48.386774] c0 enter implement read_rollback_index().
<6>[   44.847241] trusty: [   48.386780] c0 Info: vbmeta_header.rollback_index:0, >= stored_rollback_index:0.
<6>[   44.847246] trusty: [   48.386794] c0 in load_and_verify_vbmeta, l:619. num_descriptors:1.
<6>[   44.847250] trusty: [   48.386802] c0 in load_and_verify_vbmeta, l:629. desc.tag:0x2.
<6>[   44.847255] trusty: [   48.386814] c0 in load_and_verify_hash_partition, l:130.hash_desc.image_size:0x24e000.
<6>[   44.847259] trusty: [   48.386823] c0 avb_ops_get_image_buffer: img_addr = 0xe1312000
<6>[   44.847263] trusty: [   48.386829] c0 check dat cp
<6>[   44.847269] trusty: [   48.386834] c0 in load_and_verify_hash_partition, l:142. Warning: Read partition to be verified... name:l_gdsp, size:0x24e000 >>>>> 
<6>[   44.847305] spipe 5-21 not ready to open!
<14>[   44.851813] init: processing action (nonencrypted) from (/system/etc/init/hw/init.rc:941)
<14>[   44.852556] init: starting service 'zygote'...
<14>[   44.854256] init: Created socket '/dev/socket/zygote', mode 660, user 0, group 1000
<14>[   44.856563] init: Created socket '/dev/socket/usap_pool_primary', mode 660, user 0, group 1000
<6>[   44.861862] trusty: [   48.400862] c0 in load_and_verify_vbmeta, l:641.sub_ret:0.
<6>[   44.861872] trusty: [   48.400879] c0 allow_verification_error:0, subret:0, ret:0
<6>[   44.861878] trusty: [   48.400889] c0 in avb_slot_verify, l:1102. load_and_verify_vbmeta ret is 0, algorithm_type: 2. 
<6>[   44.861882] trusty: [   48.400898] c0 in avb_slot_verify, l:1111, vbmeta, 2, 1
<6>[   44.861886] trusty: [   48.400908] c0 in avb_slot_verify, l:1123. 
<6>[   44.861890] trusty: [   48.400917] c0 in avb_slot_verify, l:1132. 
<6>[   44.861894] trusty: [   48.400937] c0 in avb_slot_verify, l:1156. 
<6>[   44.861899] trusty: [   48.400944] c0 read_is_device_unlocked() get vb_unlock_status 0x0, *out_is_unlocked is 0.
<6>[   44.861903] trusty: [   48.400955] c0 in avb_slot_verify, l:1174. 
<6>[   44.863606] trusty: [   48.402032] c0 in avb_slot_verify, l:1236. 
<6>[   44.863615] trusty: [   48.402043] c0 in avb_slot_verify, l:1239. 
<6>[   44.863619] trusty: [   48.402050] c0 in avb_slot_verify, l:1248. 
<6>[   44.863624] trusty: [   48.402057] c0 [kbc]avb_slot_verify result is 0.
<6>[   44.863628] trusty: [   48.402063] c0 [kbc]avb_slot_verify result is OK.
<6>[   44.863632] trusty: [   48.402069] c0 [kbc]slot_data[0] is 0xe038fbc8.
<6>[   44.863636] trusty: [   48.402075] c0 [kbc]slot_data[1] is 0x0.
<6>[   44.863639] trusty: [   48.402088] c0 [kbc]ret = 0
<6>[   44.863644] trusty: [   48.402167] c0 [kbc]call mem map:ns addr = 0x800000 map len = 0x3b000 
<6>[   44.863648] trusty: [   48.402183] c0 [kbc]after map:pAddr = 0xffffffffe1312000
<6>[   44.863651] trusty: [   48.402190] c0 pAddr:
<6>[   44.863655] trusty: 0000 00 b0 02 00 d1 01 00 00 e9 02 00 00 85 02 00 00
<6>[   44.863659] trusty: [   48.402223] c0 [kbc]avb_userdata_set() packed offset = 0x7237a0
<6>[   44.863663] trusty: [   48.402230] c0 [kbc]start verify... 
<6>[   44.863667] trusty: [   48.402235] c0 [kbc]avb_check_kbc_image() name = pm_sys
<6>[   44.863671] trusty: [   48.402241] c0 ### enter avb_slot_verify. ###
<6>[   44.863675] trusty: [   48.402251] c0 Loading vbmeta struct from partition 'vbmeta'.
<6>[   44.863679] trusty: [   48.402258] c0 >>> begin to load vbmeta image of partition:vbmeta.
<6>[   44.863684] trusty: [   48.402265] c0 [kbc]read partition name: vbmeta, offset = 0x0, num_bytes = 0x10000
<6>[   44.863688] trusty: [   48.402312] c0 [kbc]read_from_partition_kbc leave buf = 0xe047c0c0
<6>[   44.863692] trusty: [   48.402320] c0 enter implement read_rollback_index().
<6>[   44.863697] trusty: [   48.402326] c0 Info: vbmeta_header.rollback_index:0, >= stored_rollback_index:0.
<6>[   44.863701] trusty: [   48.402338] c0 in load_and_verify_vbmeta, l:619. num_descriptors:13.
<6>[   44.863705] trusty: [   48.402346] c0 in load_and_verify_vbmeta, l:629. desc.tag:0x4.
<6>[   44.863710] trusty: [   48.402355] c0 Info::>>> chain_partition_name:boot != requested_partitions[0]:pm_sys. skip .... 
<6>[   44.863715] trusty: [   48.402362] c0 in load_and_verify_vbmeta, l:629. desc.tag:0x4.
<6>[   44.863720] trusty: [   48.402370] c0 Info::>>> chain_partition_name:system != requested_partitions[0]:pm_sys. skip .... 
<6>[   44.863725] trusty: [   48.402377] c0 in load_and_verify_vbmeta, l:629. desc.tag:0x4.
<6>[   44.863730] trusty: [   48.402385] c0 Info::>>> chain_partition_name:vendor != requested_partitions[0]:pm_sys. skip .... 
<6>[   44.863734] trusty: [   48.402392] c0 in load_and_verify_vbmeta, l:629. desc.tag:0x4.
<6>[   44.863740] trusty: [   48.402399] c0 Info::>>> chain_partition_name:product != requested_partitions[0]:pm_sys. skip .... 
<6>[   44.863744] trusty: [   48.402406] c0 in load_and_verify_vbmeta, l:629. desc.tag:0x4.
<6>[   44.863750] trusty: [   48.402413] c0 Info::>>> chain_partition_name:dtbo != requested_partitions[0]:pm_sys. skip .... 
<6>[   44.863754] trusty: [   48.402420] c0 in load_and_verify_vbmeta, l:629. desc.tag:0x4.
<6>[   44.863759] trusty: [   48.402428] c0 Info::>>> chain_partition_name:recovery != requested_partitions[0]:pm_sys. skip .... 
<6>[   44.863764] trusty: [   48.402435] c0 in load_and_verify_vbmeta, l:629. desc.tag:0x4.
<6>[   44.863769] trusty: [   48.402442] c0 Info::>>> chain_partition_name:l_modem != requested_partitions[0]:pm_sys. skip .... 
<6>[   44.863773] trusty: [   48.402450] c0 in load_and_verify_vbmeta, l:629. desc.tag:0x4.
<6>[   44.863779] trusty: [   48.402457] c0 Info::>>> chain_partition_name:l_ldsp != requested_partitions[0]:pm_sys. skip .... 
<6>[   44.863783] trusty: [   48.402464] c0 in load_and_verify_vbmeta, l:629. desc.tag:0x4.
<6>[   44.863789] trusty: [   48.402472] c0 Info::>>> chain_partition_name:l_gdsp != requested_partitions[0]:pm_sys. skip .... 
<6>[   44.863793] trusty: [   48.402479] c0 in load_and_verify_vbmeta, l:629. desc.tag:0x4.
<6>[   44.863798] trusty: [   48.402492] c0 in load_and_verify_vbmeta, l:629. desc.tag:0x4.
<6>[   44.863802] trusty: [   48.402499] c0 in load_and_verify_vbmeta, l:629. desc.tag:0x4.
<6>[   44.863806] trusty: [   48.402506] c0 in load_and_verify_vbmeta, l:629. desc.tag:0x4.
<6>[   44.863810] trusty: [   48.402514] c0 allow_verification_error:0, ret:0
<6>[   44.863814] trusty: [   48.402521] c0 Loading vbmeta struct from partition 'pm_sys'.
<6>[   44.863819] trusty: [   48.402527] c0 [kbc]read partition name: pm_sys, offset = 0xffffffffffffffc0, num_bytes = 0x40
<6>[   44.863823] trusty: [   48.402535] c0 [kbc]read footer
<6>[   44.863826] trusty: [   48.402540] c0 dump footer
<6>[   44.863830] trusty: 0000 41 56 42 66 00 00 00 01 00 00 00 00 00 00 00 00
<6>[   44.863834] trusty: 0010 00 02 c1 50 00 00 00 00 00 02 d0 00 00 00 00 00
<6>[   44.863837] trusty: 0020 00 00 08 40 00 00 00 00 00 00 00 00 00 00 00 00
<6>[   44.863841] trusty: 0030 00 00 00 00 00 00 00 00 00 00 00 00 00 00 00 00
<6>[   44.863845] trusty: [   48.402638] c0 [kbc]read_from_partition_kbc leave buf = 0xe038e648
<6>[   44.863850] trusty: [   48.402646] c0 >>> begin to load vbmeta image of partition:pm_sys.
<6>[   44.863854] trusty: [   48.402652] c0 [kbc]read partition name: pm_sys, offset = 0x2d000, num_bytes = 0x840
<6>[   44.863859] trusty: [   48.402660] c0 [kbc]read certificate: img_addr = 0xe1312000
<6>[   44.863863] trusty: [   48.402667] c0 [kbc]read certificate: offset = 0x2d000
<6>[   44.863866] trusty: [   48.402759] c0 dump certificate
<6>[   44.863870] trusty: 0000 41 56 42 30 00 00 00 01 00 00 00 00 00 00 00 00
<6>[   44.863874] trusty: [   48.402796] c0 [kbc]read_from_partition_kbc leave buf = 0xe039e030
<14>[   44.867396] init: starting service 'zygote_secondary'...
<14>[   44.868639] init: Created socket '/dev/socket/zygote_secondary', mode 660, user 0, group 1000
<14>[   44.869485] init: Created socket '/dev/socket/usap_pool_secondary', mode 660, user 0, group 1000
<6>[   44.873145] trusty: [   48.412747] c0 partition: pm_sys vbmeta_verify_ret is :0. 
<6>[   44.875063] trusty: [   48.414499] c0 enter implement read_rollback_index().
<6>[   44.875073] trusty: [   48.414512] c0 Info: vbmeta_header.rollback_index:0, >= stored_rollback_index:0.
<6>[   44.875078] trusty: [   48.414527] c0 in load_and_verify_vbmeta, l:619. num_descriptors:1.
<6>[   44.875083] trusty: [   48.414536] c0 in load_and_verify_vbmeta, l:629. desc.tag:0x2.
<6>[   44.875088] trusty: [   48.414546] c0 in load_and_verify_hash_partition, l:130.hash_desc.image_size:0x2c150.
<6>[   44.875093] trusty: [   48.414554] c0 avb_ops_get_image_buffer: img_addr = 0xe1312000
<6>[   44.875096] trusty: [   48.414561] c0 check dat cp
<6>[   44.875102] trusty: [   48.414570] c0 in load_and_verify_hash_partition, l:142. Warning: Read partition to be verified... name:pm_sys, size:0x2c150 >>>>> 
<14>[   44.884419] init: starting service 'drm'...
<6>[   44.897875] trusty: [   48.434996] c0 in load_and_verify_vbmeta, l:641.sub_ret:0.
<6>[   44.897885] trusty: [   48.435013] c0 allow_verification_error:0, subret:0, ret:0
<6>[   44.897891] trusty: [   48.435022] c0 in avb_slot_verify, l:1102. load_and_verify_vbmeta ret is 0, algorithm_type: 2. 
<6>[   44.897895] trusty: [   48.435032] c0 in avb_slot_verify, l:1111, vbmeta, 2, 1
<6>[   44.897900] trusty: [   48.435042] c0 in avb_slot_verify, l:1123. 
<6>[   44.897904] trusty: [   48.435051] c0 in avb_slot_verify, l:1132. 
<6>[   44.897908] trusty: [   48.435072] c0 in avb_slot_verify, l:1156. 
<6>[   44.897913] trusty: [   48.435078] c0 read_is_device_unlocked() get vb_unlock_status 0x0, *out_is_unlocked is 0.
<6>[   44.897917] trusty: [   48.435089] c0 in avb_slot_verify, l:1174. 
<6>[   44.897921] trusty: [   48.435866] c0 in avb_slot_verify, l:1236. 
<6>[   44.897924] trusty: [   48.435873] c0 in avb_slot_verify, l:1239. 
<6>[   44.897928] trusty: [   48.435879] c0 in avb_slot_verify, l:1248. 
<6>[   44.897932] trusty: [   48.435885] c0 [kbc]avb_slot_verify result is 0.
<6>[   44.897936] trusty: [   48.435891] c0 [kbc]avb_slot_verify result is OK.
<6>[   44.897940] trusty: [   48.435897] c0 [kbc]slot_data[0] is 0xe038fbc8.
<6>[   44.897943] trusty: [   48.435902] c0 [kbc]slot_data[1] is 0x0.
<6>[   44.897946] trusty: [   48.435914] c0 [kbc]ret = 0
<6>[   44.897951] trusty: [   48.435934] c0 [kbc]call mem map:ns addr = 0x8d480000 map len = 0x100000 
<6>[   44.897955] trusty: [   48.435977] c0 [kbc]after map:pAddr = 0xffffffffe1312000
<6>[   44.897958] trusty: [   48.435984] c0 pAddr:
<6>[   44.897962] trusty: 0000 cd ab 00 00 00 00 00 00 00 00 00 00 00 00 00 00
<6>[   44.897966] trusty: [   48.436014] c0 [kbc]avb_userdata_set() packed offset = 0x7237a0
<6>[   44.897969] trusty: [   48.436020] c0 [kbc]start verify... 
<6>[   44.897974] trusty: [   48.436025] c0 [kbc]avb_check_kbc_image() name = l_cdsp
<6>[   44.897977] trusty: [   48.436030] c0 ### enter avb_slot_verify. ###
<6>[   44.897982] trusty: [   48.436039] c0 Loading vbmeta struct from partition 'vbmeta'.
<6>[   44.897986] trusty: [   48.436046] c0 >>> begin to load vbmeta image of partition:vbmeta.
<6>[   44.897991] trusty: [   48.436052] c0 [kbc]read partition name: vbmeta, offset = 0x0, num_bytes = 0x10000
<6>[   44.897996] trusty: [   48.436097] c0 [kbc]read_from_partition_kbc leave buf = 0xe047c0c0
<6>[   44.897999] trusty: [   48.436105] c0 enter implement read_rollback_index().
<6>[   44.898004] trusty: [   48.436111] c0 Info: vbmeta_header.rollback_index:0, >= stored_rollback_index:0.
<6>[   44.898009] trusty: [   48.436123] c0 in load_and_verify_vbmeta, l:619. num_descriptors:13.
<6>[   44.898013] trusty: [   48.436131] c0 in load_and_verify_vbmeta, l:629. desc.tag:0x4.
<6>[   44.898019] trusty: [   48.436139] c0 Info::>>> chain_partition_name:boot != requested_partitions[0]:l_cdsp. skip .... 
<6>[   44.898024] trusty: [   48.436147] c0 in load_and_verify_vbmeta, l:629. desc.tag:0x4.
<6>[   44.898029] trusty: [   48.436154] c0 Info::>>> chain_partition_name:system != requested_partitions[0]:l_cdsp. skip .... 
<6>[   44.898033] trusty: [   48.436161] c0 in load_and_verify_vbmeta, l:629. desc.tag:0x4.
<6>[   44.898038] trusty: [   48.436169] c0 Info::>>> chain_partition_name:vendor != requested_partitions[0]:l_cdsp. skip .... 
<6>[   44.898042] trusty: [   48.436176] c0 in load_and_verify_vbmeta, l:629. desc.tag:0x4.
<6>[   44.898048] trusty: [   48.436183] c0 Info::>>> chain_partition_name:product != requested_partitions[0]:l_cdsp. skip .... 
<6>[   44.898052] trusty: [   48.436190] c0 in load_and_verify_vbmeta, l:629. desc.tag:0x4.
<6>[   44.898058] trusty: [   48.436198] c0 Info::>>> chain_partition_name:dtbo != requested_partitions[0]:l_cdsp. skip .... 
<6>[   44.898062] trusty: [   48.436205] c0 in load_and_verify_vbmeta, l:629. desc.tag:0x4.
<6>[   44.898068] trusty: [   48.436212] c0 Info::>>> chain_partition_name:recovery != requested_partitions[0]:l_cdsp. skip .... 
<6>[   44.898072] trusty: [   48.436219] c0 in load_and_verify_vbmeta, l:629. desc.tag:0x4.
<6>[   44.898077] trusty: [   48.436227] c0 Info::>>> chain_partition_name:l_modem != requested_partitions[0]:l_cdsp. skip .... 
<6>[   44.898081] trusty: [   48.436234] c0 in load_and_verify_vbmeta, l:629. desc.tag:0x4.
<6>[   44.898086] trusty: [   48.436241] c0 Info::>>> chain_partition_name:l_ldsp != requested_partitions[0]:l_cdsp. skip .... 
<6>[   44.898090] trusty: [   48.436249] c0 in load_and_verify_vbmeta, l:629. desc.tag:0x4.
<6>[   44.898096] trusty: [   48.436256] c0 Info::>>> chain_partition_name:l_gdsp != requested_partitions[0]:l_cdsp. skip .... 
<6>[   44.898100] trusty: [   48.436264] c0 in load_and_verify_vbmeta, l:629. desc.tag:0x4.
<6>[   44.898105] trusty: [   48.436271] c0 Info::>>> chain_partition_name:pm_sys != requested_partitions[0]:l_cdsp. skip .... 
<6>[   44.898109] trusty: [   48.436278] c0 in load_and_verify_vbmeta, l:629. desc.tag:0x4.
<6>[   44.898114] trusty: [   48.436286] c0 Info::>>> chain_partition_name:dtb != requested_partitions[0]:l_cdsp. skip .... 
<6>[   44.898118] trusty: [   48.436293] c0 in load_and_verify_vbmeta, l:629. desc.tag:0x4.
<6>[   44.898123] trusty: [   48.436300] c0 Info::>>> chain_partition_name:l_agdsp != requested_partitions[0]:l_cdsp. skip .... 
<6>[   44.898127] trusty: [   48.436308] c0 in load_and_verify_vbmeta, l:629. desc.tag:0x4.
<6>[   44.898131] trusty: [   48.436321] c0 allow_verification_error:0, ret:0
<6>[   44.898135] trusty: [   48.436328] c0 Loading vbmeta struct from partition 'l_cdsp'.
<6>[   44.898140] trusty: [   48.436335] c0 [kbc]read partition name: l_cdsp, offset = 0xffffffffffffffc0, num_bytes = 0x40
<6>[   44.898144] trusty: [   48.436343] c0 [kbc]read footer
<6>[   44.898147] trusty: [   48.436347] c0 dump footer
<6>[   44.898151] trusty: 0000 41 56 42 66 00 00 00 01 00 00 00 00 00 00 00 00
<6>[   44.898155] trusty: 0010 00 01 ad 18 00 00 00 00 00 01 b0 00 00 00 00 00
<6>[   44.898159] trusty: 0020 00 00 08 40 00 00 00 00 00 00 00 00 00 00 00 00
<6>[   44.898162] trusty: 0030 00 00 00 00 00 00 00 00 00 00 00 00 00 00 00 00
<6>[   44.898167] trusty: [   48.436445] c0 [kbc]read_from_partition_kbc leave buf = 0xe038e648
<6>[   44.898171] trusty: [   48.436453] c0 >>> begin to load vbmeta image of partition:l_cdsp.
<6>[   44.898176] trusty: [   48.436459] c0 [kbc]read partition name: l_cdsp, offset = 0x1b000, num_bytes = 0x840
<6>[   44.898180] trusty: [   48.436467] c0 [kbc]read certificate: img_addr = 0xe1312000
<6>[   44.898184] trusty: [   48.436474] c0 [kbc]read certificate: offset = 0x1b000
<6>[   44.898188] trusty: [   48.436482] c0 dump certificate
<6>[   44.898191] trusty: 0000 41 56 42 30 00 00 00 01 00 00 00 00 00 00 00 00
<6>[   44.898196] trusty: [   48.436510] c0 [kbc]read_from_partition_kbc leave buf = 0xe039e030
<14>[   44.903043] init: starting service 'idmap2d'...
<6>[   44.903747] trusty: [   48.443165] c0 partition: l_cdsp vbmeta_verify_ret is :0. 
<6>[   44.903757] trusty: [   48.443194] c0 enter implement read_rollback_index().
<6>[   44.903763] trusty: [   48.443200] c0 Info: vbmeta_header.rollback_index:0, >= stored_rollback_index:0.
<6>[   44.903767] trusty: [   48.443215] c0 in load_and_verify_vbmeta, l:619. num_descriptors:1.
<6>[   44.903772] trusty: [   48.443223] c0 in load_and_verify_vbmeta, l:629. desc.tag:0x2.
<6>[   44.903776] trusty: [   48.443234] c0 in load_and_verify_hash_partition, l:130.hash_desc.image_size:0x1ad18.
<6>[   44.903781] trusty: [   48.443243] c0 avb_ops_get_image_buffer: img_addr = 0xe1312000
<6>[   44.903784] trusty: [   48.443250] c0 check dat cp
<6>[   44.903790] trusty: [   48.443255] c0 in load_and_verify_hash_partition, l:142. Warning: Read partition to be verified... name:l_cdsp, size:0x1ad18 >>>>> 
<6>[   44.905651] trusty: [   48.443979] c0 in load_and_verify_vbmeta, l:641.sub_ret:0.
<6>[   44.905661] trusty: [   48.443994] c0 allow_verification_error:0, subret:0, ret:0
<6>[   44.905667] trusty: [   48.444003] c0 in avb_slot_verify, l:1102. load_and_verify_vbmeta ret is 0, algorithm_type: 2. 
<6>[   44.905671] trusty: [   48.444013] c0 in avb_slot_verify, l:1111, vbmeta, 2, 1
<6>[   44.905675] trusty: [   48.444022] c0 in avb_slot_verify, l:1123. 
<6>[   44.905680] trusty: [   48.444031] c0 in avb_slot_verify, l:1132. 
<6>[   44.905684] trusty: [   48.444052] c0 in avb_slot_verify, l:1156. 
<6>[   44.905692] trusty: [   48.444059] c0 read_is_device_unlocked() get vb_unlock_status 0x0, *out_is_unlocked is 0.
<6>[   44.905695] trusty: [   48.444070] c0 in avb_slot_verify, l:1174. 
<6>[   44.905699] trusty: [   48.444846] c0 in avb_slot_verify, l:1236. 
<6>[   44.905703] trusty: [   48.444853] c0 in avb_slot_verify, l:1239. 
<6>[   44.905707] trusty: [   48.444859] c0 in avb_slot_verify, l:1248. 
<6>[   44.905711] trusty: [   48.444865] c0 [kbc]avb_slot_verify result is 0.
<6>[   44.905715] trusty: [   48.444871] c0 [kbc]avb_slot_verify result is OK.
<6>[   44.905718] trusty: [   48.444877] c0 [kbc]slot_data[0] is 0xe038fbc8.
<6>[   44.905722] trusty: [   48.444882] c0 [kbc]slot_data[1] is 0x0.
<6>[   44.905726] trusty: [   48.444895] c0 [kbc]ret = 0
<6>[   44.905730] trusty: [   48.444929] c0 [kbc]verify success. 
<6>[   44.905733] trusty: [   48.444934] c0 version:
<6>[   44.905737] trusty: 0000 00 00 00 00 00 00 00 00 00 00 00 00 00 00 00 00
<6>[   44.905741] trusty: 0010 00 00 00 00 00 00 00 00 00 00 00 00 00 00 00 00
<6>[   44.905745] trusty: 0020 00 00 00 00 00 00 00 00 00 00 00 00 00 00 00 00
<6>[   44.905749] trusty: 0030 00 00 00 00 00 00 00 00
<6>[   44.905752] trusty: [   48.445023] c0 kbc_v2_dump_version 
<6>[   44.905756] trusty: [   48.445029] c0   VBMETA ver = 0 
<6>[   44.905760] trusty: [   48.445035] c0     BOOT ver = 0 
<6>[   44.905763] trusty: [   48.445042] c0 RECOVERY ver = 0 
<6>[   44.905767] trusty: [   48.445048] c0   SYSTEM ver = 0 
<6>[   44.905771] trusty: [   48.445054] c0   VENDOR ver = 0 
<6>[   44.905774] trusty: [   48.445060] c0    MODEM ver = 0 
<6>[   44.905778] trusty: [   48.445067] c0     LDSP ver = 0 
<6>[   44.905781] trusty: [   48.445073] c0    LGDSP ver = 0 
<6>[   44.905785] trusty: [   48.445079] c0   PM_SYS ver = 0 
<6>[   44.905788] trusty: [   48.445085] c0    AGDSP ver = 0 
<6>[   44.905792] trusty: [   48.445091] c0      WCN ver = 0 
<6>[   44.905795] trusty: [   48.445098] c0      GPS ver = 0 
<6>[   44.905799] trusty: [   48.445106] c0      GPU ver = 0 
<6>[   44.905804] trusty: trusty_kernelbootcp: 117: TA:kbc_verify_all_avb2() ret = 0
<6>[   44.905808] trusty: [   48.445132] c0 enter SEC_KBC_GET_VERSION
<6>[   44.905811] trusty: [   48.445137] c0 reset update version flag
<6>[   44.905814] trusty: version
<6>[   44.905818] trusty: 0000 00 00 00 00 00 00 00 00 00 00 00 00 00 00 00 00
<6>[   44.905822] trusty: 0010 00 00 00 00 00 00 00 00 00 00 00 00 00 00 00 00
<6>[   44.905826] trusty: 0020 00 00 00 00 00 00 00 00 00 00 00 00 00 00 00 00
<6>[   44.905830] trusty: 0030 00 00 00 00 00 00 00 00
<6>[   44.905834] trusty: trusty_kernelbootcp: 125: TA:update version flag = 0
<6>[   44.905838] trusty: [   48.445184] c0 enter SEC_KBC_START_CP
<6>[   44.905843] trusty: [   48.445193] c0 dump_table() len = 1380000 maplen = 1380000 addr = 8a880000 
<6>[   44.905848] trusty: [   48.445201] c0 dump_table() len = 750000 maplen = 750000 addr = 89aa8000 
<6>[   44.905852] trusty: [   48.445208] c0 dump_table() len = 440000 maplen = 440000 addr = 89620000 
<6>[   44.905857] trusty: [   48.445215] c0 dump_table() len = 3b000 maplen = 3b000 addr = 800000 
<6>[   44.905860] trusty: [   48.445222] c0 dump_table() flag = 31 
<6>[   44.905864] trusty: [   48.445227] c0 dump_table() is_packed = 0 
<6>[   44.905868] trusty: [   48.445233] c0 kbc_start_cp() enter 
<6>[   44.905872] trusty: [   48.445238] c0 reg_addr = 0xffffffffe11e7058
<6>[   44.905875] trusty: [   48.445248] c0 before reg = 2010101
<6>[   44.905879] trusty: [   48.445256] c0 after  reg = 10101
<6>[   44.905882] trusty: [   48.445262] c0 sleep 50ms start 
<14>[   44.912245] init: starting service 'incidentd'...
<6>[   44.915699] KernelSU: mark no sucompat checks for pid: '809', exec: '/system/bin/idmap2d'
<6>[   44.916169] KernelSU: mark no sucompat checks for pid: '808', exec: '/system/bin/drmserver'
<14>[   44.923401] init: starting service 'installd'...
<14>[   44.931025] init: starting service 'iorapd'...
<14>[   44.937356] init: starting service 'keystore'...
<6>[   44.947505] spipe 5-21 not ready to open!
<14>[   44.951744] init: starting service 'mediaextractor'...
<6>[   44.954097] KernelSU: mark no sucompat checks for pid: '811', exec: '/system/bin/incidentd'
<6>[   44.954265] KernelSU: mark no sucompat checks for pid: '812', exec: '/system/bin/installd'
<6>[   44.954913] KernelSU: mark no sucompat checks for pid: '814', exec: '/system/bin/keystore'
<6>[   44.955785] trusty: [   48.495298] c0 sleep end 
<6>[   44.955793] trusty: [   48.495312] c0 reg_addr = 0xffffffffe11e70cc
<6>[   44.955797] trusty: [   48.495323] c0 before reg = 6802e
<6>[   44.955801] trusty: [   48.495333] c0 after  reg = 2802a
<6>[   44.955804] trusty: [   48.495338] c0 sleep 50ms start 
<14>[   44.962425] init: starting service 'mediametrics'...
<14>[   44.975524] init: starting service 'netd'...
<14>[   44.976886] init: Created socket '/dev/socket/dnsproxyd', mode 660, user 0, group 3003
<14>[   44.978110] init: Created socket '/dev/socket/mdns', mode 660, user 0, group 1000
<14>[   44.979197] init: Created socket '/dev/socket/fwmarkd', mode 660, user 0, group 3003
<6>[   45.005956] trusty: [   48.545373] c0 sleep end 
<6>[   45.005963] trusty: [   48.545386] c0 reg_addr = 0xffffffffe11f7174
<6>[   45.005967] trusty: [   48.545397] c0 before reg = 0400
<6>[   45.005971] trusty: [   48.545407] c0 after  reg = 0000
<6>[   45.005975] trusty: [   48.545413] c0 sleep 50ms start 
<6>[   45.042276] KernelSU: mark no sucompat checks for pid: '813', exec: '/system/bin/iorapd'
<6>[   45.047868] KernelSU: mark no sucompat checks for pid: '815', exec: '/system/bin/mediaextractor'
<14>[   45.048779] init: starting service 'phhoplus-alert-slider'...
<6>[   45.050090] spipe 5-21 not ready to open!
<6>[   45.055948] trusty: [   48.595449] c0 sleep end 
<6>[   45.055957] trusty: [   48.595462] c0 reg_addr = 0xffffffffe11e70b0
<6>[   45.055961] trusty: [   48.595472] c0 before reg = 0007
<6>[   45.055965] trusty: [   48.595483] c0 after  reg = 0005
<6>[   45.055968] trusty: [   48.595488] c0 sleep 50ms start 
<6>[   45.102133] KernelSU: mark no sucompat checks for pid: '816', exec: '/system/bin/mediametrics'
<6>[   45.106427] trusty: [   48.645530] c0 sleep end 
<6>[   45.106434] trusty: [   48.645543] c0 kbc_start_cp() leave 
<6>[   45.106438] trusty: trusty_kernelbootcp: 131: TA:SEC_KBC_START_CP() ret = 0
<6>[   45.106443] trusty: trusty_kernelbootcp: 134: TA:SEC_PREPARE_FIREWALL_DATA() ret = 0
<6>[   45.106447] trusty: trusty_kernelbootcp: 95: kbc_send_response rc = 4 
<6>[   45.127121] KernelSU: mark no sucompat checks for pid: '817', exec: '/system/bin/netd'
<14>[   45.136286] init: starting service 'storaged'...
<14>[   45.139119] init: Opened file '/d/mmc0/mmc0:0001/ext_csd', flags 0
<14>[   45.147134] init: starting service 'vendor.media.omx'...
<6>[   45.149752] KernelSU: mark no sucompat checks for pid: '822', exec: '/system/bin/oplus-alert-slider'
<6>[   45.150283] spipe 5-21 not ready to open!
<6>[   45.154950] KernelSU: mark no sucompat checks for pid: '823', exec: '/system/bin/storaged'
<6>[   45.156262] KernelSU: mark no sucompat checks for pid: '824', exec: '/vendor/bin/hw/android.hardware.media.omx@1.0-service'
<14>[   45.159515] init: starting service 'vendor.sensors-hal-1-0'...
<14>[   45.171984] init: starting service 'vendor.mlogservice'...
<6>[   45.172119] KernelSU: mark no sucompat checks for pid: '825', exec: '/vendor/bin/hw/android.hardware.sensors@1.0-service'
<14>[   45.183797] init: starting service 'vendor.otpd'...
<14>[   45.195717] init: starting service 'phasecheckserver'...
<14>[   45.205415] init: starting service 'vendor.refnotify'...
<6>[   45.208833] KernelSU: mark no sucompat checks for pid: '827', exec: '/vendor/bin/mlogservice'
<6>[   45.210610] KernelSU: mark no sucompat checks for pid: '828', exec: '/vendor/bin/otpd'
<14>[   45.214057] init: starting service 'vendor.slogmodem'...
<6>[   45.216382] KernelSU: mark no sucompat checks for pid: '829', exec: '/vendor/bin/phasecheckserver'
<6>[   45.249581] KernelSU: mark no sucompat checks for pid: '830', exec: '/vendor/bin/refnotify'
<6>[   45.250774] spipe 5-21 not ready to open!
<14>[   45.256776] init: starting service 'vendor.srtd'...
<14>[   45.275886] init: starting service 'vendor.thermald'...
<14>[   45.279375] init: starting service 'vendor.gnss_service_sprd'...
<6>[   45.279682] KernelSU: mark no sucompat checks for pid: '833', exec: '/vendor/bin/slogmodem_vendor'
<6>[   45.283274] KernelSU: mark no sucompat checks for pid: '834', exec: '/vendor/bin/srtd'
<6>[   45.290052] KernelSU: mark no sucompat checks for pid: '838', exec: '/vendor/bin/thermald'
<6>[   45.290584] spipe 5-6 not ready to open!
<6>[   45.306049] KernelSU: mark no sucompat checks for pid: '840', exec: '/vendor/bin/hw/vendor.sprd.hardware.gnss@2.0-service'
<14>[   45.330809] init: starting service 'media.swcodec'...
<6>[   45.335515] KernelSU: mark no sucompat checks for pid: '843', exec: '/apex/com.android.media.swcodec/bin/mediaswcodec'
<14>[   45.341715] init: Command 'class_start main' action=nonencrypted (/system/etc/init/hw/init.rc:942) took 489ms and succeeded
<14>[   45.342416] init: starting service 'systemDebuggerd'...
<6>[   45.345232] spipe 5-4 not ready to open!
<6>[   45.350969] spipe 5-21 not ready to open!
<14>[   45.356344] init: starting service 'fps_hal.oplus.compat'...
<14>[   45.359391] init: starting service 'fps_hal.oppo.compat'...
<6>[   45.362517] KernelSU: mark no sucompat checks for pid: '848', exec: '/vendor/bin/systemDebuggerd'
<6>[   45.381375] KernelSU: mark no sucompat checks for pid: '852', exec: '/system/bin/hw/android.hardware.biometrics.fingerprint@2.1-service.oppo.compat'
<6>[   45.381743] KernelSU: mark no sucompat checks for pid: '851', exec: '/system/bin/hw/android.hardware.biometrics.fingerprint@2.1-service.oplus.compat'
<14>[   45.406000] init: starting service 'gatekeeperd'...
<6>[   45.410595] read descriptors
<6>[   45.410604] read strings
<6>[   45.421402] KernelSU: mark no sucompat checks for pid: '853', exec: '/system/bin/gatekeeperd'
<0>[   45.427077] sprd_sysdump_write: start!!!
<14>[   45.438983] init: starting service 'usbd'...
<6>[   45.451161] spipe 5-21 not ready to open!
<14>[   45.451635] init: starting service 'vendor.fps_hal'...
<6>[   45.463446] KernelSU: mark no sucompat checks for pid: '858', exec: '/system/bin/usbd'
<0>[   45.477461] sprd_sysdump_write: disable user version sysdump!!!
<14>[   45.488705] init: starting service 'vendor.nsproxy'...
<6>[   45.495889] KernelSU: mark no sucompat checks for pid: '860', exec: '/vendor/bin/hw/android.hardware.biometrics.fingerprint@2.1-service'
<14>[   45.502719] init: starting service 'vendor.wcnd'...
<14>[   45.513336] init: Command 'class_start late_start' action=nonencrypted (/system/etc/init/hw/init.rc:943) took 171ms and succeeded
<14>[   45.513539] init: processing action (nonencrypted) from (/system/etc/init/hw/init.rc:1097)
<14>[   45.513807] init: starting service 'exec 24 (/data/adb/ksud services)'...
<6>[   45.523057] KernelSU: mark no sucompat checks for pid: '861', exec: '/vendor/bin/sprdstorageproxyd'
<0>[   45.523074] set_sysdump_enable: get rst mode  value is = f0
<14>[   45.525327] init: SVC_EXEC service 'exec 24 (/data/adb/ksud services)' pid 869 (uid 0 gid 0+0 context u:r:ksu:s0) started; waiting...
<0>[   45.530841] set_sysdump_disable: disable sysdump!
<0>[   45.539264] sprd_sysdump_write: end!!!
<6>[   45.545263] KernelSU: mark no sucompat checks for pid: '867', exec: '/vendor/bin/connmgr'
<6>[   45.551354] spipe 5-21 not ready to open!
<14>[   45.556785] init: Service 'systemDebuggerd' (pid 848) exited with status 0 oneshot service took 0.213000 seconds in background
<14>[   45.559382] init: Service 'usbd' (pid 858) exited with status 0 oneshot service took 0.117000 seconds in background
<6>[   45.566669] KernelSU: hook_manager: escape to root for init executing ksud: 869
<6>[   45.569846] trusty: ss: block_device_tipc_ns_init: ns device's block size 4040 block count 1048576
<6>[   45.579482] trusty: fs_init_from_super:363: clear requested, create empty
<6>[   45.579488] trusty: ss: block_device_tipc_ns_init: create port com.android.trusty.storage.client.td success
<6>[   45.584027] KernelSU: ksu fd installed: 5 for pid 869
<6>[   45.584033] KernelSU: [869] install ksu fd: 5
<6>[   45.584042] KernelSU: volumedown_pressed_count: 0
<14>[   45.594099] init: Service 'phhoplus-alert-slider' (pid 822) exited with status 0
<14>[   45.594153] init: Sending signal 9 to service 'phhoplus-alert-slider' (pid 822) process group...
<14>[   45.594536] libprocessgroup: Successfully killed process cgroup uid 0 pid 822 in 0ms
<3>[   45.623905] smsg_irq_handler:channel 26 invalid!
<6>[   45.623917] invalid smsg: channel=26, type=1, flag=0xbeee, value=0x00000000
<6>[   45.640109] imsbr: recv 8 event, ctrl[5-3]'s peer is alive!
<6>[   45.640116] imsbr: recv 8 event, data[5-2]'s peer is alive!
<6>[   45.640151] imsbr: data[5-2] is ok, kthread run!
<6>[   45.642014] imsbr: ctrl[5-3] is ok, kthread run!
<6>[   45.642038] imsbr: notify ltevideo-apsk=1 success!
<6>[   45.642061] imsbr: notify ltevideo-apsk=1 success!
<6>[   45.679045] WCN BASE: mdbg_proc->write_buf:startwcn\x0d
<6>[   45.679055] WCN BASEstart_marlin [MARLIN_MDBG]
<6>[   45.679065] WCN BASEmarlin power state:0, subsys: [MARLIN_MDBG] power 1
<6>[   45.679069] WCN BASEno module to power on, start to power on
<6>[   45.679074] WCN BASEavdd12-parent-bound-chip unbound
<6>[   45.682377] WCN BASEavdd18_dcxo set 1v8
<6>[   45.682386] WCN BASEavdd18_dcxo power enable
<6>[   45.683450] WCN BASEmarlin marlin_clk_enable successfully!
<6>[   45.683459] WCN BASEmarlin_digital_power_enable D1v2 1
<6>[   45.685477] WCN BASEmarlin chip en pull up
<6>[   45.763006] WCN BASEmarlin_analog_power_enable avdd12 set 1.2v
<6>[   45.763017] WCN BASEmarlin_analog_power_enable avdd12 power enable
<6>[   45.763163] WCN BASEavdd12-bound-wbreq bound
<6>[   45.765376] WCN BASEwifipa 3v3 1
<6>[   45.770036] WCN BASEavdd33-bound-wbreq bound
<6>[   45.772314] WCN SDIO: sdiohal_scan_card
<7>[   45.772329] bus: 'sdio': add driver sdiohal
<3>[   45.773122] sprd_sdhc_set_vqmmc(sdio_wifi) There is no signalling voltage
<6>[   45.773135] mmc1: clock 0Hz busmode 2 powermode 1 cs 0 Vdd 18 width 1 timing 0
<3>[   45.773343] sprd_signal_voltage_on_off(sdio_wifi) there is no signal voltage!
<6>[   45.790013] mmc1: clock 400000Hz busmode 2 powermode 2 cs 0 Vdd 18 width 1 timing 0
<3>[   45.791228] sprd_signal_voltage_on_off(sdio_wifi) there is no signal voltage!
<6>[   45.810362] sprd_sdhc sdio_wifi CMD52 int 0x18001
<6>[   45.810741] sprd_sdhc sdio_wifi CMD52 int 0x18001
<6>[   45.810785] mmc1: clock 400000Hz busmode 2 powermode 2 cs 1 Vdd 18 width 1 timing 0
<6>[   45.812994] mmc1: clock 400000Hz busmode 2 powermode 2 cs 0 Vdd 18 width 1 timing 0
<6>[   45.816064] mmc1: clock 0Hz busmode 2 powermode 2 cs 0 Vdd 18 width 1 timing 0
<3>[   45.816081] sprd_sdhc_set_vqmmc(sdio_wifi) There is no signalling voltage
<6>[   45.834058] mmc1: clock 400000Hz busmode 2 powermode 2 cs 0 Vdd 18 width 1 timing 0
<6>[   45.836381] sprd_sdhc_irq(sdio_wifi): CMD3, dll delay reg: 0x0
<6>[   45.836389] sprd_sdhc sdio_wifi CMD3 int 0xe8001
<6>[   45.850015] mmc1: clock 400000Hz busmode 2 powermode 2 cs 0 Vdd 18 width 4 timing 0
<6>[   45.850715] mmc1: clock 400000Hz busmode 2 powermode 2 cs 0 Vdd 18 width 4 timing 6
<6>[   45.850728] mmc1: clock 208000000Hz busmode 2 powermode 2 cs 0 Vdd 18 width 4 timing 6
<6>[   45.850735] (sdio_wifi) sdr104 default timing delay value 0x93938f7f
<6>[   45.853745] sprd_sdhc_enable_dpll(sdio_wifi): dpll locked done
<6>[   45.853756] sprd_sdhc_execute_tuning(sdio_wifi): dll config 0xe0250d23, dll count 40, tuning length: 60
<6>[   45.858810] sprd_sdhc_execute_tuning(sdio_wifi): good tuning phase range 38 ~ 20
<6>[   45.858821] sprd_sdhc_execute_tuning(sdio_wifi): good tuning phase range 36 ~ 36
<6>[   45.858827] sprd_sdhc_execute_tuning(sdio_wifi): the best tuning step range 38-20(the length is 23)
<6>[   45.858834] sprd_sdhc_execute_tuning(sdio_wifi): the best step 9, phase 0x39, delay value 0x9339397f
<6>[   45.861233] mmc1: new ultra high speed SDR104 SDIO card at address 8800
<7>[   45.861404] device: 'mmc1:8800': device_add
<7>[   45.861445] bus: 'mmc': add device mmc1:8800
<7>[   45.861498] PM: Adding info for mmc:mmc1:8800
<7>[   45.861722] bus: 'mmc': driver_probe_device: matched device mmc1:8800 with driver mmcblk
<7>[   45.861736] bus: 'mmc': really_probe: probing driver mmcblk with device mmc1:8800
<7>[   45.861771] mmcblk mmc1:8800: no default pinctrl state
<7>[   45.861814] mmcblk: probe of mmc1:8800 rejects match -19
<7>[   45.861837] device: 'mmc1:8800:1': device_add
<7>[   45.861960] bus: 'sdio': add device mmc1:8800:1
<7>[   45.862007] PM: Adding info for sdio:mmc1:8800:1
<7>[   45.862095] bus: 'sdio': driver_probe_device: matched device mmc1:8800:1 with driver sdiohal
<7>[   45.862105] bus: 'sdio': really_probe: probing driver sdiohal with device mmc1:8800:1
<7>[   45.862120] sdiohal mmc1:8800:1: no default pinctrl state
<6>[   45.862309] WCN SDIO: sdiohal_probe func num is 1!!!
<6>[   45.862825] WCN SDIO: enable sdio func1 ok
<6>[   45.863363] WCN SDIO: reg_value: 0x0
<6>[   45.864084] WCN SDIO: reg_value: 0x0
<6>[   45.864153] WCN BASEmarlin_scan_finish!
<6>[   45.864161] WCN SDIO: sdiohal_probe scan card successful! nodify callback:ffffff80085141fc
<6>[   45.864167] WCN SDIO: scan end
<7>[   45.864172] driver: 'sdiohal': driver_bound: bound to device 'mmc1:8800:1'
<6>[   45.864179] WCN MEM_PD: mem_pd_chip_poweroff_deinit
<6>[   45.864186] WCN BASExtal 26m clk type:TCXO mode:BUFFER
<6>[   45.864189] WCN BASEonly marlin start to download
<7>[   45.864286] bus: 'sdio': really_probe: bound device mmc1:8800:1 to driver sdiohal
<7>[   45.864316] PM: Moving platform:charger-manager to end of list
<7>[   45.864327] platform charger-manager: Retrying from deferred list
<7>[   45.864723] bus: 'platform': driver_probe_device: matched device charger-manager with driver charger-manager
<7>[   45.864733] bus: 'platform': really_probe: probing driver charger-manager with device charger-manager
<7>[   45.864760] charger-manager charger-manager: no pinctrl handle
<6>[   45.865223] charger-manager charger-manager: Ignoring full-battery soc(state of charge) threshold as it is not supplied
<3>[   45.865237] charger-manager charger-manager: Cannot find power supply "eta6947_charger"
<7>[   45.865265] platform charger-manager: Driver charger-manager requests probe deferral
<7>[   45.865272] platform charger-manager: Added to deferred list
<7>[   45.865353] PM: Moving platform:sprd_backlight to end of list
<7>[   45.865361] platform sprd_backlight: Retrying from deferred list
<7>[   45.865441] bus: 'platform': driver_probe_device: matched device sprd_backlight with driver pwm-backlight
<7>[   45.865451] bus: 'platform': really_probe: probing driver pwm-backlight with device sprd_backlight
<7>[   45.865464] pwm-backlight sprd_backlight: no pinctrl handle
<4>[   45.865574] pwm-backlight sprd_backlight: sprd_backlight supply power not found, using dummy regulator
<7>[   45.867278] platform sprd_backlight: Driver pwm-backlight requests probe deferral
<7>[   45.867288] platform sprd_backlight: Added to deferred list
<6>[   45.873898] WCN BASEmarlin_download_from_partition entry
<6>[   45.890001] WCN BASEbtwf_load_firmware_data finish read_Len:947200
<6>[   45.890008] WCN BASEmarlin_download_from_partition image magic 0x1a0aa0.
<6>[   45.987265] KernelSU: ksu fd released
<14>[   45.987748] init: Service 'exec 24 (/data/adb/ksud services)' (pid 869) exited with status 0 waiting took 0.463000 seconds
<14>[   45.988932] init: Untracked pid 870 exited with status 0
<14>[   45.989701] init: Untracked pid 877 exited with status 1
<14>[   45.991090] init: Untracked pid 878 exited with status 0
<14>[   45.991827] init: Untracked pid 882 exited with status 0
<14>[   45.994132] init: processing action (llk.enable=1) from (/system/etc/init/llkd.rc:9)
<14>[   45.995091] init: Untracked pid 927 exited with status 0
<14>[   45.996258] init: processing action (khungtask.enable=1) from (/system/etc/init/llkd.rc:18)
<14>[   45.997358] init: processing action (llk.enable=0) from (/system/etc/init/llkd.rc:12)
<14>[   45.998553] init: processing action (khungtask.enable=0) from (/system/etc/init/llkd.rc:21)
<14>[   46.006962] init: processing action (init.svc.media=*) from (/system/etc/init/mediaserver.rc:1)
<14>[   46.009435] init: Untracked pid 901 exited with status 0
<14>[   46.020427] init: processing action (llk.enable=true) from (/system/etc/init/llkd.rc:34)
<14>[   46.021482] init: starting service 'llkd-1'...
<14>[   46.021573] init: Opened file '/dev/kmsg', flags 1
<14>[   46.021760] init: Opened file '/proc/sysrq-trigger', flags 1
<14>[   46.027267] init: processing action (khungtask.enable=true) from (/system/etc/init/llkd.rc:25)
<14>[   46.030660] init: processing action (khungtask.enable=false) from (/system/etc/init/llkd.rc:31)
<14>[   46.031658] init: processing action (init.svc.mediadrm=running) from (/vendor/etc/init/android.hardware.drm@1.1-service.widevine.rc:1)
<6>[   46.035650] KernelSU: mark no sucompat checks for pid: '937', exec: '/system/bin/llkd'
<6>[   46.346442] WCN BASEmarlin_download_from_partition finish and successful
<6>[   46.346449] WCN BASEmarlin_start_run
<6>[   46.346453] WCN BASEtsx cali init flag 303174162
<6>[   46.348235] WCN SLP_MGR: sdio_pub_int_btwf_en0 ok!
<6>[   46.348551] WCN BASEmarlin_start_run read reset reg val:0x1
<6>[   46.361433] WCN BASE: s_marlin_bootup_time=46361427322
<6>[   46.381308] WCN BASEmarlin_start_run after reset reg val:0x0
<6>[   46.381313] WCN BASEcheck_cp_clock_mode
<6>[   46.381316] WCN BASExtal_26m clock use BUFFER mode
<6>[   46.393960] WCN BASEavdd18_dcxo power disable
<6>[   46.403966] WCN BASEtsx_dac_data:65535
<6>[   46.403972] WCN BASEcali_data_offset:0x18
<6>[   46.414758] WCN BASEmarlin_write_cali_data finish
<6>[   46.414764] WCN MEM_PD: mem_pd_save_bin entry
<6>[   46.486550] read descriptors
<6>[   46.486569] read strings
<6>[   46.518150] WCN SLP_MGR: irq_cnt4!!
<6>[   46.518788] WCN SLP_MGR: PUB_INT_STS0-0x1
<6>[   46.518920] WCN MEM_PD: save_bin_cp_ready ,cp while(1) state
<6>[   46.518940] WCN MEM_PD: cp not first power on mem_pd_save_bin do nothing
<6>[   46.518944] WCN MEM_PD: mem_pd_power_switch
<6>[   46.519763] WCN MEM_PD: wifi irammem power down
<6>[   46.520314] WCN MEM_PD: wifi drammem power down
<6>[   46.520573] WCN MEM_PD: mem_pd_power_switch
<6>[   46.521593] WCN MEM_PD: bt iram power down
<6>[   46.521895] WCN MEM_PD: wifi/bt mem power down
<6>[   46.521963] WCN SLP_MGR: irq_cnt5!!
<6>[   46.522023] WCN MEM_PD: sdio_ap_int_cp_save_cp_mem, cp while(1) break
<6>[   46.522323] WCN SDIO: sdiohal_runtime_get enable irq ok
<6>[   46.522352] WCN BASEBTWF download finished and run ok
<6>[   46.522359] WCN BASEgnss_powerdomain_close
<6>[   46.522403] WCN SLP_MGR: PUB_INT_STS0-0x1
<6>[   46.522455] WCN MEM_PD: save_bin_cp_ready ,wifi/bt power down, wait event
<6>[   46.525703] WCN SLP_MGR: irq_cnt6!!
<6>[   46.526369] WCN BASEgnss_powerdomain_close R_CGM_GNSS_FAKE_CFG:0x0
<6>[   46.526706] WCN SLP_MGR: PUB_INT_STS0-0x4
<6>[   46.526888] WCN SLP_MGR: allow sleep
<6>[   46.527691] WCN BASE: at cmd read:WCN_VER:Platform Version:MARLIN3_20A_W25.15.2~Project Version:sc2355_marlin3_lite~04-08-2025 14:01:49~
<6>[   46.527713] WCN BASE: wcn_set_armlog_status:at+armlog=1\x0d
<6>[   46.527857] WCN BASEgnss_powerdomain_close PD_GNSS_SS_AON_CFG4:0x4041000
<6>[   46.527863] WCN BASEgnss_powerdomain_close PD_GNSS_SS_AON_CFG4:0x4041008
<6>[   46.528274] WCN BASEavdd33-bound-wbreq unbound
<6>[   46.528765] WCN BASE: at cmd read:OK
<6>[   46.529750] WCN BASE: at cmd read:+LOGLEVEL: 3
<6>[   46.530250] WCN BASE: mdbg_ring_write totallen:2048 write:1024 wp:ffffffc0f8c40800 rp:ffffffc0f8c40000 [rate:85]
<6>[   46.530432] WCN SLP_MGR: irq_cnt7!!
<6>[   46.530445] WCN BASEwifipa 3v3 0
<6>[   46.530557] WCN SLP_MGR: PUB_INT_STS0-0x4
<6>[   46.530592] WCN SLP_MGR: allow sleep
<6>[   46.535605] WCN BASEonly one module open, need to notify loopcheck
<6>[   46.535615] WCN BASE: start_loopcheck
<6>[   46.535622] WCN BASEwcn chip power on and run finish: [MARLIN_MDBG]
<6>[   46.535628] WCN MEM_PD: mem_pd_mgr mem on/off
<6>[   46.535632] WCN MEM_PD: subsys:6, do nothing, return ok
<6>[   46.678032] WCN BASE: CP power on first time
<6>[   46.678652] WCN BASE: mdbg_proc->write_buf:at+loopcheck\x0d
<6>[   46.678673] WCN BASE: at+loopcheck=46678,46361\x0d, count = 25
<6>[   46.681084] WCN BASE: mdbg_proc->write_buf:at+spatgetcp2info\x0d
<6>[   46.683697] WCN BASE: at cmd read:WCN_VER:Platform Version:MARLIN3_20A_W25.15.2~Project Version:sc2355_marlin3_lite~04-08-2025 14:01:49~
<6>[   46.684927] WCN BASE: rx:loopcheck_ack:ap_send=46678,cp2_bootup=46361,cp2_send=46644\x0a
<6>[   46.685403] WCN SLP_MGR: irq_cnt8!!
<6>[   46.685481] WCN SLP_MGR: PUB_INT_STS0-0x4
<6>[   46.685532] WCN SLP_MGR: allow sleep
<6>[   46.781994] WCN BASE: mdbg_proc->write_buf:at+cp2_enter_user=1\x0d
<6>[   46.786682] WCN BASE: at cmd read:OK, user_mode=1
<6>[   46.786895] WCN SLP_MGR: irq_cnt9!!
<6>[   46.786963] WCN SLP_MGR: PUB_INT_STS0-0x4
<6>[   46.787010] WCN SLP_MGR: allow sleep
<6>[   46.895848] WCN BASE: mdbg_proc->write_buf:AT+ARMLOG=0\x0d
<6>[   46.900507] WCN BASE: at cmd read:OK
<6>[   46.900579] WCN SLP_MGR: irq_cnt10!!
<6>[   46.901290] WCN SLP_MGR: PUB_INT_STS0-0x4
<6>[   46.901364] WCN SLP_MGR: allow sleep
<6>[   47.004536] WCN BASE: mdbg_proc->write_buf:at+loglevel=3\x0d
<6>[   47.009001] WCN BASE: at cmd read:OK
<6>[   47.009056] WCN SLP_MGR: irq_cnt11!!
<6>[   47.009851] WCN SLP_MGR: PUB_INT_STS0-0x4
<6>[   47.010424] WCN SLP_MGR: allow sleep
<6>[   47.105478] WCN BASE: mdbg_proc->write_buf:at+spatgetcp2info\x0d
<6>[   47.109395] WCN SLP_MGR: irq_cnt12!!
<6>[   47.109534] WCN SLP_MGR: PUB_INT_STS0-0x4
<6>[   47.109582] WCN SLP_MGR: allow sleep
<6>[   47.112781] WCN BASE: at cmd read:WCN_VER:Platform Version:MARLIN3_20A_W25.15.2~Project Version:sc2355_marlin3_lite~04-08-2025 14:01:49~
<6>[   47.112829] WCN SLP_MGR: irq_cnt13!!
<6>[   47.112902] WCN SLP_MGR: PUB_INT_STS0-0x4
<6>[   47.112930] WCN SLP_MGR: allow sleep
<6>[   47.206810] WCN BASE: mdbg_proc->write_buf:stopwcn\x0d
<6>[   47.206821] WCN BASEstop_marlin [MARLIN_MDBG]
<6>[   47.206828] WCN MEM_PD: mem_pd_mgr mem on/off
<6>[   47.206833] WCN MEM_PD: subsys:6, do nothing, return ok
<6>[   47.206840] WCN BASEmarlin power state:40, subsys: [MARLIN_MDBG] power 0
<6>[   47.206846] WCN BASEmarlin close, need to notify loopcheck
<6>[   47.206849] WCN BASE: stop_loopcheck
<6>[   47.206881] WCN BASEwcn chip start power off!
<6>[   47.206886] WCN SDIO: sdiohal_runtime_put disable device
<6>[   47.206896] WCN BASEavdd12-bound-wbreq unbound
<6>[   47.207273] WCN BASE: mdbg_proc->write_buf:at+loopcheck\x0d
<6>[   47.207288] WCN BASE: at+loopcheck=47207,46361\x0d, count = 25
<4>[   47.207295] WCN BASE warning: WCN module have not open
<6>[   47.209012] WCN BASEavdd33-bound-wbreq unbound
<6>[   47.211103] WCN BASEavdd12-parent-bound-chip bound
<6>[   47.213300] WCN BASEwifipa 3v3 0
<6>[   47.223299] WCN BASEmarlin_analog_power_enable avdd12 power disable
<6>[   47.223341] WCN BASEmarlin chip en pull down
<6>[   47.223348] WCN BASEmarlin_digital_power_enable D1v2 0
<6>[   47.223355] WCN MEM_PD: mem_pd_chip_poweroff_deinit
<7>[   47.224020] bus: 'sdio': remove device mmc1:8800:1
<6>[   47.224074] WCN SDIO: remove card end
<6>[   47.224078] WCN SDIO: sdiohal_remove remove card successful
<7>[   47.224093] bus: 'sdio': remove driver sdiohal
<7>[   47.224317] driver: 'sdiohal': driver_release
<6>[   47.224326] WCN BASEmarlin power off!
<7>[   47.224825] PM: Removing info for sdio:mmc1:8800:1
<6>[   47.225305] mmc1: card 8800 removed
<7>[   47.225377] bus: 'mmc': remove device mmc1:8800
<7>[   47.225382] PM: Removing info for mmc:mmc1:8800
<6>[   47.225753] mmc1: clock 0Hz busmode 2 powermode 0 cs 0 Vdd 0 width 1 timing 0
<3>[   47.225762] sprd_signal_voltage_on_off(sdio_wifi) there is no signal voltage!
<3>[   47.226785] sprd_sdhc_set_vqmmc(sdio_wifi) There is no signalling voltage
<6>[   47.226796] mmc1: clock 0Hz busmode 2 powermode 1 cs 0 Vdd 18 width 1 timing 0
<3>[   47.227030] sprd_signal_voltage_on_off(sdio_wifi) there is no signal voltage!
<6>[   47.246049] mmc1: clock 400000Hz busmode 2 powermode 2 cs 0 Vdd 18 width 1 timing 0
<3>[   47.247267] sprd_signal_voltage_on_off(sdio_wifi) there is no signal voltage!
<6>[   47.266346] sprd_sdhc sdio_wifi CMD52 int 0x18001
<6>[   47.266741] sprd_sdhc sdio_wifi CMD52 int 0x18001
<6>[   47.266791] mmc1: clock 400000Hz busmode 2 powermode 2 cs 1 Vdd 18 width 1 timing 0
<6>[   47.269007] mmc1: clock 400000Hz busmode 2 powermode 2 cs 0 Vdd 18 width 1 timing 0
<6>[   47.270349] sprd_sdhc sdio_wifi CMD5 int 0x18001
<6>[   47.271257] sprd_sdhc sdio_wifi CMD5 int 0x18001
<6>[   47.272712] sprd_sdhc sdio_wifi CMD5 int 0x18001
<6>[   47.273089] sprd_sdhc sdio_wifi CMD5 int 0x18001
<6>[   47.273146] mmc1: clock 0Hz busmode 2 powermode 0 cs 0 Vdd 0 width 1 timing 0
<3>[   47.273154] sprd_signal_voltage_on_off(sdio_wifi) there is no signal voltage!
<31>[   47.274094] logd: logdr: UID=0 GID=0 PID=921 b tail=0 logMask=11 pid=0 start=0ns timeout=0ns
<6>[   47.307435] WCN BASE: mdbg loopcheck poweroff
<6>[   47.307561] WCN BASE: mdbg loopcheck poweroff
<6>[   47.530577] read descriptors
<6>[   47.530599] read strings
<14>[   47.606325] init: starting service 'vendor.ril-daemon'...
<6>[   47.611630] KernelSU: mark no sucompat checks for pid: '1011', exec: '/vendor/bin/hw/sprdrild'
<14>[   47.612417] init: Control message: Processed ctl.start for 'vendor.ril-daemon' from pid: 733 (/vendor/bin/modemd)
<14>[   47.614535] init: starting service 'vendor.cp_diskserver'...
<6>[   47.619149] KernelSU: mark no sucompat checks for pid: '1012', exec: '/vendor/bin/cp_diskserver'
<14>[   47.620945] init: Control message: Processed ctl.start for 'vendor.cp_diskserver' from pid: 733 (/vendor/bin/modemd)
<14>[   47.913741] init: starting service 'vendor.audio-hal-2-0'...
<6>[   47.919952] KernelSU: mark no sucompat checks for pid: '1024', exec: '/vendor/bin/hw/android.hardware.audio@2.0-service'
<36>[   48.006165] type=1400 audit(1786020977.591:28): avc: denied { read } for comm="main" name="u:object_r:exported_camera_prop:s0" dev="tmpfs" ino=10724 scontext=u:r:zygote:s0 tcontext=u:object_r:exported_camera_prop:s0 tclass=file permissive=0
<14>[   48.340121] init: starting service 'audioserver'...
<14>[   48.345395] init: processing action (init.svc.audioserver=running) from (/system/etc/init/audioserver.rc:35)
<14>[   48.345546] init: Command 'start vendor.audio-hal' action=init.svc.audioserver=running (/system/etc/init/audioserver.rc:36) took 0ms and failed: service vendor.audio-hal not found
<14>[   48.345685] init: Command 'start vendor.audio-hal-4-0-msd' action=init.svc.audioserver=running (/system/etc/init/audioserver.rc:37) took 0ms and failed: service vendor.audio-hal-4-0-msd not found
<14>[   48.345826] init: Command 'start audio-hal-2-0' action=init.svc.audioserver=running (/system/etc/init/audioserver.rc:40) took 0ms and failed: service audio-hal-2-0 not found
<6>[   48.351650] KernelSU: mark no sucompat checks for pid: '1030', exec: '/system/bin/audioserver'
<14>[   48.396207] init: starting service 'surfaceflinger'...
<14>[   48.397161] init: Could not create socket 'pdx/system/vr/display/client': Failed to bind socket 'pdx/system/vr/display/client': No such file or directory
<14>[   48.398345] init: Could not create socket 'pdx/system/vr/display/manager': Failed to bind socket 'pdx/system/vr/display/manager': No such file or directory
<14>[   48.399262] init: Could not create socket 'pdx/system/vr/display/vsync': Failed to bind socket 'pdx/system/vr/display/vsync': No such file or directory
<6>[   48.408746] KernelSU: mark no sucompat checks for pid: '1033', exec: '/system/bin/surfaceflinger'
<6>[   48.574181] read descriptors
<6>[   48.574199] read strings
<6>[   48.685456] [ASoC:SC2730] sprd_codec_info_get, chip_id = 657502208, ver_id=0, AUDIO_CODEC_2730=6
<6>[   48.685505] [ASoC:SC2730] sprd_codec_info_get, chip_id = 657502208, ver_id=0, AUDIO_CODEC_2730=6
<6>[   48.685547] [ASoC:SC2730] sprd_codec_info_get, chip_id = 657502208, ver_id=0, AUDIO_CODEC_2730=6
<6>[   48.685588] [ASoC:SC2730] sprd_codec_info_get, chip_id = 657502208, ver_id=0, AUDIO_CODEC_2730=6
<6>[   48.685628] [ASoC:SC2730] sprd_codec_info_get, chip_id = 657502208, ver_id=0, AUDIO_CODEC_2730=6
<6>[   48.685668] [ASoC:SC2730] sprd_codec_info_get, chip_id = 657502208, ver_id=0, AUDIO_CODEC_2730=6
<6>[   48.686465] [Audio:DSPDUMP] audio_dsp_open, minor = 0, dsp_log->minor =0
<6>[   48.686494] [Audio:DSPDUMP] audio_dsp_open, minor = 0, dsp_log->minor =0
<6>[   48.686516] [Audio:DSPDUMP] audio_dsp_open, minor = 0, dsp_log->minor =0
<6>[   48.686585] [Audio:DSPDUMP] audio_dsp_ioctl enter into
<6>[   48.686624] [Audio:DSPDUMP] audio_dsp_ioctl enter into
<6>[   48.739475] ion_carveout_heap_allocate: heap id: 3, paddr: 0x9ec39000, size: 851968
<6>[   48.740390] ion_carveout_heap_allocate: heap id: 3, paddr: 0x9ed09000, size: 851968
<6>[   48.741247] ion_carveout_heap_allocate: heap id: 3, paddr: 0x9edd9000, size: 851968
<6>[   49.074519] binder: 1030:1030 transaction failed 29201/-1, size 192-24 line 3329
<36>[   49.075037] type=1400 audit(1786020978.663:29): avc: denied { write } for comm="audioserver" path="pipe:[25852]" dev="pipefs" ino=25852 scontext=u:r:hal_audio_default:s0 tcontext=u:r:audioserver:s0 tclass=fifo_file permissive=0
<6>[   49.340770] binder: 1030:1030 transaction failed 29201/-1, size 192-24 line 3329
<36>[   49.340969] type=1400 audit(1786020978.927:30): avc: denied { write } for comm="audioserver" path="pipe:[24829]" dev="pipefs" ino=24829 scontext=u:r:hal_audio_default:s0 tcontext=u:r:audioserver:s0 tclass=fifo_file permissive=0
<6>[   49.360308] binder: 1030:1030 transaction failed 29201/-1, size 192-24 line 3329
<36>[   49.360423] type=1400 audit(1786020978.947:31): avc: denied { write } for comm="audioserver" path="pipe:[23445]" dev="pipefs" ino=23445 scontext=u:r:hal_audio_default:s0 tcontext=u:r:audioserver:s0 tclass=fifo_file permissive=0
<6>[   49.390081] binder: 1030:1030 transaction failed 29201/-1, size 192-24 line 3329
<36>[   49.392076] type=1400 audit(1786020978.979:32): avc: denied { write } for comm="audioserver" path="pipe:[24831]" dev="pipefs" ino=24831 scontext=u:r:hal_audio_default:s0 tcontext=u:r:audioserver:s0 tclass=fifo_file permissive=0
<6>[   49.405074] binder: 1030:1030 transaction failed 29201/-1, size 192-24 line 3329
<36>[   49.405613] type=1400 audit(1786020978.991:33): avc: denied { write } for comm="audioserver" path="pipe:[25861]" dev="pipefs" ino=25861 scontext=u:r:hal_audio_default:s0 tcontext=u:r:audioserver:s0 tclass=fifo_file permissive=0
<6>[   49.418970] [drm] sprd_dsi_connector_best_encoder()
<6>[   49.418981] [drm] sprd_dsi_connector_best_encoder()
<6>[   49.418990] [drm] sprd_dsi_encoder_atomic_check()
<14>[   49.420596] init: Control message: Processed ctl.start for 'bootanim' from pid: 1033 (/system/bin/surfaceflinger)
<6>[   49.439763] binder: 1030:1030 transaction failed 29201/-1, size 192-24 line 3329
<36>[   49.439966] type=1400 audit(1786020979.027:34): avc: denied { write } for comm="audioserver" path="pipe:[24836]" dev="pipefs" ino=24836 scontext=u:r:hal_audio_default:s0 tcontext=u:r:audioserver:s0 tclass=fifo_file permissive=0
<36>[   49.490909] type=1400 audit(1786020979.079:35): avc: denied { read } for comm="bootanimation" name="u:object_r:userspace_reboot_exported_prop:s0" dev="tmpfs" ino=10791 scontext=u:r:bootanim:s0 tcontext=u:object_r:userspace_reboot_exported_prop:s0 tclass=file permissive=0
<6>[   49.627201] read descriptors
<6>[   49.627237] read strings
<6>[   49.696088] [Audio:PIPE] aud_pipe_open channel opened 2
<6>[   50.006869] [ASoC: VBC ] vbc_profile_load_put: 2553:vbc_profile_load_put dsp_vbc, load
<6>[   50.006879] [ASoC: VBC ] vbc_profile_loading: 2400:vbc_profile_loading dsp_vbc
<6>[   50.006886] [ASoC: VBC ] audio_load_firmware_data: 2328:audio_load_firmware_data entry, path /vendor/firmware/dsp_vbc
<6>[   50.006950] [ASoC: VBC ] audio_load_firmware_data: 2336:audio audio_load_firmware_data open image file /vendor/firmware/dsp_vbc  successfully
<6>[   50.007090] [ASoC: VBC ] audio_load_firmware_data: 2352:audio_image_buffer=ffffff800b785000
<6>[   50.007237] [ASoC: VBC ] audio_load_firmware_data: 2374:After read, audio_image_buffer=ffffff800b785000, size=119532, pos:119532, read_len:119532, finish.
<6>[   50.007244] [ASoC: VBC ] vbc_profile_loading: 2420:&p_profile_setting->hdr[profile_id(1)]
<6>[   50.007251] [ASoC: VBC ] vbc_profile_loading: 2424: =0xffffffc0f8b69868,phys=0x178b69868
<6>[   50.007359] [ASoC: VBC ] vbc_profile_loading: 2451:p_profile_setting->data[profile_id (1)]
<6>[   50.007366] [ASoC: VBC ] vbc_profile_loading: 2456: =0xffffffc0bb980000,phys=0x13b980000
<6>[   50.007392] [ASoC: VBC ] audio_release_firmware_data: 2384:audio_release_firmware_data
<6>[   50.007399] [ASoC: VBC ] vbc_profile_loading: 2464:vbc_profile_loading, return 0
<14>[   50.135771] init: starting service 'phhoplus-alert-slider'...
<6>[   50.149027] KernelSU: mark no sucompat checks for pid: '1116', exec: '/system/bin/oplus-alert-slider'
<6>[   50.188419] [ASoC: VBC ] vbc_profile_load_put: 2553:vbc_profile_load_put dsp_smartamp, load
<6>[   50.188433] [ASoC: VBC ] vbc_profile_loading: 2400:vbc_profile_loading dsp_smartamp
<6>[   50.188440] [ASoC: VBC ] audio_load_firmware_data: 2328:audio_load_firmware_data entry, path /vendor/firmware/dsp_smartamp
<6>[   50.188544] [ASoC: VBC ] audio_load_firmware_data: 2336:audio audio_load_firmware_data open image file /vendor/firmware/dsp_smartamp  successfully
<6>[   50.188655] [ASoC: VBC ] audio_load_firmware_data: 2352:audio_image_buffer=ffffff8009ecd000
<6>[   50.188729] [ASoC: VBC ] audio_load_firmware_data: 2374:After read, audio_image_buffer=ffffff8009ecd000, size=33468, pos:33468, read_len:33468, finish.
<6>[   50.188735] [ASoC: VBC ] vbc_profile_loading: 2420:&p_profile_setting->hdr[profile_id(3)]
<6>[   50.188743] [ASoC: VBC ] vbc_profile_loading: 2424: =0xffffffc0f8b69898,phys=0x178b69898
<6>[   50.188791] [ASoC: VBC ] vbc_profile_loading: 2451:p_profile_setting->data[profile_id (3)]
<6>[   50.188798] [ASoC: VBC ] vbc_profile_loading: 2456: =0xffffffc0ba100000,phys=0x13a100000
<6>[   50.188819] [ASoC: VBC ] audio_release_firmware_data: 2384:audio_release_firmware_data
<6>[   50.188825] [ASoC: VBC ] vbc_profile_loading: 2464:vbc_profile_loading, return 0
<14>[   50.351892] init: Service 'phhoplus-alert-slider' (pid 1116) exited with status 0
<14>[   50.351945] init: Sending signal 9 to service 'phhoplus-alert-slider' (pid 1116) process group...
<14>[   50.352356] libprocessgroup: Successfully killed process cgroup uid 0 pid 1116 in 0ms
<3>[   50.390026] [drm][  dpu_wait_stop_done] dpu wait for stop done time out!
<6>[   50.670566] read descriptors
<6>[   50.670585] read strings
<6>[   50.770162] [ASoC: VBC ] vbc_profile_load_put: 2553:vbc_profile_load_put audio_structure, load
<6>[   50.770167] [ASoC: VBC ] vbc_profile_loading: 2400:vbc_profile_loading audio_structure
<6>[   50.770171] [ASoC: VBC ] audio_load_firmware_data: 2328:audio_load_firmware_data entry, path /vendor/firmware/audio_structure
<6>[   50.770218] [ASoC: VBC ] audio_load_firmware_data: 2336:audio audio_load_firmware_data open image file /vendor/firmware/audio_structure  successfully
<6>[   50.770285] [ASoC: VBC ] audio_load_firmware_data: 2352:audio_image_buffer=ffffff800a71d000
<6>[   50.770337] [ASoC: VBC ] audio_load_firmware_data: 2374:After read, audio_image_buffer=ffffff800a71d000, size=51854, pos:51854, read_len:51854, finish.
<6>[   50.770340] [ASoC: VBC ] vbc_profile_loading: 2420:&p_profile_setting->hdr[profile_id(0)]
<6>[   50.770343] [ASoC: VBC ] vbc_profile_loading: 2424: =0xffffffc0f8b69850,phys=0x178b69850
<6>[   50.770391] [ASoC: VBC ] vbc_profile_loading: 2451:p_profile_setting->data[profile_id (0)]
<6>[   50.770394] [ASoC: VBC ] vbc_profile_loading: 2456: =0xffffffc0ba1b0000,phys=0x13a1b0000
<6>[   50.770404] [ASoC: VBC ] audio_release_firmware_data: 2384:audio_release_firmware_data
<6>[   50.770407] [ASoC: VBC ] vbc_profile_loading: 2464:vbc_profile_loading, return 0
<12>[   50.937566] healthd: battery none chg=
<6>[   50.975463] [ASoC: VBC ] vbc_profile_load_put: 2553:vbc_profile_load_put cvs, load
<6>[   50.975469] [ASoC: VBC ] vbc_profile_loading: 2400:vbc_profile_loading cvs
<6>[   50.975474] [ASoC: VBC ] audio_load_firmware_data: 2328:audio_load_firmware_data entry, path /vendor/firmware/cvs
<6>[   50.975549] [ASoC: VBC ] audio_load_firmware_data: 2336:audio audio_load_firmware_data open image file /vendor/firmware/cvs  successfully
<6>[   50.975623] [ASoC: VBC ] audio_load_firmware_data: 2352:audio_image_buffer=ffffff800b7c5000
<6>[   50.975671] [ASoC: VBC ] audio_load_firmware_data: 2374:After read, audio_image_buffer=ffffff800b7c5000, size=53016, pos:53016, read_len:53016, finish.
<6>[   50.975674] [ASoC: VBC ] vbc_profile_loading: 2420:&p_profile_setting->hdr[profile_id(2)]
<6>[   50.975677] [ASoC: VBC ] vbc_profile_loading: 2424: =0xffffffc0f8b69880,phys=0x178b69880
<6>[   50.975715] [ASoC: VBC ] vbc_profile_loading: 2451:p_profile_setting->data[profile_id (2)]
<6>[   50.975718] [ASoC: VBC ] vbc_profile_loading: 2456: =0xffffffc0ba120000,phys=0x13a120000
<6>[   50.975729] [ASoC: VBC ] audio_release_firmware_data: 2384:audio_release_firmware_data
<6>[   50.975732] [ASoC: VBC ] vbc_profile_loading: 2464:vbc_profile_loading, return 0
<6>[   50.975951] [ASoC:SC2730] Config inter PA 0x13f
<6>[   51.010824] KernelSU: handle_setresuid from 0 to 1000
<6>[   51.040905] binder: undelivered transaction 3172, process died.
<14>[   51.041623] init: Untracked pid 1120 exited with status 0
<6>[   51.706483] read descriptors
<6>[   51.706500] read strings
<7>[   52.533996] hci0
<7>[   52.534006] hci0
<6>[   52.750544] read descriptors
<6>[   52.750567] read strings
<6>[   53.798350] read descriptors
<6>[   53.798368] read strings
<6>[   54.842342] read descriptors
<6>[   54.842359] read strings
<14>[   55.140026] init: starting service 'phhoplus-alert-slider'...
<6>[   55.159972] KernelSU: mark no sucompat checks for pid: '1162', exec: '/system/bin/oplus-alert-slider'
<14>[   55.340118] init: Service 'phhoplus-alert-slider' (pid 1162) exited with status 0
<14>[   55.340162] init: Sending signal 9 to service 'phhoplus-alert-slider' (pid 1162) process group...
<14>[   55.340475] libprocessgroup: Successfully killed process cgroup uid 0 pid 1162 in 0ms
<6>[   55.894714] read descriptors
<6>[   55.894732] read strings
<6>[   56.934568] read descriptors
<6>[   56.934593] read strings
<6>[   57.970490] read descriptors
<6>[   57.970512] read strings
<6>[   59.010352] read descriptors
<6>[   59.010370] read strings
<6>[   60.054411] read descriptors
<6>[   60.054430] read strings
<14>[   60.144257] init: starting service 'phhoplus-alert-slider'...
<6>[   60.149673] KernelSU: mark no sucompat checks for pid: '1185', exec: '/system/bin/oplus-alert-slider'
<14>[   60.419613] init: Service 'phhoplus-alert-slider' (pid 1185) exited with status 0
<14>[   60.419660] init: Sending signal 9 to service 'phhoplus-alert-slider' (pid 1185) process group...
<14>[   60.420014] libprocessgroup: Successfully killed process cgroup uid 0 pid 1185 in 0ms
<6>[   61.094473] read descriptors
<6>[   61.094490] read strings
<6>[   62.130450] read descriptors
<6>[   62.130467] read strings
<6>[   63.170527] read descriptors
<6>[   63.170548] read strings
<6>[   64.206392] read descriptors
<6>[   64.206408] read strings
<14>[   65.148917] init: starting service 'phhoplus-alert-slider'...
<6>[   65.154246] KernelSU: mark no sucompat checks for pid: '1205', exec: '/system/bin/oplus-alert-slider'
<6>[   65.250438] read descriptors
<6>[   65.250460] read strings
<14>[   65.376686] init: Service 'phhoplus-alert-slider' (pid 1205) exited with status 0
<14>[   65.376731] init: Sending signal 9 to service 'phhoplus-alert-slider' (pid 1205) process group...
<14>[   65.377052] libprocessgroup: Successfully killed process cgroup uid 0 pid 1205 in 0ms
<6>[   66.045784] sprd_cpufreqhw: Disables boost it is 60 seconds after boot up
<6>[   66.290416] read descriptors
<6>[   66.290436] read strings
<6>[   67.322316] read descriptors
<6>[   67.322331] read strings
<6>[   68.358277] read descriptors
<6>[   68.358291] read strings
<6>[   69.402549] read descriptors
<6>[   69.402573] read strings
<14>[   70.153036] init: starting service 'phhoplus-alert-slider'...
<6>[   70.157496] KernelSU: mark no sucompat checks for pid: '1232', exec: '/system/bin/oplus-alert-slider'
<14>[   70.386126] init: Service 'phhoplus-alert-slider' (pid 1232) exited with status 0
<14>[   70.386182] init: Sending signal 9 to service 'phhoplus-alert-slider' (pid 1232) process group...
<14>[   70.386610] libprocessgroup: Successfully killed process cgroup uid 0 pid 1232 in 0ms
<6>[   70.438494] read descriptors
<6>[   70.438519] read strings
