--------- beginning of main
08-06 12:55:58.511   223   223 I lowmemorykiller: Using in-kernel low memory killer interface
08-06 12:55:58.512   223   223 E lowmemorykiller: kernel lmk event file could not be opened; errno=2
08-06 12:55:58.512   223   223 I lowmemorykiller: Process polling is not supported
--------- beginning of events
08-06 12:55:47.831   222   222 I auditd  : type=1403 audit(0.0:2): policy loaded auid=4294967295 ses=4294967295
08-06 12:55:47.831   222   222 I auditd  : type=1403 audit(0.0:2): policy loaded auid=4294967295 ses=4294967295
08-06 12:55:47.839   222   222 I auditd  : type=1404 audit(0.0:3): enforcing=1 old_enforcing=0 auid=4294967295 ses=4294967295
08-06 12:55:47.839   222   222 W auditd  : type=1404 audit(0.0:3): enforcing=1 old_enforcing=0 auid=4294967295 ses=4294967295
08-06 12:55:52.351   219   219 I auditd  : type=1400 audit(0.0:4): avc: granted { open } for comm="init" path="/dev/kmsg_debug" dev="tmpfs" ino=10581 scontext=u:r:init:s0 tcontext=u:object_r:kmsg_debug_device:s0 tclass=chr_file
08-06 12:55:52.351   219   219 W init    : type=1400 audit(0.0:4): avc: granted { open } for path="/dev/kmsg_debug" dev="tmpfs" ino=10581 scontext=u:r:init:s0 tcontext=u:object_r:kmsg_debug_device:s0 tclass=chr_file
08-06 12:55:52.511   220   220 I auditd  : type=1400 audit(0.0:5): avc: granted { open } for comm="init" path="/dev/kmsg_debug" dev="tmpfs" ino=10581 scontext=u:r:init:s0 tcontext=u:object_r:kmsg_debug_device:s0 tclass=chr_file
08-06 12:55:52.511   220   220 W init    : type=1400 audit(0.0:5): avc: granted { open } for path="/dev/kmsg_debug" dev="tmpfs" ino=10581 scontext=u:r:init:s0 tcontext=u:object_r:kmsg_debug_device:s0 tclass=chr_file
08-06 12:55:54.719     1     1 I auditd  : type=1400 audit(0.0:6): avc: granted { read } for comm="init" name="mice" dev="tmpfs" ino=11010 scontext=u:r:init:s0 tcontext=u:object_r:input_device:s0 tclass=chr_file
08-06 12:55:54.719     1     1 W init    : type=1400 audit(0.0:6): avc: granted { read } for name="mice" dev="tmpfs" ino=11010 scontext=u:r:init:s0 tcontext=u:object_r:input_device:s0 tclass=chr_file
08-06 12:55:54.719     1     1 I auditd  : type=1400 audit(0.0:7): avc: granted { read open } for comm="init" path="/dev/input/mice" dev="tmpfs" ino=11010 scontext=u:r:init:s0 tcontext=u:object_r:input_device:s0 tclass=chr_file
08-06 12:55:54.719     1     1 W init    : type=1400 audit(0.0:7): avc: granted { read open } for path="/dev/input/mice" dev="tmpfs" ino=11010 scontext=u:r:init:s0 tcontext=u:object_r:input_device:s0 tclass=chr_file
08-06 12:55:54.759     1     1 I auditd  : type=1400 audit(0.0:8): avc: granted { read } for comm="init" name="event5" dev="tmpfs" ino=12861 scontext=u:r:init:s0 tcontext=u:object_r:input_device:s0 tclass=chr_file
08-06 12:55:54.759     1     1 W init    : type=1400 audit(0.0:8): avc: granted { read } for name="event5" dev="tmpfs" ino=12861 scontext=u:r:init:s0 tcontext=u:object_r:input_device:s0 tclass=chr_file
08-06 12:55:54.759     1     1 I auditd  : type=1400 audit(0.0:9): avc: granted { read open } for comm="init" path="/dev/input/event5" dev="tmpfs" ino=12861 scontext=u:r:init:s0 tcontext=u:object_r:input_device:s0 tclass=chr_file
08-06 12:55:54.759     1     1 W init    : type=1400 audit(0.0:9): avc: granted { read open } for path="/dev/input/event5" dev="tmpfs" ino=12861 scontext=u:r:init:s0 tcontext=u:object_r:input_device:s0 tclass=chr_file
08-06 12:55:54.767     1     1 I auditd  : type=1400 audit(0.0:10): avc: granted { read } for comm="init" name="event3" dev="tmpfs" ino=12858 scontext=u:r:init:s0 tcontext=u:object_r:input_device:s0 tclass=chr_file
08-06 12:55:54.767     1     1 W init    : type=1400 audit(0.0:10): avc: granted { read } for name="event3" dev="tmpfs" ino=12858 scontext=u:r:init:s0 tcontext=u:object_r:input_device:s0 tclass=chr_file
08-06 12:55:54.767     1     1 I auditd  : type=1400 audit(0.0:11): avc: granted { read open } for comm="init" path="/dev/input/event3" dev="tmpfs" ino=12858 scontext=u:r:init:s0 tcontext=u:object_r:input_device:s0 tclass=chr_file
08-06 12:55:54.767     1     1 W init    : type=1400 audit(0.0:11): avc: granted { read open } for path="/dev/input/event3" dev="tmpfs" ino=12858 scontext=u:r:init:s0 tcontext=u:object_r:input_device:s0 tclass=chr_file
08-06 12:55:54.767     1     1 I auditd  : type=1400 audit(0.0:12): avc: granted { read } for comm="init" name="event4" dev="tmpfs" ino=10973 scontext=u:r:init:s0 tcontext=u:object_r:input_device:s0 tclass=chr_file
08-06 12:55:54.767     1     1 W init    : type=1400 audit(0.0:12): avc: granted { read } for name="event4" dev="tmpfs" ino=10973 scontext=u:r:init:s0 tcontext=u:object_r:input_device:s0 tclass=chr_file
08-06 12:55:54.767     1     1 I auditd  : type=1400 audit(0.0:13): avc: granted { read open } for comm="init" path="/dev/input/event4" dev="tmpfs" ino=10973 scontext=u:r:init:s0 tcontext=u:object_r:input_device:s0 tclass=chr_file
08-06 12:55:54.767     1     1 W init    : type=1400 audit(0.0:13): avc: granted { read open } for path="/dev/input/event4" dev="tmpfs" ino=10973 scontext=u:r:init:s0 tcontext=u:object_r:input_device:s0 tclass=chr_file
08-06 12:55:54.883     1     1 I auditd  : type=1400 audit(0.0:14): avc: granted { read } for comm="init" name="event0" dev="tmpfs" ino=10964 scontext=u:r:init:s0 tcontext=u:object_r:input_device:s0 tclass=chr_file
08-06 12:55:54.883     1     1 W init    : type=1400 audit(0.0:14): avc: granted { read } for name="event0" dev="tmpfs" ino=10964 scontext=u:r:init:s0 tcontext=u:object_r:input_device:s0 tclass=chr_file
08-06 12:55:54.883     1     1 I auditd  : type=1400 audit(0.0:15): avc: granted { read open } for comm="init" path="/dev/input/event0" dev="tmpfs" ino=10964 scontext=u:r:init:s0 tcontext=u:object_r:input_device:s0 tclass=chr_file
08-06 12:55:54.883     1     1 W init    : type=1400 audit(0.0:15): avc: granted { read open } for path="/dev/input/event0" dev="tmpfs" ino=10964 scontext=u:r:init:s0 tcontext=u:object_r:input_device:s0 tclass=chr_file
08-06 12:55:58.588   230   230 I SELinux : SELinux: Loaded service_contexts from:
08-06 12:55:58.589   230   230 I SELinux :     /vendor/etc/selinux/vndservice_contexts
08-06 12:55:58.737   224   224 I snet_event_log: [121035042,-1,]
08-06 12:55:58.740   224   224 W SELinux : Multiple same specifications for pocket.
08-06 12:55:58.740   224   224 I auditd  : Multiple same specifications for pocket.
08-06 12:55:58.741   224   224 I SELinux : SELinux: Loaded service_contexts from:
08-06 12:55:58.741   224   224 I auditd  : SELinux: Loaded service_contexts from:
08-06 12:55:58.741   224   224 I SELinux :     /system/etc/selinux/plat_service_contexts
08-06 12:55:58.741   224   224 I auditd  :     /system/etc/selinux/plat_service_contexts
08-06 12:55:58.741   224   224 I SELinux :     /system_ext/etc/selinux/system_ext_service_contexts
08-06 12:55:58.741   224   224 I auditd  :     /system_ext/etc/selinux/system_ext_service_contexts
08-06 12:55:58.742   226   226 I hwservicemanager: hwservicemanager is ready now.
--------- beginning of system
08-06 12:55:59.965   236   236 I vold    : Vold 3.0 (the awakening) firing up
08-06 12:55:59.967   236   236 D vold    : Detected support for: exfat ext4 f2fs ntfs vfat
08-06 12:55:59.975   236   236 W vold    : Failed to LOOP_GET_STATUS64 /dev/block/loop5: No such device or address
08-06 12:55:59.975   236   236 W vold    : Failed to LOOP_GET_STATUS64 /dev/block/loop7: No such device or address
08-06 12:55:59.975   236   236 W vold    : Failed to LOOP_GET_STATUS64 /dev/block/loop4: No such device or address
08-06 12:55:59.976   236   236 W vold    : Failed to LOOP_GET_STATUS64 /dev/block/loop0: No such device or address
08-06 12:55:59.976   236   236 W vold    : Failed to LOOP_GET_STATUS64 /dev/block/loop3: No such device or address
08-06 12:55:59.976   236   236 W vold    : Failed to LOOP_GET_STATUS64 /dev/block/loop2: No such device or address
08-06 12:55:59.976   236   236 W vold    : Failed to LOOP_GET_STATUS64 /dev/block/loop6: No such device or address
08-06 12:55:59.976   236   236 W vold    : Failed to LOOP_GET_STATUS64 /dev/block/loop1: No such device or address
08-06 12:55:59.978   236   236 I vold    : Skip mounting partition: /product
08-06 12:55:59.984   236   236 D vold    : VoldNativeService::start() completed OK
08-06 12:56:04.952   303   303 E remount : only functions on userdebug or eng builds
08-06 12:56:05.135   311   311 I auditd  : type=1400 audit(0.0:20): avc: denied { ioctl } for comm="resize2fs" path="/dev/tmp-phh" dev="tmpfs" ino=11758 ioctlcmd=0x127c scontext=u:r:phhsu_daemon:s0 tcontext=u:object_r:device:s0 tclass=blk_file permissive=1
08-06 12:56:05.135   311   311 I resize2fs: type=1400 audit(0.0:20): avc: denied { ioctl } for path="/dev/tmp-phh" dev="tmpfs" ino=11758 ioctlcmd=0x127c scontext=u:r:phhsu_daemon:s0 tcontext=u:object_r:device:s0 tclass=blk_file permissive=1
08-06 12:56:08.395   495   495 I auditd  : type=1400 audit(0.0:21): avc: denied { syslog_console } for comm="dmesg" scontext=u:r:phhsu_daemon:s0 tcontext=u:r:kernel:s0 tclass=system permissive=1
08-06 12:56:08.395   495   495 I dmesg   : type=1400 audit(0.0:21): avc: denied { syslog_console } for scontext=u:r:phhsu_daemon:s0 tcontext=u:r:kernel:s0 tclass=system permissive=1
08-06 12:56:08.421   496   496 W libc    : Unable to set property "ro.product.first_api_level" to "28": error code: 0xb
08-06 12:56:09.865   226   226 I hwservicemanager: getFrameworkHalManifest: Reading VINTF information.
08-06 12:56:09.870   226   226 I hwservicemanager: getFrameworkHalManifest: Successfully processed VINTF information
08-06 12:56:09.870   226   226 I hwservicemanager: getDeviceHalManifest: Reading VINTF information.
08-06 12:56:09.872   226   226 I hwservicemanager: getDeviceHalManifest: Successfully processed VINTF information
08-06 12:56:09.875   236   236 I Checkpoint: cp_prepareCheckpoint called
08-06 12:56:09.904   557   557 I android.hardware.keymaster@3.0-impl: Fetching keymaster device name default
08-06 12:56:09.908   557   557 I TrustyKeymaster: Creating device
08-06 12:56:09.909   557   557 D TrustyKeymaster: Device address: 0x72a0a82530
08-06 12:56:09.912   557   557 I ServiceManagement: Removing namespace from process name android.hardware.keymaster@3.0-service to keymaster@3.0-service.
08-06 12:56:09.913   557   557 I android.hardware.keymaster@3.0-service: Registration complete for android.hardware.keymaster@3.0::IKeymasterDevice/default.
08-06 12:56:10.119   562   562 I derive_sdk: Read version 0 from /apex/com.android.sdkext/etc/sdkinfo.binarypb
08-06 12:56:10.120   562   562 I derive_sdk: R extension version is 0
08-06 12:56:10.148   236   236 D vold    : fscrypt_init_user0
08-06 12:56:10.148   236   236 D vold    : fscrypt_prepare_user_storage for volume null, user 0, serial 0, flags 1
08-06 12:56:10.148   236   236 D vold    : Preparing: /data/system/users/0
08-06 12:56:10.148   236   236 D vold    : Preparing: /data/misc/profiles/cur/0
08-06 12:56:10.149   236   236 D vold    : Preparing: /data/system_de/0
08-06 12:56:10.149   236   236 D vold    : Preparing: /data/misc_de/0
08-06 12:56:10.150   236   236 D vold    : Preparing: /data/vendor_de/0
08-06 12:56:10.150   236   236 D vold    : Preparing: /data/user_de/0
08-06 12:56:10.150   236   236 D vold    : /system/bin/vold_prepare_subdirs
08-06 12:56:10.150   236   236 D vold    :     prepare
08-06 12:56:10.150   236   236 D vold    :     
08-06 12:56:10.150   236   236 D vold    :     0
08-06 12:56:10.150   236   236 D vold    :     1
08-06 12:56:10.182   564   564 D vold_prepare_subdirs: Setting up mode 700 uid 0 gid 0 context u:object_r:vold_data_file:s0 on path: /data/misc_de/0/vold
08-06 12:56:10.184   564   564 D vold_prepare_subdirs: Setting up mode 700 uid 0 gid 0 context u:object_r:storaged_data_file:s0 on path: /data/misc_de/0/storaged
08-06 12:56:10.184   564   564 D vold_prepare_subdirs: Setting up mode 700 uid 0 gid 0 context u:object_r:rollback_data_file:s0 on path: /data/misc_de/0/rollback
08-06 12:56:10.185   564   564 D vold_prepare_subdirs: Setting up mode 700 uid 0 gid 0 context u:object_r:apex_rollback_data_file:s0 on path: /data/misc_de/0/apexrollback
08-06 12:56:10.186   564   564 D vold_prepare_subdirs: Setting up mode 711 uid 0 gid 0 context u:object_r:apex_module_data_file:s0 on path: /data/misc_de/0/apexdata
08-06 12:56:10.186   564   564 D vold_prepare_subdirs: Setting up mode 771 uid 0 gid 1000 context u:object_r:apex_wifi_data_file:s0 on path: /data/misc_de/0/apexdata/com.android.wifi
08-06 12:56:10.187   564   564 D vold_prepare_subdirs: Setting up mode 771 uid 0 gid 1000 context u:object_r:apex_module_data_file:s0 on path: /data/misc_de/0/apexdata/com.android.vndk.v29
08-06 12:56:10.188   564   564 D vold_prepare_subdirs: Setting up mode 771 uid 0 gid 1000 context u:object_r:apex_module_data_file:s0 on path: /data/misc_de/0/apexdata/com.android.vndk.v28
08-06 12:56:10.188   564   564 D vold_prepare_subdirs: Setting up mode 771 uid 0 gid 1000 context u:object_r:apex_module_data_file:s0 on path: /data/misc_de/0/apexdata/com.android.vndk.v27
08-06 12:56:10.189   564   564 D vold_prepare_subdirs: Setting up mode 771 uid 0 gid 1000 context u:object_r:apex_module_data_file:s0 on path: /data/misc_de/0/apexdata/com.android.vndk.v30
08-06 12:56:10.189   564   564 D vold_prepare_subdirs: Setting up mode 771 uid 0 gid 1000 context u:object_r:apex_module_data_file:s0 on path: /data/misc_de/0/apexdata/com.android.tzdata
08-06 12:56:10.190   564   564 D vold_prepare_subdirs: Setting up mode 771 uid 0 gid 1000 context u:object_r:apex_module_data_file:s0 on path: /data/misc_de/0/apexdata/com.android.tethering
08-06 12:56:10.190   564   564 D vold_prepare_subdirs: Setting up mode 771 uid 0 gid 1000 context u:object_r:apex_module_data_file:s0 on path: /data/misc_de/0/apexdata/com.android.sdkext
08-06 12:56:10.191   564   564 D vold_prepare_subdirs: Setting up mode 771 uid 0 gid 1000 context u:object_r:apex_module_data_file:s0 on path: /data/misc_de/0/apexdata/com.android.runtime
08-06 12:56:10.192   564   564 D vold_prepare_subdirs: Setting up mode 771 uid 0 gid 1000 context u:object_r:apex_module_data_file:s0 on path: /data/misc_de/0/apexdata/com.android.resolv
08-06 12:56:10.192   564   564 D vold_prepare_subdirs: Setting up mode 771 uid 0 gid 1000 context u:object_r:apex_permission_data_file:s0 on path: /data/misc_de/0/apexdata/com.android.permission
08-06 12:56:10.193   564   564 D vold_prepare_subdirs: Setting up mode 771 uid 0 gid 1000 context u:object_r:apex_module_data_file:s0 on path: /data/misc_de/0/apexdata/com.android.os.statsd
08-06 12:56:10.194   564   564 D vold_prepare_subdirs: Setting up mode 771 uid 0 gid 1000 context u:object_r:apex_module_data_file:s0 on path: /data/misc_de/0/apexdata/com.android.neuralnetworks
08-06 12:56:10.194   564   564 D vold_prepare_subdirs: Setting up mode 771 uid 0 gid 1000 context u:object_r:apex_module_data_file:s0 on path: /data/misc_de/0/apexdata/com.android.mediaprovider
08-06 12:56:10.195   564   564 D vold_prepare_subdirs: Setting up mode 771 uid 0 gid 1000 context u:object_r:apex_module_data_file:s0 on path: /data/misc_de/0/apexdata/com.android.media.swcodec
08-06 12:56:10.195   564   564 D vold_prepare_subdirs: Setting up mode 771 uid 0 gid 1000 context u:object_r:apex_module_data_file:s0 on path: /data/misc_de/0/apexdata/com.android.media
08-06 12:56:10.196   564   564 D vold_prepare_subdirs: Setting up mode 771 uid 0 gid 1000 context u:object_r:apex_module_data_file:s0 on path: /data/misc_de/0/apexdata/com.android.ipsec
08-06 12:56:10.196   564   564 D vold_prepare_subdirs: Setting up mode 771 uid 0 gid 1000 context u:object_r:apex_module_data_file:s0 on path: /data/misc_de/0/apexdata/com.android.i18n
08-06 12:56:10.197   564   564 D vold_prepare_subdirs: Setting up mode 771 uid 0 gid 1000 context u:object_r:apex_module_data_file:s0 on path: /data/misc_de/0/apexdata/com.android.extservices
08-06 12:56:10.197   564   564 D vold_prepare_subdirs: Setting up mode 771 uid 0 gid 1000 context u:object_r:apex_module_data_file:s0 on path: /data/misc_de/0/apexdata/com.android.conscrypt
08-06 12:56:10.198   564   564 D vold_prepare_subdirs: Setting up mode 771 uid 0 gid 1000 context u:object_r:apex_module_data_file:s0 on path: /data/misc_de/0/apexdata/com.android.cellbroadcast
08-06 12:56:10.199   564   564 D vold_prepare_subdirs: Setting up mode 771 uid 0 gid 1000 context u:object_r:apex_module_data_file:s0 on path: /data/misc_de/0/apexdata/com.android.art
08-06 12:56:10.199   564   564 D vold_prepare_subdirs: Setting up mode 771 uid 0 gid 1000 context u:object_r:apex_module_data_file:s0 on path: /data/misc_de/0/apexdata/com.android.apex.cts.shim
08-06 12:56:10.200   564   564 D vold_prepare_subdirs: Setting up mode 771 uid 0 gid 1000 context u:object_r:apex_module_data_file:s0 on path: /data/misc_de/0/apexdata/com.android.adbd
08-06 12:56:10.200   564   564 D vold_prepare_subdirs: Setting up mode 700 uid 1000 gid 1000 context u:object_r:fingerprint_vendor_data_file:s0 on path: /data/vendor_de/0/fpdata
08-06 12:56:10.201   564   564 D vold_prepare_subdirs: Setting up mode 700 uid 1000 gid 1000 context u:object_r:face_vendor_data_file:s0 on path: /data/vendor_de/0/facedata
08-06 12:56:10.203   236   236 D vold    : fscrypt_unlock_user_key 0 serial=0 token_present=0
08-06 12:56:10.266   567   567 I tzdatacheck: timezone distro dir /data/misc/zoneinfo/current does not exist. No action required.
08-06 12:56:10.307   568   568 I KernelSU: ksud::android::cli: command: PostFsData
08-06 12:56:10.350   568   568 I KernelSU: ksud::android::utils: safemode: false
08-06 12:56:10.350   568   568 I KernelSU: ksud::android::utils: kernel_safemode: false
08-06 12:56:10.482   568   568 W KernelSU: ksud::android::init_event: handle updated modules failed: No such file or directory (os error 2)
08-06 12:56:10.545   568   568 I KernelSU: ksud::android::module: load policy: /data/adb/modules/zygisksu/sepolicy.rule
08-06 12:56:10.605   568   568 W KernelSU: ksud::android::sepolicy: apply sepolicy batch partially succeeded: 0/22
08-06 12:56:10.605   568   568 I KernelSU: ksud::android::module: load policy: /data/adb/modules/zygisk_lsposed/sepolicy.rule
08-06 12:56:10.651   568   568 W KernelSU: ksud::android::sepolicy: apply sepolicy batch partially succeeded: 0/5
08-06 12:56:10.652   568   568 I KernelSU: ksud::android::profile: profile sepolicy dir not exists.
08-06 12:56:10.652   568   568 I KernelSU: ksud::android::utils: safemode: false
08-06 12:56:10.652   568   568 I KernelSU: ksud::android::utils: kernel_safemode: false
08-06 12:56:10.652   568   568 I KernelSU: ksud::android::feature: Initializing features from config...
08-06 12:56:10.652   568   568 I KernelSU: ksud::android::feature: Feature config not found, using defaults
08-06 12:56:10.653   568   568 W KernelSU: ksud::android::module: Failed to merge configs for module '2024_07_21_21-53-9': Invalid module ID: '2024_07_21_21-53-9'. Must match /^[a-zA-Z][a-zA-Z0-9._-]+$/
08-06 12:56:10.654   568   568 I KernelSU: ksud::android::feature: No features to apply, skipping initialization
08-06 12:56:10.654   568   568 W KernelSU: ksud::android::init_event: KPM: Failed to start KPM watcher: Inappropriate ioctl for device (os error 25)
08-06 12:56:10.664   568   568 I KernelSU: ksud::android::module: exec /data/adb/modules/zygisksu/post-fs-data.sh
08-06 12:56:10.733   580   580 I zn-daemon64: Zygisk Next Daemon 1.4.4-831-98fd9c6-release
08-06 12:56:10.734   580   580 I zn-daemon64: Kernel: 4.14.98-Kalirok-Nethunter aarch64
08-06 12:56:10.821   580   580 I zn-daemon64: ** write prop
08-06 12:56:10.917   580   580 I zn-daemon64: ** preparing payload ...
08-06 12:56:10.917   580   580 I zn-daemon64: ** payload prepared
08-06 12:56:10.918   580   580 I zn-daemon64: ** attaching init ...
08-06 12:56:11.144   580   580 I zn-daemon64: ** init attached
08-06 12:56:11.144   580   580 I zn-daemon64: ** loading payload ...
08-06 12:56:11.149   580   580 I zn-daemon64: libpayload base: 7f9b104000
08-06 12:56:11.149   580   580 I zn-daemon64: ** payload loaded
08-06 12:56:11.149   580   580 I zn-daemon64: ** setting up payload ...
08-06 12:56:11.149   580   580 I zn-daemon64: ** payload has been setup
08-06 12:56:11.149   580   580 I zn-daemon64: ** inline hook prepare ...
08-06 12:56:11.152   580   580 I zn-daemon64: ** hooking execve
08-06 12:56:11.152   580   580 I zn-daemon64: *** prepare trampoline
08-06 12:56:11.157   580   580 I zn-daemon64: ** inline hook commit
08-06 12:56:11.158   580   580 I zn-daemon64: execve hook installed
08-06 12:56:11.158   580   580 I zn-daemon64: ** hooking wait4
08-06 12:56:11.158   580   580 I zn-daemon64: *** prepare trampoline
08-06 12:56:11.162   580   580 I zn-daemon64: ** inline hook commit
08-06 12:56:11.163   580   580 I zn-daemon64: wait4 hook installed
08-06 12:56:11.163   580   580 I zn-daemon64: inject success!
08-06 12:56:11.163   580   580 I zn-daemon64: ** do cleanup
08-06 12:56:11.164   580   580 I zn-daemon64: ** do restore
08-06 12:56:11.164   580   580 I zn-daemon64: loading 64bit zygisk modules
08-06 12:56:11.165   580   580 I zn-daemon64: loaded 64bit zygisk module zygisk_lsposed
08-06 12:56:11.166   580   580 I zn-daemon64: loaded 64bit zygisk module zygisk-maphide
08-06 12:56:11.166   580   580 I zn-daemon64: loaded 2 64bit zygisk module(s)
08-06 12:56:11.166   580   580 I zn-daemon64: loading 32bit zygisk modules
08-06 12:56:11.167   580   580 I zn-daemon64: loaded 32bit zygisk module zygisk_lsposed
08-06 12:56:11.168   580   580 I zn-daemon64: loaded 32bit zygisk module zygisk-maphide
08-06 12:56:11.168   580   580 I zn-daemon64: loaded 2 32bit zygisk module(s)
08-06 12:56:11.169   580   580 I zn-daemon64: loading zn modules
08-06 12:56:11.169   580   580 I zn-daemon64: loaded 0 zn modules
08-06 12:56:11.170   585   585 I zn-daemon64: ** daemon launched
08-06 12:56:11.171   585   585 I zn-daemon64: ** stop klog
08-06 12:56:11.174   585   585 I zn-daemon64: ** denylist policy: 0
08-06 12:56:11.175   585   585 I zn-daemon64: ** denylist enforce mode: 1
08-06 12:56:11.176   585   585 I zn-daemon64: ** memory type: 1
08-06 12:56:11.177   585   585 I zn-daemon64: ** linker mode: 1
08-06 12:56:11.177   585   585 I zn-daemon64: ** write prop
08-06 12:56:11.181   568   568 I KernelSU: ksud::android::module: exec /data/adb/modules/GALACTICForcedDeepSleepMod/post-fs-data.sh
08-06 12:56:11.187   568   568 I KernelSU: ksud::android::module: exec /data/adb/modules/AWatchFixer/post-fs-data.sh
08-06 12:56:11.277   568   568 I KernelSU: ksud::android::module: exec /data/adb/modules/ViPER4Android-RE-Fork/post-fs-data.sh
08-06 12:56:11.721   568   568 I KernelSU: ksud::android::module: exec /data/adb/modules/template/post-fs-data.sh
08-06 12:56:11.729   568   568 I KernelSU: ksud::android::module: load /data/adb/modules/GALACTICForcedDeepSleepMod system.prop
08-06 12:56:11.740   568   568 I KernelSU: ksud::android::resetprop: Loaded system.prop from /data/adb/modules/GALACTICForcedDeepSleepMod/system.prop
08-06 12:56:11.740   568   568 I KernelSU: ksud::android::module: load /data/adb/modules/AWatchBooster system.prop
08-06 12:56:11.745   568   568 I KernelSU: ksud::android::resetprop: Loaded system.prop from /data/adb/modules/AWatchBooster/system.prop
08-06 12:56:11.745   568   568 I KernelSU: ksud::android::module: load /data/adb/modules/apple_iphone18promax system.prop
08-06 12:56:11.745   568   568 I KernelSU: ksud::android::resetprop: Loaded system.prop from /data/adb/modules/apple_iphone18promax/system.prop
08-06 12:56:11.745   568   568 I KernelSU: ksud::android::module: load /data/adb/modules/template system.prop
08-06 12:56:11.746   568   568 I KernelSU: ksud::android::resetprop: Loaded system.prop from /data/adb/modules/template/system.prop
08-06 12:56:11.752   568   568 I KernelSU: ksud::android::umount_config: Loaded 0 umount entries from config
08-06 12:56:11.752   568   568 I KernelSU: ksud::android::utils: safemode: false
08-06 12:56:11.752   568   568 I KernelSU: ksud::android::utils: kernel_safemode: false
08-06 12:56:11.752   568   568 I KernelSU: ksud::android::module: /data/adb/post-mount.d not exists, skip
08-06 12:56:11.775   211   211 I auditd  : type=1400 audit(0.0:22): avc: denied { search } for comm="init" name="/" dev="mmcblk0p34" ino=2 scontext=u:r:vendor_init:s0 tcontext=u:object_r:cache_file:s0 tclass=dir permissive=0
08-06 12:56:11.775   211   211 W init    : type=1400 audit(0.0:22): avc: denied { search } for name="/" dev="mmcblk0p34" ino=2 scontext=u:r:vendor_init:s0 tcontext=u:object_r:cache_file:s0 tclass=dir permissive=0
08-06 12:56:11.818   211   211 W libc    : Unable to set property "ro.audio.offload_wakelock" to "0": error code: 0xb
08-06 12:56:11.902   631   631 W otapreopt_slot: Slot property empty.
08-06 12:56:11.936   632   632 E recovery-persist: Failed to unlink /cache/recovery/last_install: No such file or directory
08-06 12:56:11.959   633   633 I tombstoned: tombstoned successfully initialized
08-06 20:56:11.996   638   638 I flags_health_check: ServerConfigurableFlagsReset reset_mode value: 0
08-06 20:56:11.997   638   638 I flags_health_check: ServerConfigurableFlagsReset attempted boot count is under threshold, skipping reset.
08-06 20:56:12.042   639   639 D LibBpfLoader: Loading optional ELF object /system/etc/bpf/time_in_state.o with license GPL
08-06 20:56:12.042   639   639 D LibBpfLoader: Loaded code section 3 (tracepoint_sched_sched_switch)
08-06 20:56:12.043   639   639 D LibBpfLoader: Loaded relo section 3 (.reltracepoint/sched/sched_switch)
08-06 20:56:12.043   639   639 D LibBpfLoader: Adding section 3 to cs list
08-06 20:56:12.043   639   639 D LibBpfLoader: Loaded code section 5 (tracepoint_power_cpu_frequency)
08-06 20:56:12.044   639   639 D LibBpfLoader: Loaded relo section 5 (.reltracepoint/power/cpu_frequency)
08-06 20:56:12.044   639   639 D LibBpfLoader: Adding section 5 to cs list
08-06 20:56:12.046   639   639 D LibBpfLoader: bpf_create_map name uid_time_in_state_map, ret: 7
08-06 20:56:12.048   639   639 D LibBpfLoader: bpf_create_map name uid_concurrent_times_map, ret: 8
08-06 20:56:12.048   639   639 D LibBpfLoader: bpf_create_map name uid_last_update_map, ret: 9
08-06 20:56:12.048   639   639 D LibBpfLoader: bpf_create_map name cpu_last_update_map, ret: 10
08-06 20:56:12.049   639   639 D LibBpfLoader: bpf_create_map name cpu_policy_map, ret: 11
08-06 20:56:12.049   639   639 D LibBpfLoader: bpf_create_map name policy_freq_idx_map, ret: 12
08-06 20:56:12.049   639   639 D LibBpfLoader: bpf_create_map name freq_to_idx_map, ret: 13
08-06 20:56:12.049   639   639 D LibBpfLoader: bpf_create_map name nr_active_map, ret: 14
08-06 20:56:12.049   639   639 D LibBpfLoader: bpf_create_map name policy_nr_active_map, ret: 15
08-06 20:56:12.049   639   639 D LibBpfLoader: map_fd found at 0 is 7 in /system/etc/bpf/time_in_state.o
08-06 20:56:12.049   639   639 D LibBpfLoader: map_fd found at 1 is 8 in /system/etc/bpf/time_in_state.o
08-06 20:56:12.049   639   639 D LibBpfLoader: map_fd found at 2 is 9 in /system/etc/bpf/time_in_state.o
08-06 20:56:12.049   639   639 D LibBpfLoader: map_fd found at 3 is 10 in /system/etc/bpf/time_in_state.o
08-06 20:56:12.049   639   639 D LibBpfLoader: map_fd found at 4 is 11 in /system/etc/bpf/time_in_state.o
08-06 20:56:12.049   639   639 D LibBpfLoader: map_fd found at 5 is 12 in /system/etc/bpf/time_in_state.o
08-06 20:56:12.049   639   639 D LibBpfLoader: map_fd found at 6 is 13 in /system/etc/bpf/time_in_state.o
08-06 20:56:12.049   639   639 D LibBpfLoader: map_fd found at 7 is 14 in /system/etc/bpf/time_in_state.o
08-06 20:56:12.049   639   639 D LibBpfLoader: map_fd found at 8 is 15 in /system/etc/bpf/time_in_state.o
08-06 20:56:12.050   639   639 D LibBpfLoader: applying relo to instruction at byte offset: 40, 	       insn offset 5 , insn 118
08-06 20:56:12.050   639   639 D LibBpfLoader: applying relo to instruction at byte offset: 128, 	       insn offset 16 , insn 118
08-06 20:56:12.050   639   639 D LibBpfLoader: applying relo to instruction at byte offset: 200, 	       insn offset 25 , insn 118
08-06 20:56:12.050   639   639 D LibBpfLoader: applying relo to instruction at byte offset: 264, 	       insn offset 33 , insn 118
08-06 20:56:12.050   639   639 D LibBpfLoader: applying relo to instruction at byte offset: 520, 	       insn offset 65 , insn 118
08-06 20:56:12.050   639   639 D LibBpfLoader: applying relo to instruction at byte offset: 656, 	       insn offset 82 , insn 118
08-06 20:56:12.050   639   639 D LibBpfLoader: applying relo to instruction at byte offset: 1008, 	       insn offset 126 , insn 118
08-06 20:56:12.050   639   639 D LibBpfLoader: applying relo to instruction at byte offset: 1048, 	       insn offset 131 , insn 118
08-06 20:56:12.050   639   639 D LibBpfLoader: applying relo to instruction at byte offset: 1240, 	       insn offset 155 , insn 118
08-06 20:56:12.050   639   639 D LibBpfLoader: applying relo to instruction at byte offset: 1440, 	       insn offset 180 , insn 118
08-06 20:56:12.050   639   639 D LibBpfLoader: applying relo to instruction at byte offset: 1480, 	       insn offset 185 , insn 118
08-06 20:56:12.050   639   639 D LibBpfLoader: applying relo to instruction at byte offset: 1656, 	       insn offset 207 , insn 118
08-06 20:56:12.050   639   639 D LibBpfLoader: applying relo to instruction at byte offset: 1864, 	       insn offset 233 , insn 118
08-06 20:56:12.050   639   639 D LibBpfLoader: applying relo to instruction at byte offset: 1904, 	       insn offset 238 , insn 118
08-06 20:56:12.050   639   639 D LibBpfLoader: applying relo to instruction at byte offset: 2024, 	       insn offset 253 , insn 118
08-06 20:56:12.050   639   639 D LibBpfLoader: applying relo to instruction at byte offset: 2112, 	       insn offset 264 , insn 118
08-06 20:56:12.050   639   639 D LibBpfLoader: applying relo to instruction at byte offset: 40, 	       insn offset 5 , insn 118
08-06 20:56:12.050   639   639 D LibBpfLoader: applying relo to instruction at byte offset: 120, 	       insn offset 15 , insn 118
08-06 20:56:12.050   639   639 D LibBpfLoader: applying relo to instruction at byte offset: 200, 	       insn offset 25 , insn 118
08-06 20:56:12.050   639   639 D LibBpfLoader: cs[0].name:tracepoint_sched_sched_switch min_kver:0 .max_kver:ffffffff (kvers:40e62)
08-06 20:56:12.051   639   639 D LibBpfLoader: bpf_prog_load lib call for /system/etc/bpf/time_in_state.o (tracepoint_sched_sched_switch) returned fd: -1 (Invalid argument)
08-06 20:56:12.051   639   639 W LibBpfLoader: bpf_prog_load - BEGIN log_buf contents:
08-06 20:56:12.051   639   639 W LibBpfLoader: 
08-06 20:56:12.051   639   639 W LibBpfLoader: bpf_prog_load - END log_buf contents.
08-06 20:56:12.051   639   639 E LibBpfLoader: non-optional program failed to load.
08-06 20:56:12.051   639   639 E LibBpfLoader: Failed to load programs, loadCodeSections ret=-1
08-06 20:56:12.051   639   639 E bpfloader: Failed to load object: /system/etc/bpf/time_in_state.o, ret: Operation not permitted
08-06 20:56:12.052   639   639 D LibBpfLoader: Loading critical for netd ELF object /system/etc/bpf/netd.o with license Apache 2.0
08-06 20:56:12.053   639   639 D LibBpfLoader: Loaded code section 3 (cgroupskb_ingress_stats)
08-06 20:56:12.054   639   639 D LibBpfLoader: Loaded relo section 3 (.relcgroupskb/ingress/stats)
08-06 20:56:12.054   639   639 D LibBpfLoader: Adding section 3 to cs list
08-06 20:56:12.054   639   639 D LibBpfLoader: Loaded code section 5 (cgroupskb_egress_stats)
08-06 20:56:12.055   639   639 D LibBpfLoader: Loaded relo section 5 (.relcgroupskb/egress/stats)
08-06 20:56:12.055   639   639 D LibBpfLoader: Adding section 5 to cs list
08-06 20:56:12.055   639   639 D LibBpfLoader: Loaded code section 7 (skfilter_egress_xtbpf)
08-06 20:56:12.055   639   639 D LibBpfLoader: Loaded relo section 7 (.relskfilter/egress/xtbpf)
08-06 20:56:12.055   639   639 D LibBpfLoader: Adding section 7 to cs list
08-06 20:56:12.055   639   639 D LibBpfLoader: Loaded code section 9 (skfilter_ingress_xtbpf)
08-06 20:56:12.056   639   639 D LibBpfLoader: Loaded relo section 9 (.relskfilter/ingress/xtbpf)
08-06 20:56:12.056   639   639 D LibBpfLoader: Adding section 9 to cs list
08-06 20:56:12.056   639   639 D LibBpfLoader: Loaded code section 11 (skfilter_whitelist_xtbpf)
08-06 20:56:12.056   639   639 D LibBpfLoader: Loaded relo section 11 (.relskfilter/whitelist/xtbpf)
08-06 20:56:12.056   639   639 D LibBpfLoader: Adding section 11 to cs list
08-06 20:56:12.056   639   639 D LibBpfLoader: Loaded code section 13 (skfilter_blacklist_xtbpf)
08-06 20:56:12.057   639   639 D LibBpfLoader: Loaded relo section 13 (.relskfilter/blacklist/xtbpf)
08-06 20:56:12.057   639   639 D LibBpfLoader: Adding section 13 to cs list
08-06 20:56:12.057   639   639 D LibBpfLoader: Loaded code section 15 (cgroupsock_inet_create)
08-06 20:56:12.057   639   639 D LibBpfLoader: Loaded relo section 15 (.relcgroupsock/inet/create)
08-06 20:56:12.057   639   639 D LibBpfLoader: Adding section 15 to cs list
08-06 20:56:12.061   639   639 D LibBpfLoader: bpf_create_map name cookie_tag_map, ret: 7
08-06 20:56:12.061   639   639 D LibBpfLoader: bpf_create_map name uid_counterset_map, ret: 8
08-06 20:56:12.065   639   639 D LibBpfLoader: bpf_create_map name app_uid_stats_map, ret: 9
08-06 20:56:12.066   639   639 D LibBpfLoader: bpf_create_map name stats_map_A, ret: 10
08-06 20:56:12.068   639   639 D LibBpfLoader: bpf_create_map name stats_map_B, ret: 11
08-06 20:56:12.068   639   639 D LibBpfLoader: bpf_create_map name iface_stats_map, ret: 12
08-06 20:56:12.068   639   639 D LibBpfLoader: bpf_create_map name configuration_map, ret: 13
08-06 20:56:12.068   639   639 D LibBpfLoader: bpf_create_map name uid_owner_map, ret: 14
08-06 20:56:12.069   639   639 D LibBpfLoader: bpf_create_map name iface_index_name_map, ret: 15
08-06 20:56:12.069   639   639 D LibBpfLoader: bpf_create_map name uid_permission_map, ret: 16
08-06 20:56:12.069   639   639 D LibBpfLoader: map_fd found at 0 is 7 in /system/etc/bpf/netd.o
08-06 20:56:12.069   639   639 D LibBpfLoader: map_fd found at 1 is 8 in /system/etc/bpf/netd.o
08-06 20:56:12.069   639   639 D LibBpfLoader: map_fd found at 2 is 9 in /system/etc/bpf/netd.o
08-06 20:56:12.069   639   639 D LibBpfLoader: map_fd found at 3 is 10 in /system/etc/bpf/netd.o
08-06 20:56:12.069   639   639 D LibBpfLoader: map_fd found at 4 is 11 in /system/etc/bpf/netd.o
08-06 20:56:12.069   639   639 D LibBpfLoader: map_fd found at 5 is 12 in /system/etc/bpf/netd.o
08-06 20:56:12.069   639   639 D LibBpfLoader: map_fd found at 6 is 13 in /system/etc/bpf/netd.o
08-06 20:56:12.069   639   639 D LibBpfLoader: map_fd found at 7 is 14 in /system/etc/bpf/netd.o
08-06 20:56:12.069   639   639 D LibBpfLoader: map_fd found at 8 is 15 in /system/etc/bpf/netd.o
08-06 20:56:12.069   639   639 D LibBpfLoader: map_fd found at 9 is 16 in /system/etc/bpf/netd.o
08-06 20:56:12.070   639   639 D LibBpfLoader: applying relo to instruction at byte offset: 664, 	       insn offset 83 , insn 118
08-06 20:56:12.070   639   639 D LibBpfLoader: applying relo to instruction at byte offset: 728, 	       insn offset 91 , insn 118
08-06 20:56:12.070   639   639 D LibBpfLoader: applying relo to instruction at byte offset: 1504, 	       insn offset 188 , insn 118
08-06 20:56:12.070   639   639 D LibBpfLoader: applying relo to instruction at byte offset: 1800, 	       insn offset 225 , insn 118
08-06 20:56:12.070   639   639 D LibBpfLoader: applying relo to instruction at byte offset: 1880, 	       insn offset 235 , insn 118
08-06 20:56:12.070   639   639 D LibBpfLoader: applying relo to instruction at byte offset: 1992, 	       insn offset 249 , insn 118
08-06 20:56:12.070   639   639 D LibBpfLoader: applying relo to instruction at byte offset: 2104, 	       insn offset 263 , insn 118
08-06 20:56:12.070   639   639 D LibBpfLoader: applying relo to instruction at byte offset: 2144, 	       insn offset 268 , insn 118
08-06 20:56:12.070   639   639 D LibBpfLoader: applying relo to instruction at byte offset: 2296, 	       insn offset 287 , insn 118
08-06 20:56:12.070   639   639 D LibBpfLoader: applying relo to instruction at byte offset: 2408, 	       insn offset 301 , insn 118
08-06 20:56:12.071   639   639 D LibBpfLoader: applying relo to instruction at byte offset: 2448, 	       insn offset 306 , insn 118
08-06 20:56:12.071   639   639 D LibBpfLoader: applying relo to instruction at byte offset: 2728, 	       insn offset 341 , insn 118
08-06 20:56:12.071   639   639 D LibBpfLoader: applying relo to instruction at byte offset: 2832, 	       insn offset 354 , insn 118
08-06 20:56:12.071   639   639 D LibBpfLoader: applying relo to instruction at byte offset: 2872, 	       insn offset 359 , insn 118
08-06 20:56:12.071   639   639 D LibBpfLoader: applying relo to instruction at byte offset: 3016, 	       insn offset 377 , insn 118
08-06 20:56:12.071   639   639 D LibBpfLoader: applying relo to instruction at byte offset: 3120, 	       insn offset 390 , insn 118
08-06 20:56:12.071   639   639 D LibBpfLoader: applying relo to instruction at byte offset: 3160, 	       insn offset 395 , insn 118
08-06 20:56:12.071   639   639 D LibBpfLoader: applying relo to instruction at byte offset: 3392, 	       insn offset 424 , insn 118
08-06 20:56:12.071   639   639 D LibBpfLoader: applying relo to instruction at byte offset: 3496, 	       insn offset 437 , insn 118
08-06 20:56:12.071   639   639 D LibBpfLoader: applying relo to instruction at byte offset: 3536, 	       insn offset 442 , insn 118
08-06 20:56:12.071   639   639 D LibBpfLoader: applying relo to instruction at byte offset: 648, 	       insn offset 81 , insn 118
08-06 20:56:12.071   639   639 D LibBpfLoader: applying relo to instruction at byte offset: 712, 	       insn offset 89 , insn 118
08-06 20:56:12.071   639   639 D LibBpfLoader: applying relo to instruction at byte offset: 1272, 	       insn offset 159 , insn 118
08-06 20:56:12.071   639   639 D LibBpfLoader: applying relo to instruction at byte offset: 1528, 	       insn offset 191 , insn 118
08-06 20:56:12.071   639   639 D LibBpfLoader: applying relo to instruction at byte offset: 1608, 	       insn offset 201 , insn 118
08-06 20:56:12.071   639   639 D LibBpfLoader: applying relo to instruction at byte offset: 1712, 	       insn offset 214 , insn 118
08-06 20:56:12.071   639   639 D LibBpfLoader: applying relo to instruction at byte offset: 1816, 	       insn offset 227 , insn 118
08-06 20:56:12.071   639   639 D LibBpfLoader: applying relo to instruction at byte offset: 1856, 	       insn offset 232 , insn 118
08-06 20:56:12.071   639   639 D LibBpfLoader: applying relo to instruction at byte offset: 2000, 	       insn offset 250 , insn 118
08-06 20:56:12.072   639   639 D LibBpfLoader: applying relo to instruction at byte offset: 2104, 	       insn offset 263 , insn 118
08-06 20:56:12.072   639   639 D LibBpfLoader: applying relo to instruction at byte offset: 2144, 	       insn offset 268 , insn 118
08-06 20:56:12.072   639   639 D LibBpfLoader: applying relo to instruction at byte offset: 2416, 	       insn offset 302 , insn 118
08-06 20:56:12.072   639   639 D LibBpfLoader: applying relo to instruction at byte offset: 2520, 	       insn offset 315 , insn 118
08-06 20:56:12.072   639   639 D LibBpfLoader: applying relo to instruction at byte offset: 2560, 	       insn offset 320 , insn 118
08-06 20:56:12.072   639   639 D LibBpfLoader: applying relo to instruction at byte offset: 2704, 	       insn offset 338 , insn 118
08-06 20:56:12.072   639   639 D LibBpfLoader: applying relo to instruction at byte offset: 2808, 	       insn offset 351 , insn 118
08-06 20:56:12.072   639   639 D LibBpfLoader: applying relo to instruction at byte offset: 2848, 	       insn offset 356 , insn 118
08-06 20:56:12.072   639   639 D LibBpfLoader: applying relo to instruction at byte offset: 3080, 	       insn offset 385 , insn 118
08-06 20:56:12.072   639   639 D LibBpfLoader: applying relo to instruction at byte offset: 3184, 	       insn offset 398 , insn 118
08-06 20:56:12.072   639   639 D LibBpfLoader: applying relo to instruction at byte offset: 3224, 	       insn offset 403 , insn 118
08-06 20:56:12.072   639   639 D LibBpfLoader: applying relo to instruction at byte offset: 88, 	       insn offset 11 , insn 118
08-06 20:56:12.072   639   639 D LibBpfLoader: applying relo to instruction at byte offset: 192, 	       insn offset 24 , insn 118
08-06 20:56:12.072   639   639 D LibBpfLoader: applying relo to instruction at byte offset: 232, 	       insn offset 29 , insn 118
08-06 20:56:12.072   639   639 D LibBpfLoader: applying relo to instruction at byte offset: 40, 	       insn offset 5 , insn 118
08-06 20:56:12.072   639   639 D LibBpfLoader: applying relo to instruction at byte offset: 144, 	       insn offset 18 , insn 118
08-06 20:56:12.072   639   639 D LibBpfLoader: applying relo to instruction at byte offset: 184, 	       insn offset 23 , insn 118
08-06 20:56:12.072   639   639 D LibBpfLoader: applying relo to instruction at byte offset: 136, 	       insn offset 17 , insn 118
08-06 20:56:12.072   639   639 D LibBpfLoader: applying relo to instruction at byte offset: 32, 	       insn offset 4 , insn 118
08-06 20:56:12.072   639   639 D LibBpfLoader: applying relo to instruction at byte offset: 80, 	       insn offset 10 , insn 118
08-06 20:56:12.087   639   639 D LibBpfLoader: bpf_prog_load lib call for /system/etc/bpf/netd.o (cgroupskb_ingress_stats) returned fd: 17 (no error)
08-06 20:56:12.093   639   639 D LibBpfLoader: bpf_prog_load lib call for /system/etc/bpf/netd.o (cgroupskb_egress_stats) returned fd: 18 (no error)
08-06 20:56:12.093   639   639 D LibBpfLoader: cs[2].name:skfilter_egress_xtbpf min_kver:0 .max_kver:ffffffff (kvers:40e62)
08-06 20:56:12.093   639   639 D LibBpfLoader: bpf_prog_load lib call for /system/etc/bpf/netd.o (skfilter_egress_xtbpf) returned fd: 19 (no error)
08-06 20:56:12.094   639   639 D LibBpfLoader: cs[3].name:skfilter_ingress_xtbpf min_kver:0 .max_kver:ffffffff (kvers:40e62)
08-06 20:56:12.094   639   639 D LibBpfLoader: bpf_prog_load lib call for /system/etc/bpf/netd.o (skfilter_ingress_xtbpf) returned fd: 20 (no error)
08-06 20:56:12.094   639   639 D LibBpfLoader: cs[4].name:skfilter_whitelist_xtbpf min_kver:0 .max_kver:ffffffff (kvers:40e62)
08-06 20:56:12.094   639   639 D LibBpfLoader: bpf_prog_load lib call for /system/etc/bpf/netd.o (skfilter_whitelist_xtbpf) returned fd: 21 (no error)
08-06 20:56:12.094   639   639 D LibBpfLoader: cs[5].name:skfilter_blacklist_xtbpf min_kver:0 .max_kver:ffffffff (kvers:40e62)
08-06 20:56:12.095   639   639 D LibBpfLoader: bpf_prog_load lib call for /system/etc/bpf/netd.o (skfilter_blacklist_xtbpf) returned fd: 22 (no error)
08-06 20:56:12.095   639   639 D LibBpfLoader: cs[6].name:cgroupsock_inet_create min_kver:40e00 .max_kver:ffffffff (kvers:40e62)
08-06 20:56:12.095   639   639 D LibBpfLoader: bpf_prog_load lib call for /system/etc/bpf/netd.o (cgroupsock_inet_create) returned fd: 23 (no error)
08-06 20:56:12.095   639   639 I bpfloader: Loaded object: /system/etc/bpf/netd.o
08-06 20:56:12.096   639   639 D LibBpfLoader: Loading critical for netd ELF object /system/etc/bpf/offload.o with license Apache 2.0
08-06 20:56:12.096   639   639 D LibBpfLoader: Loaded code section 3 (schedcls_ingress_tether_ether)
08-06 20:56:12.097   639   639 D LibBpfLoader: Loaded relo section 3 (.relschedcls/ingress/tether_ether)
08-06 20:56:12.097   639   639 D LibBpfLoader: Adding section 3 to cs list
08-06 20:56:12.097   639   639 D LibBpfLoader: Loaded code section 5 (schedcls_ingress_tether_rawip$5_4)
08-06 20:56:12.097   639   639 D LibBpfLoader: Loaded relo section 5 (.relschedcls/ingress/tether_rawip$5_4)
08-06 20:56:12.097   639   639 D LibBpfLoader: Adding section 5 to cs list
08-06 20:56:12.097   639   639 D LibBpfLoader: Loaded code section 7 (schedcls_ingress_tether_rawip$4_14)
08-06 20:56:12.097   639   639 D LibBpfLoader: Loaded relo section 7 (.relschedcls/ingress/tether_rawip$4_14)
08-06 20:56:12.097   639   639 D LibBpfLoader: Adding section 7 to cs list
08-06 20:56:12.097   639   639 D LibBpfLoader: Loaded code section 9 (schedcls_ingress_tether_rawip$stub)
08-06 20:56:12.098   639   639 D LibBpfLoader: Adding section 9 to cs list
08-06 20:56:12.098   639   639 D LibBpfLoader: bpf_create_map name tether_ingress_map, ret: 7
08-06 20:56:12.098   639   639 D LibBpfLoader: bpf_create_map name tether_stats_map, ret: 8
08-06 20:56:12.098   639   639 D LibBpfLoader: bpf_create_map name tether_limit_map, ret: 9
08-06 20:56:12.098   639   639 D LibBpfLoader: map_fd found at 0 is 7 in /system/etc/bpf/offload.o
08-06 20:56:12.098   639   639 D LibBpfLoader: map_fd found at 1 is 8 in /system/etc/bpf/offload.o
08-06 20:56:12.098   639   639 D LibBpfLoader: map_fd found at 2 is 9 in /system/etc/bpf/offload.o
08-06 20:56:12.099   639   639 D LibBpfLoader: applying relo to instruction at byte offset: 304, 	       insn offset 38 , insn 118
08-06 20:56:12.099   639   639 D LibBpfLoader: applying relo to instruction at byte offset: 384, 	       insn offset 48 , insn 118
08-06 20:56:12.099   639   639 D LibBpfLoader: applying relo to instruction at byte offset: 448, 	       insn offset 56 , insn 118
08-06 20:56:12.099   639   639 D LibBpfLoader: applying relo to instruction at byte offset: 264, 	       insn offset 33 , insn 118
08-06 20:56:12.099   639   639 D LibBpfLoader: applying relo to instruction at byte offset: 344, 	       insn offset 43 , insn 118
08-06 20:56:12.099   639   639 D LibBpfLoader: applying relo to instruction at byte offset: 408, 	       insn offset 51 , insn 118
08-06 20:56:12.099   639   639 D LibBpfLoader: applying relo to instruction at byte offset: 264, 	       insn offset 33 , insn 118
08-06 20:56:12.099   639   639 D LibBpfLoader: applying relo to instruction at byte offset: 344, 	       insn offset 43 , insn 118
08-06 20:56:12.099   639   639 D LibBpfLoader: applying relo to instruction at byte offset: 408, 	       insn offset 51 , insn 118
08-06 20:56:12.100   639   639 D LibBpfLoader: bpf_prog_load lib call for /system/etc/bpf/offload.o (schedcls_ingress_tether_ether) returned fd: 10 (no error)
08-06 20:56:12.100   639   639 D LibBpfLoader: cs[1].name:schedcls_ingress_tether_rawip$5_4 min_kver:50400 .max_kver:ffffffff (kvers:40e62)
08-06 20:56:12.100   639   639 D LibBpfLoader: cs[2].name:schedcls_ingress_tether_rawip$4_14 min_kver:40e00 .max_kver:50400 (kvers:40e62)
08-06 20:56:12.101   639   639 D LibBpfLoader: bpf_prog_load lib call for /system/etc/bpf/offload.o (schedcls_ingress_tether_rawip$4_14) returned fd: -1 (Invalid argument)
08-06 20:56:12.101   639   639 W LibBpfLoader: bpf_prog_load - BEGIN log_buf contents:
08-06 20:56:12.101   639   639 W LibBpfLoader: 0: (bf) r6 = r1
08-06 20:56:12.101   639   639 W LibBpfLoader: 1: (b7) r8 = 0
08-06 20:56:12.101   639   639 W LibBpfLoader: 2: (61) r1 = *(u32 *)(r6 +16)
08-06 20:56:12.101   639   639 W LibBpfLoader: 3: (55) if r1 != 0xdd86 goto pc+143
08-06 20:56:12.101   639   639 W LibBpfLoader:  R1=inv56710 R6=ctx(id=0,off=0,imm=0) R8=inv0 R10=fp0
08-06 20:56:12.101   639   639 W LibBpfLoader: 4: (61) r1 = *(u32 *)(r6 +76)
08-06 20:56:12.101   639   639 W LibBpfLoader: 5: (61) r2 = *(u32 *)(r6 +80)
08-06 20:56:12.101   639   639 W LibBpfLoader: 6: (bf) r3 = r1
08-06 20:56:12.101   639   639 W LibBpfLoader: 7: (07) r3 += 40
08-06 20:56:12.101   639   639 W LibBpfLoader: 8: (2d) if r3 > r2 goto pc+138
08-06 20:56:12.101   639   639 W LibBpfLoader:  R1=pkt(id=0,off=0,r=40,imm=0) R2=pkt_end(id=0,off=0,imm=0) R3=pkt(id=0,off=40,r=40,imm=0) R6=ctx(id=0,off=0,imm=0) R8=inv0 R10=fp0
08-06 20:56:12.101   639   639 W LibBpfLoader: 9: (71) r2 = *(u8 *)(r1 +0)
08-06 20:56:12.101   639   639 W LibBpfLoader: 10: (57) r2 &= 240
08-06 20:56:12.101   639   639 W LibBpfLoader: 11: (55) if r2 != 0x60 goto pc+135
08-06 20:56:12.101   639   639 W LibBpfLoader:  R1=pkt(id=0,off=0,r=40,imm=0) R2=inv96 R3=pkt(id=0,off=40,r=40,imm=0) R6=ctx(id=0,off=0,imm=0) R8=inv0 R10=fp0
08-06 20:56:12.101   639   639 W LibBpfLoader: 12: (71) r2 = *(u8 *)(r1 +7)
08-06 20:56:12.101   639   639 W LibBpfLoader: 13: (b7) r3 = 2
08-06 20:56:12.101   639   639 W LibBpfLoader: 14: (2d) if r3 > r2 goto pc+132
08-06 20:56:12.101   639   639 W LibBpfLoader:  R1=pkt(id=0,off=0,r=40,imm=0) R2=inv(id=0,umin_value=2,umax_value=255,var_off=(0x0; 0xff)) R3=inv2 R6=ctx(id=0,off=0,imm=0) R8=inv0 R10=fp0
08-06 20:56:12.101   639   639 W LibBpfLoader: 15: (61) r2 = *(u32 *)(r1 +8)
08-06 20:56:12.101   639   639 W LibBpfLoader: 16: (18) r3 = 0x9bff6400
08-06 20:56:12.101   639   639 W LibBpfLoader: 18: (1d) if r2 == r3 goto pc+2
08-06 20:56:12.101   639   639 W LibBpfLoader:  R1=pkt(id=0,off=0,r=40,imm=0) R2=inv(id=0,umax_value=4294967295,var_off=(0x0; 0xffffffff)) R3=inv2617205760 R6=ctx(id=0,off=0,imm=0) R8=inv0 R10=fp0
08-06 20:56:12.101   639   639 W LibBpfLoader: 19: (57) r2 &= 224
08-06 20:56:12.101   639   639 W LibBpfLoader: 20: (55) if r2 != 0x20 goto pc+126
08-06 20:56:12.101   639   639 W LibBpfLoader:  R1=pkt(id=0,off=0,r=40,imm=0) R2=inv32 R3=inv2617205760 R6=ctx(id=0,off=0,imm=0) R8=inv0 R10=fp0
08-06 20:56:12.101   639   639 W LibBpfLoader: 21: (61) r2 = *(u32 *)(r6 +40)
08-06 20:56:12.101   639   639 W LibBpfLoader: 22: (63) *(u32 *)(r10 -24) = r2
08-06 20:56:12.101   639   639 W LibBpfLoader: 23: (61) r2 = *(u32 *)(r1 +28)
08-06 20:56:12.101   639   639 W LibBpfLoader: 24: (63) *(u32 *)(r10 -16) = r2
08-06 20:56:12.101   639   639 W LibBpfLoader: 25: (61) r2 = *(u32 *)(r1 +24)
08-06 20:56:12.101   639   639 W LibBpfLoader: 26: (63) *(u32 *)(r10 -20) = r2
08-06 20:56:12.101   639   639 W LibBpfLoader: 27: (61) r2 = *(u32 *)(r1 +36)
08-06 20:56:12.101   639   639 W LibBpfLoader: 28: (63) *(u32 *)(r10 -8) = r2
08-06 20:56:12.101   639   639 W LibBpfLoader: 29: (61) r1 = *(u32 *)(r1 +32)
08-06 20:56:12.101   639   639 W LibBpfLoader: 30: (63) *(u32 *)(r10 -12) = r1
08-06 20:56:12.101   639   639 W LibBpfLoader: 31: (bf) r2 = r10
08-06 20:56:12.101   639   639 W LibBpfLoader: 32: (07) r2 += -24
08-06 20:56:12.101   639   639 W LibBpfLoader: 33: (18) r1 = 0xffffffc0efeb2400
08-06 20:56:12.101   639   639 W LibBpfLoader: 35: (85) call bpf_map_lookup_elem#1
08-06 20:56:12.101   639   639 W LibBpfLoader: 36: (bf) r7 = r0
08-06 20:56:12.101   639   639 W LibBpfLoader: 37: (b7) r8 = 0
08-06 20:56:12.101   639   639 W LibBpfLoader: 38: (15) if r7 == 0x0 goto pc+108
08-06 20:56:12.101   639   639 W LibBpfLoader:  R0=map_value(id=0,off=0,ks=20,vs=20,imm=0) R6=ctx(id=0,off=0,imm=0) R7=map_value(id=0,off=0,ks=20,vs=20,imm=0) R8=inv0 R10=fp0
08-06 20:56:12.101   639   639 W LibBpfLoader: 39: (61) r1 = *(u32 *)(r6 +40)
08-06 20:56:12.101   639   639 W LibBpfLoader: 40: (63) *(u32 *)(r10 -28) = r1
08-06 20:56:12.101   639   639 W LibBpfLoader: 41: (bf) r2 = r10
08-06 20:56:12.101   639   639 W LibBpfLoader: 42: (07) r2 += -28
08-06 20:56:12.101   639   639 W LibBpfLoader: 43: (18) r1 = 0xffffffc0efeb2c00
08-06 20:56:12.101   639   639 W LibBpfLoader: 45: (85) call bpf_map_lookup_elem#1
08-06 20:56:12.101   639   639 W LibBpfLoader: 46: (bf) r9 = r0
08-06 20:56:12.101   639   639 W LibBpfLoader: 47: (b7) r8 = 0
08-06 20:56:12.101   639   639 W LibBpfLoader: 48: (15) if r9 == 0x0 goto pc+98
08-06 20:56:12.101   639   639 W LibBpfLoader:  R0=map_value(id=0,off=0,ks=4,vs=48,imm=0) R6=ctx(id=0,off=0,imm=0) R7=map_value(id=0,off=0,ks=20,vs=20,imm=0) R8=inv0 R9=map_value(id=0,off=0,ks=4,vs=48,imm=0) R10=fp0
08-06 20:56:12.101   639   639 W LibBpfLoader: 49: (bf) r2 = r10
08-06 20:56:12.101   639   639 W LibBpfLoader: 50: (07) r2 += -28
08-06 20:56:12.101   639   639 W LibBpfLoader: 51: (18) r1 = 0xffffffc0efeb3000
08-06 20:56:12.101   639   639 W LibBpfLoader: 53: (85) call bpf_map_lookup_elem#1
08-06 20:56:12.101   639   639 W LibBpfLoader: 54: (15) if r0 == 0x0 goto pc+92
08-06 20:56:12.102   639   639 W LibBpfLoader:  R0=map_value(id=0,off=0,ks=4,vs=8,imm=0) R6=ctx(id=0,off=0,imm=0) R7=map_value(id=0,off=0,ks=20,vs=20,imm=0) R8=inv0 R9=map_value(id=0,off=0,ks=4,vs=48,imm=0) R10=fp0
08-06 20:56:12.102   639   639 W LibBpfLoader: 55: (69) r1 = *(u16 *)(r7 +18)
08-06 20:56:12.102   639   639 W LibBpfLoader:  R0=map_value(id=0,off=0,ks=4,vs=8,imm=0) R6=ctx(id=0,off=0,imm=0) R7=map_value(id=0,off=0,ks=20,vs=20,imm=0) R8=inv0 R9=map_value(id=0,off=0,ks=4,vs=48,imm=0) R10=fp0
08-06 20:56:12.102   639   639 W LibBpfLoader: 56: (b7) r2 = 1280
08-06 20:56:12.102   639   639 W LibBpfLoader: 57: (2d) if r2 > r1 goto pc+89
08-06 20:56:12.102   639   639 W LibBpfLoader:  R0=map_value(id=0,off=0,ks=4,vs=8,imm=0) R1=inv(id=0,umin_value=1280,umax_value=65535,var_off=(0x0; 0xffff)) R2=inv1280 R6=ctx(id=0,off=0,imm=0) R7=map_value(id=0,off=0,ks=20,vs=20,imm=0) R8=inv0 R9=map_value(id=0,off=0,ks=4,vs=48,imm=0) R10=fp0
08-06 20:56:12.102   639   639 W LibBpfLoader: 58: (b7) r4 = 1
08-06 20:56:12.102   639   639 W LibBpfLoader: 59: (61) r3 = *(u32 *)(r6 +0)
08-06 20:56:12.102   639   639 W LibBpfLoader: 60: (3d) if r1 >= r3 goto pc+10
08-06 20:56:12.102   639   639 W LibBpfLoader:  R0=map_value(id=0,off=0,ks=4,vs=8,imm=0) R1=inv(id=0,umin_value=1280,umax_value=65535,var_off=(0x0; 0xffff)) R2=inv1280 R3=inv(id=0,umax_value=4294967295,var_off=(0x0; 0xffffffff)) R4=inv1 R6=ctx(id=0,off=0,imm=0) R7=map_value(id=0,off=0,ks=20,vs=20,imm=0) R8=inv0 R9=map_value(id=0,off=0,ks=4,vs=48,imm=0) R10=fp0
08-06 20:56:12.102   639   639 W LibBpfLoader: 61: (07) r3 += -72
08-06 20:56:12.102   639   639 W LibBpfLoader: 62: (bf) r4 = r1
08-06 20:56:12.102   639   639 W LibBpfLoader: 63: (0f) r4 += r3
08-06 20:56:12.102   639   639 W LibBpfLoader: 64: (07) r4 += -73
08-06 20:56:12.102   639   639 W LibBpfLoader: 65: (07) r1 += -72
08-06 20:56:12.102   639   639 W LibBpfLoader: 66: (3f) r4 /= r1
08-06 20:56:12.102   639   639 W LibBpfLoader: 67: (bf) r1 = r4
08-06 20:56:12.102   639   639 W LibBpfLoader: 68: (27) r1 *= 72
08-06 20:56:12.102   639   639 W LibBpfLoader: 69: (0f) r1 += r3
08-06 20:56:12.102   639   639 W LibBpfLoader: 70: (bf) r3 = r1
08-06 20:56:12.102   639   639 W LibBpfLoader: 71: (79) r1 = *(u64 *)(r9 +8)
08-06 20:56:12.102   639   639 W LibBpfLoader:  R0=map_value(id=0,off=0,ks=4,vs=8,imm=0) R1=inv(id=0) R2=inv1280 R3=inv(id=0) R4=inv(id=0) R6=ctx(id=0,off=0,imm=0) R7=map_value(id=0,off=0,ks=20,vs=20,imm=0) R8=inv0 R9=map_value(id=0,off=0,ks=4,vs=48,imm=0) R10=fp0
08-06 20:56:12.102   639   639 W LibBpfLoader: 72: (0f) r1 += r3
08-06 20:56:12.102   639   639 W LibBpfLoader: 73: (79) r2 = *(u64 *)(r9 +32)
08-06 20:56:12.102   639   639 W LibBpfLoader:  R0=map_value(id=0,off=0,ks=4,vs=8,imm=0) R1=inv(id=0) R2=inv1280 R3=inv(id=0) R4=inv(id=0) R6=ctx(id=0,off=0,imm=0) R7=map_value(id=0,off=0,ks=20,vs=20,imm=0) R8=inv0 R9=map_value(id=0,off=0,ks=4,vs=48,imm=0) R10=fp0
08-06 20:56:12.102   639   639 W LibBpfLoader: 74: (0f) r1 += r2
08-06 20:56:12.102   639   639 W LibBpfLoader: 75: (79) r2 = *(u64 *)(r0 +0)
08-06 20:56:12.102   639   639 W LibBpfLoader:  R0=map_value(id=0,off=0,ks=4,vs=8,imm=0) R1=inv(id=0) R2=inv(id=0) R3=inv(id=0) R4=inv(id=0) R6=ctx(id=0,off=0,imm=0) R7=map_value(id=0,off=0,ks=20,vs=20,imm=0) R8=inv0 R9=map_value(id=0,off=0,ks=4,vs=48,imm=0) R10=fp0
08-06 20:56:12.102   639   639 W LibBpfLoader: 76: (2d) if r1 > r2 goto pc+70
08-06 20:56:12.102   639   639 W LibBpfLoader:  R0=map_value(id=0,off=0,ks=4,vs=8,imm=0) R1=inv(id=0) R2=inv(id=0) R3=inv(id=0) R4=inv(id=0) R6=ctx(id=0,off=0,imm=0) R7=map_value(id=0,off=0,ks=20,vs=20,imm=0) R8=inv0 R9=map_value(id=0,off=0,ks=4,vs=48,imm=0) R10=fp0
08-06 20:56:12.102   639   639 W LibBpfLoader: 77: (7b) *(u64 *)(r10 -48) = r4
08-06 20:56:12.102   639   639 W LibBpfLoader: 78: (7b) *(u64 *)(r10 -40) = r3
08-06 20:56:12.102   639   639 W LibBpfLoader: 79: (b7) r8 = 0
08-06 20:56:12.102   639   639 W LibBpfLoader: 80: (bf) r1 = r6
08-06 20:56:12.102   639   639 W LibBpfLoader: 81: (b7) r2 = 14
08-06 20:56:12.102   639   639 W LibBpfLoader: 82: (b7) r3 = 0
08-06 20:56:12.102   639   639 W LibBpfLoader: 83: (85) call bpf_skb_change_head#43
08-06 20:56:12.102   639   639 W LibBpfLoader: unknown func bpf_skb_change_head#43
08-06 20:56:12.102   639   639 W LibBpfLoader: 
08-06 20:56:12.102   639   639 W LibBpfLoader: bpf_prog_load - END log_buf contents.
08-06 20:56:12.102   639   639 W LibBpfLoader: failed program is marked optional - continuing...
08-06 20:56:12.102   639   639 D LibBpfLoader: cs[3].name:schedcls_ingress_tether_rawip$stub min_kver:0 .max_kver:50400 (kvers:40e62)
08-06 20:56:12.102   639   639 D LibBpfLoader: bpf_prog_load lib call for /system/etc/bpf/offload.o (schedcls_ingress_tether_rawip$stub) returned fd: 11 (no error)
08-06 20:56:12.102   639   639 I bpfloader: Loaded object: /system/etc/bpf/offload.o
08-06 20:56:12.103   639   639 D LibBpfLoader: Loading critical for netd ELF object /system/etc/bpf/clatd.o with license Apache 2.0
08-06 20:56:12.103   639   639 E LibBpfLoader: No progs section could be found in elf object
08-06 20:56:12.103   639   639 D LibBpfLoader: Loaded code section 3 (schedcls_ingress_clat_ether)
08-06 20:56:12.104   639   639 D LibBpfLoader: Loaded relo section 3 (.relschedcls/ingress/clat_ether)
08-06 20:56:12.104   639   639 D LibBpfLoader: Adding section 3 to cs list
08-06 20:56:12.104   639   639 D LibBpfLoader: Loaded code section 5 (schedcls_ingress_clat_rawip)
08-06 20:56:12.104   639   639 D LibBpfLoader: Loaded relo section 5 (.relschedcls/ingress/clat_rawip)
08-06 20:56:12.104   639   639 D LibBpfLoader: Adding section 5 to cs list
08-06 20:56:12.104   639   639 D LibBpfLoader: Loaded code section 7 (schedcls_egress_clat_ether)
08-06 20:56:12.104   639   639 D LibBpfLoader: Adding section 7 to cs list
08-06 20:56:12.104   639   639 D LibBpfLoader: Loaded code section 8 (schedcls_egress_clat_rawip)
08-06 20:56:12.105   639   639 D LibBpfLoader: Loaded relo section 8 (.relschedcls/egress/clat_rawip)
08-06 20:56:12.105   639   639 D LibBpfLoader: Adding section 8 to cs list
08-06 20:56:12.105   639   639 D LibBpfLoader: bpf_create_map name clat_ingress_map, ret: 7
08-06 20:56:12.105   639   639 D LibBpfLoader: bpf_create_map name clat_egress_map, ret: 8
08-06 20:56:12.105   639   639 D LibBpfLoader: map_fd found at 0 is 7 in /system/etc/bpf/clatd.o
08-06 20:56:12.105   639   639 D LibBpfLoader: map_fd found at 1 is 8 in /system/etc/bpf/clatd.o
08-06 20:56:12.106   639   639 D LibBpfLoader: applying relo to instruction at byte offset: 392, 	       insn offset 49 , insn 118
08-06 20:56:12.106   639   639 D LibBpfLoader: applying relo to instruction at byte offset: 352, 	       insn offset 44 , insn 118
08-06 20:56:12.106   639   639 D LibBpfLoader: applying relo to instruction at byte offset: 520, 	       insn offset 65 , insn 118
08-06 20:56:12.106   639   639 D LibBpfLoader: bpf_prog_load lib call for /system/etc/bpf/clatd.o (schedcls_ingress_clat_ether) returned fd: 9 (no error)
08-06 20:56:12.107   639   639 D LibBpfLoader: bpf_prog_load lib call for /system/etc/bpf/clatd.o (schedcls_ingress_clat_rawip) returned fd: 10 (no error)
08-06 20:56:12.107   639   639 D LibBpfLoader: bpf_prog_load lib call for /system/etc/bpf/clatd.o (schedcls_egress_clat_ether) returned fd: 11 (no error)
08-06 20:56:12.108   639   639 D LibBpfLoader: bpf_prog_load lib call for /system/etc/bpf/clatd.o (schedcls_egress_clat_rawip) returned fd: 12 (no error)
08-06 20:56:12.108   639   639 I bpfloader: Loaded object: /system/etc/bpf/clatd.o
08-06 20:56:12.119   585   628 I zn-daemon64: ** new zygote process: 643 /system/bin/app_process64 name=zygote
08-06 20:56:12.122   645   645 I zn-daemon64: ** run zygote-injector for 643: 645 ./bin/zygiskd64
08-06 20:56:12.138   585   646 I zn-daemon64: ** new zygote process: 644 /system/bin/app_process32 name=zygote_secondary
08-06 20:56:12.141   224   224 W SELinux : Multiple same specifications for pocket.
08-06 20:56:12.141   224   224 I auditd  : Multiple same specifications for pocket.
08-06 20:56:12.142   224   224 I SELinux : SELinux: Loaded service_contexts from:
08-06 20:56:12.142   224   224 I auditd  : SELinux: Loaded service_contexts from:
08-06 20:56:12.142   224   224 I SELinux :     /system/etc/selinux/plat_service_contexts
08-06 20:56:12.142   224   224 I auditd  :     /system/etc/selinux/plat_service_contexts
08-06 20:56:12.142   224   224 I SELinux :     /system_ext/etc/selinux/system_ext_service_contexts
08-06 20:56:12.142   224   224 I auditd  :     /system_ext/etc/selinux/system_ext_service_contexts
08-06 20:56:12.142   224   224 I SELinux : avc:  received policyload notice (seqno=0)
08-06 20:56:12.142   224   224 I auditd  : avc:  received policyload notice (seqno=0)
08-06 20:56:12.142   224   224 I SELinux : avc:  received policyload notice (seqno=0)
08-06 20:56:12.144   650   650 I zn-daemon64: ** run zygote-injector for 644: 650 ./bin/zygiskd32
08-06 20:56:12.146   641   641 I ServiceManager: Waiting for service 'statscompanion' on '/dev/binder'...
08-06 20:56:12.148   645   645 I zn-injector64: injecting zygote 643 (injector 645)
08-06 20:56:12.164   650   650 I zn-injector32: injecting zygote 644 (injector 650)
08-06 20:56:12.172   642   642 I netdClient: Skipping libnetd_client init since *we* are netd
08-06 20:56:12.175   642   642 I netd    : netd 1.0 starting
08-06 20:56:12.179   642   642 D TetherController: Setting IP forward enable = 0
08-06 20:56:12.231   642   642 I netd    : Creating child chains: 43208us
08-06 20:56:12.231   642   642 I netd    : Setting up OEM hooks: 370us
08-06 20:56:12.231   642   642 I netd    : Setting up FirewallController hooks: 67us
08-06 20:56:12.236   642   642 I netd    : Setting up TetherController hooks: 4490us
08-06 20:56:12.239   642   642 I netd    : Setting up BandwidthController hooks: 3449us
08-06 20:56:12.240   642   642 I netd    : Setting up IdletimerController hooks: 99us
08-06 20:56:12.247   641   641 I ServiceManager: Waiting for service 'statscompanion' on '/dev/binder'...
08-06 20:56:12.348   641   641 I chatty  : uid=1066(statsd) Binder:641_2 identical 1 line
08-06 20:56:12.449   641   641 I ServiceManager: Waiting for service 'statscompanion' on '/dev/binder'...
08-06 20:56:12.528   226   226 I SELinux : avc:  received policyload notice (seqno=0)
08-06 20:56:12.143   224   224 I auditd  : avc:  received policyload notice (seqno=0)
08-06 20:56:12.528   226   226 I auditd  : avc:  received policyload notice (seqno=0)
08-06 20:56:12.528   226   226 I SELinux : avc:  received policyload notice (seqno=0)
08-06 20:56:12.535   669   669 I HidlServiceManagement: Registered android.hidl.allocator@1.0::IAllocator/ashmem
08-06 20:56:12.536   669   669 I HidlServiceManagement: Removing namespace from process name android.hidl.allocator@1.0-service to allocator@1.0-service.
08-06 20:56:12.550   641   641 I ServiceManager: Waiting for service 'statscompanion' on '/dev/binder'...
08-06 20:56:12.528   226   226 I auditd  : avc:  received policyload notice (seqno=0)
08-06 20:56:12.579   671   671 I auditd  : type=1400 audit(0.0:23): avc: denied { read } for comm="healthd" name="type" dev="sysfs" ino=22068 scontext=u:r:healthd:s0 tcontext=u:object_r:sysfs:s0 tclass=file permissive=0
08-06 20:56:12.579   671   671 W healthd : type=1400 audit(0.0:23): avc: denied { read } for name="type" dev="sysfs" ino=22068 scontext=u:r:healthd:s0 tcontext=u:object_r:sysfs:s0 tclass=file permissive=0
08-06 20:56:12.583   671   671 W healthd : type=1400 audit(0.0:24): avc: denied { read } for name="type" dev="sysfs" ino=22068 scontext=u:r:healthd:s0 tcontext=u:object_r:sysfs:s0 tclass=file permissive=0
08-06 20:56:12.577   671   671 I health@2.0/: health@2.0/backup: Hal starting main loop...
08-06 20:56:12.577   671   671 I health@2.0/: health@2.0/backup Hal is starting up...
08-06 20:56:12.584   226   226 I hwservicemanager: getTransport: Cannot find entry android.hardware.health@1.0::IHealth/default in either framework or device manifest.
08-06 20:56:12.587   670   670 E android.system.suspend@1.0-service: SystemSuspend: Error opening /sys/class/wakeup: No such file or directory
08-06 20:56:12.588   670   670 E android.system.suspend@1.0-service: SystemSuspend: Error opening /sys/power/suspend_stats: No such file or directory
08-06 20:56:12.589   671   671 I HidlServiceManagement: Registered android.hardware.health@2.0::IHealth/backup
08-06 20:56:12.590   671   671 I health@2.0/: health@2.0/backup: Hal init done
08-06 20:56:12.609   670   670 I HidlServiceManagement: Registered android.system.suspend@1.0::ISystemSuspend/default
08-06 20:56:12.610   670   670 I HidlServiceManagement: Removing namespace from process name android.system.suspend@1.0-service to suspend@1.0-service.
08-06 20:56:12.651   641   641 I ServiceManager: Waiting for service 'statscompanion' on '/dev/binder'...
08-06 20:56:12.633   674   674 I ServiceManagement: Removing namespace from process name android.hardware.bluetooth@1.0-service.unisoc to bluetooth@1.0-service.unisoc.
08-06 20:56:12.688   674   674 I android.hardware.bluetooth@1.0-service: Registration complete for android.hardware.bluetooth@1.0::IBluetoothHci/default.
08-06 20:56:12.742   642   642 I netd    : Setting up StrictController hooks: 502661us
08-06 20:56:12.742   642   642 I ClatdController: 4.9+ kernel and device shipped with P - clat ebpf might work.
08-06 20:56:12.743   642   642 I netd    : Initializing ClatdController: 230us
08-06 20:56:12.744   642   642 I netd    : Initializing traffic control: 1365us
08-06 20:56:12.752   641   641 I ServiceManager: Waiting for service 'statscompanion' on '/dev/binder'...
08-06 20:56:12.792   642   642 I netd    : Enabling bandwidth control: 47992us
08-06 20:56:12.793   687   687 I health@2.0/: health@2.0/default: Hal starting main loop...
08-06 20:56:12.794   687   687 I health@2.0/: health@2.0/default Hal is starting up...
08-06 20:56:12.794   642   642 I netd    : Initializing RouteController: 1797us
08-06 20:56:12.794   642   642 D XfrmController: XfrmController::ipSecAddXfrmInterface, line=1377
08-06 20:56:12.794   642   642 D XfrmController: XfrmController::ipSecRemoveTunnelInterface, line=1590
08-06 20:56:12.794   642   642 D XfrmController: deviceName=ipsec_test
08-06 20:56:12.794   642   642 D XfrmController: Sending Netlink XFRM Message: XFRM_MSG_FLUSHSA
08-06 20:56:12.794   642   642 D XfrmController: Sending Netlink XFRM Message: XFRM_MSG_FLUSHPOLICY
08-06 20:56:12.794   642   642 I netd    : Initializing XfrmController: 505us
08-06 20:56:12.795   642   642 I libnetd_resolv: resolv_init: Initializing resolver
08-06 20:56:12.583   671   671 I auditd  : type=1400 audit(0.0:24): avc: denied { read } for comm="healthd" name="type" dev="sysfs" ino=22068 scontext=u:r:healthd:s0 tcontext=u:object_r:sysfs:s0 tclass=file permissive=0
08-06 20:56:12.791   687   687 I auditd  : type=1400 audit(0.0:25): avc: denied { read } for comm="android.hardwar" name="type" dev="sysfs" ino=22068 scontext=u:r:hal_health_default:s0 tcontext=u:object_r:sysfs:s0 tclass=file permissive=0
08-06 20:56:12.791   687   687 W android.hardwar: type=1400 audit(0.0:25): avc: denied { read } for name="type" dev="sysfs" ino=22068 scontext=u:r:hal_health_default:s0 tcontext=u:object_r:sysfs:s0 tclass=file permissive=0
08-06 20:56:12.798   687   687 I ServiceManagement: Removing namespace from process name android.hardware.health@2.0-service to health@2.0-service.
08-06 20:56:12.802   679   679 D android.hardware.drm@1.0-service: android.hardware.drm@1.0-service starting...
08-06 20:56:12.820   687   687 I health@2.0/: health@2.0/default: Hal init done
08-06 20:56:12.826   678   678 W android.hardware.configstore@1.1-service: libminijail[678]: allowing syscall: connect
08-06 20:56:12.826   678   678 W android.hardware.configstore@1.1-service: libminijail[678]: allowing syscall: fcntl
08-06 20:56:12.826   678   678 W android.hardware.configstore@1.1-service: libminijail[678]: allowing syscall: sendto
08-06 20:56:12.826   678   678 W android.hardware.configstore@1.1-service: libminijail[678]: allowing syscall: socket
08-06 20:56:12.826   678   678 W android.hardware.configstore@1.1-service: libminijail[678]: allowing syscall: writev
08-06 20:56:12.835   678   678 W android.hardware.configstore@1.1-service: libminijail[678]: logging seccomp filter failures
08-06 20:56:12.835   680   680 D android.hardware.drm@1.1-service.clearkey: android.hardware.drm@1.1-service.clearkey starting...
08-06 20:56:12.836   678   678 I ServiceManagement: Removing namespace from process name android.hardware.configstore@1.1-service to configstore@1.1-service.
08-06 20:56:12.839   680   680 I ServiceManagement: Removing namespace from process name android.hardware.drm@1.1-service.clearkey to drm@1.1-service.clearkey.
08-06 20:56:12.850   680   680 I ServiceManagement: Removing namespace from process name android.hardware.drm@1.1-service.clearkey to drm@1.1-service.clearkey.
08-06 20:56:12.851   679   679 I ServiceManagement: Removing namespace from process name android.hardware.drm@1.0-service to drm@1.0-service.
08-06 20:56:12.853   641   641 I ServiceManager: Waiting for service 'statscompanion' on '/dev/binder'...
08-06 20:56:12.858   691   691 I ServiceManagement: Removing namespace from process name vendor.sprd.hardware.connmgr@1.0-service to connmgr@1.0-service.
08-06 20:56:12.858   679   679 I android.hardware.drm@1.0-service: Registration complete for android.hardware.drm@1.0::IDrmFactory/default.
08-06 20:56:12.859   691   691 I vendor.sprd.hardware.IConnmgr@1.0-service: Registration complete for vendor.sprd.hardware.connmgr@1.0::IConnmgr/default.
08-06 20:56:12.860   679   679 I ServiceManagement: Removing namespace from process name android.hardware.drm@1.0-service to drm@1.0-service.
08-06 20:56:12.862   693   693 D vendor.sprd.hardware.IIfaa@1.0-service: Enter ifaa HAL...
08-06 20:56:12.868   679   679 I android.hardware.drm@1.0-service: Registration complete for android.hardware.drm@1.0::ICryptoFactory/default.
08-06 20:56:12.884   693   693 D Ifaa[HIDL]: after hw_get_module_by_class, ret = 0
08-06 20:56:12.884   693   693 D Ifaa[HIDL]: before ifaa_open.
08-06 20:56:12.884   693   693 D [CA]IFAA: trusty_ifaa_open...
08-06 20:56:12.884   693   693 D [CA]IFAA: Begin TrustyIfaaDevice...
08-06 20:56:12.884   693   693 D [CA]IFAA: setIfaaDeviceVendor: hex_value = 0x08
08-06 20:56:12.884   693   693 D [CA]IFAA: Before write msg to TA >>>.
08-06 20:56:12.884   693   693 D [CA]IFAA: After write msg to TA <<<.
08-06 20:56:12.884   693   693 D [CA]IFAA: After read msg from TA =====.
08-06 20:56:12.884   693   693 D Ifaa[HIDL]: after ifaa_open.
08-06 20:56:12.885   693   693 I ServiceManagement: Removing namespace from process name vendor.sprd.hardware.ifaa@1.0-service to ifaa@1.0-service.
08-06 20:56:12.891   693   693 I vendor.sprd.hardware.IIfaa@1.0-service: Registration complete for vendor.sprd.hardware.ifaa@1.0::IIfaa/default.
08-06 20:56:12.909   692   692 I ServiceManagement: Removing namespace from process name vendor.sprd.hardware.cplog_connmgr@1.0-service to cplog_connmgr@1.0-service.
08-06 20:56:12.912   690   690 E light   : light_open lights bluetooth failed: -22
08-06 20:56:12.912   690   690 E light   : Light passthrough failed to load legacy HAL.
08-06 20:56:12.913   690   690 E light   : light_open lights wifi failed: -22
08-06 20:56:12.913   690   690 E light   : Light passthrough failed to load legacy HAL.
08-06 20:56:12.915   692   692 I vendor.sprd.hardware.cplog_connmgr@1.0-service: Registration complete for vendor.sprd.hardware.cplog_connmgr@1.0::IConnectControl/default.
08-06 20:56:12.916   690   690 I vendor.sprd.hardware.combined@1.0-service: Registration complete for android.hardware.light@2.0::ILight/default.
08-06 20:56:12.925   675   675 I android.hardware.camera.provider@2.4-service: Camera provider Service is starting.
08-06 20:56:12.935   676   676 D android.hardware.cas@1.0-service: android.hardware.cas@1.0-service starting...
08-06 20:56:12.936   689   689 I android.hardware.wifi@1.0-service: Wifi Hal is booting up...
08-06 20:56:12.937   689   689 I ServiceManagement: Removing namespace from process name android.hardware.wifi@1.0-service to wifi@1.0-service.
08-06 20:56:12.937   688   688 I ServiceManagement: Removing namespace from process name android.hardware.usb@1.1-service to usb@1.1-service.
08-06 20:56:12.939   694   694 D CmdListener: open ylog_cli_cmd success,socket is : 5
08-06 20:56:12.945   676   676 I ServiceManagement: Removing namespace from process name android.hardware.cas@1.0-service to cas@1.0-service.
08-06 20:56:12.944   696   696 D NetworkHAL: ******** Enter network HAL start...
08-06 20:56:12.955   683   683 I ServiceManagement: Removing namespace from process name android.hardware.gatekeeper@1.0-service to gatekeeper@1.0-service.
08-06 20:56:12.956   641   641 I ServiceManager: Waiting for service 'statscompanion' on '/dev/binder'...
08-06 20:56:12.957   694   694 I ServiceManagement: Removing namespace from process name vendor.sprd.hardware.log@1.0-service to log@1.0-service.
08-06 20:56:12.957   688   688 I android.hardware.usb@1.0-service: USB HAL Ready.
08-06 20:56:12.966   683   683 I android.hardware.gatekeeper@1.0-service: Registration complete for android.hardware.gatekeeper@1.0::IGatekeeper/default.
08-06 20:56:12.974   681   681 D android.hardware.drm@1.0-service.widevine: android.hardware.drm@1.1-service.widevine starting...
08-06 20:56:12.975   681   681 I ServiceManagement: Removing namespace from process name android.hardware.drm@1.1-service.widevine to drm@1.1-service.widevine.
08-06 20:56:12.981   696   696 D NetworkHAL: open ext_data success,socket is : 7
08-06 20:56:12.983   709   709 E GNSS_DAEMON: main: gnss daemon begin to work in androido . 22 
08-06 20:56:12.984   694   694 I vendor.sprd.hardware.ILogControl@1.0-service: Registration complete for vendor.sprd.hardware.log@1.0::ILogControl/default.
08-06 20:56:12.985   672   672 I HidlServiceManagement: Registered android.hardware.graphics.composer@2.3::IComposer/vr
08-06 20:56:12.990   696   696 I ServiceManagement: Removing namespace from process name vendor.sprd.hardware.network@1.0-service to network@1.0-service.
08-06 20:56:12.991   681   681 I ServiceManagement: Removing namespace from process name android.hardware.drm@1.1-service.widevine to drm@1.1-service.widevine.
08-06 20:56:12.992   696   696 I NetworkHAL: Registration complete for vendor.sprd.hardware.network@1.0::INetworkControl/default.
08-06 20:56:12.994   696   723 E NetworkHAL: warning: connect to modemd failed, wait to try again ...
08-06 20:56:13.000   684   684 I ServiceManagement: Removing namespace from process name android.hardware.graphics.allocator@2.0-service to allocator@2.0-service.
08-06 20:56:13.008   684   684 I android.hardware.graphics.allocator@2.0-service: Registration complete for android.hardware.graphics.allocator@2.0::IAllocator/default.
08-06 20:56:13.012   673   673 I ServiceManagement: Removing namespace from process name android.hardware.audio@2.0-service to audio@2.0-service.
08-06 20:56:13.015   673   673 I audiohalservice: Registration complete for android.hardware.audio@4.0::IDevicesFactory/default.
08-06 20:56:13.056   641   641 I ServiceManager: Waiting for service 'statscompanion' on '/dev/binder'...
08-06 20:56:13.061   673   673 I audiohalservice: Registration complete for android.hardware.audio.effect@4.0::IEffectsFactory/default.
08-06 20:56:13.066   686   686 D SPRDHWComposer: SprdDrm:: GetConfigs , [0]
08-06 20:56:13.066   733   733 D MODEMD  : start switchUser!!!
08-06 20:56:13.067   686   686 I SPRDHWComposer: SprdDrm:: setActiveConfig: 0
08-06 20:56:13.067   686   686 I SPRDHWComposer: Create blob_id: 86
08-06 20:56:13.067   733   733 E MODEMD  : ro.vendor.radio.modemtype = l
08-06 20:56:13.067   686   686 I SPRDHWComposer: SprdDrm:: Init success find interface num: 0
08-06 20:56:13.070   733   738 D MODEMD  : modemd_listenaccept_thread: Waiting for new connect ...
08-06 20:56:13.070   733   740 D MODEMD  : modemd_listen_read_thread: enter
08-06 20:56:13.070   733   740 D MODEMD  : modemd_listen_read_thread: begin select
08-06 20:56:13.072   686   686 I GSP     : open gsp device module
08-06 20:56:13.072   686   686 I GSP     : gsp device version: LITE_R3P0, io count: 7, fd: 18
08-06 20:56:13.072   686   686 I GSP     : original crop max[0 0 8191 8191], crop min[0 0 4 4]
08-06 20:56:13.073   686   686 I GSP     : original out_max[0 0 8191 8191], out_min[0 0 4 4]
08-06 20:56:13.073   686   686 I GSP     : assign crop max[0 0 8191 8191], crop min[0 0 4 4]
08-06 20:56:13.073   686   686 I GSP     : assgin out_max[0 0 8191 8191], out_min[0 0 4 4]
08-06 20:56:13.073   686   686 I GSP     : create GspLiteR3P0PlaneImage
08-06 20:56:13.073   686   686 I GSP     : crop max[0 0 8191 8191], crop min[0 0 4 4]
08-06 20:56:13.073   686   686 I GSP     : out_max[0 0 8191 8191], out_min[0 0 4 4]
08-06 20:56:13.073   686   686 I GSP     : scale range up: 64, scale range down: 1
08-06 20:56:13.073   686   686 I GSP     : odd support: 1
08-06 20:56:13.073   686   686 I GSP     : up_down_sametime support: 1
08-06 20:56:13.073   686   686 I GSP     : vidoe max size: 1
08-06 20:56:13.073   686   686 I GSP     : assign crop max[0 0 8191 8191], crop min[0 0 4 4]
08-06 20:56:13.073   686   686 I GSP     : assgin out_max[0 0 8191 8191], out_min[0 0 4 4]
08-06 20:56:13.073   686   686 I GSP     : crop max[0 0 8191 8191], crop min[0 0 4 4]
08-06 20:56:13.073   686   686 I GSP     : out_max[0 0 8191 8191], out_min[0 0 4 4]
08-06 20:56:13.073   686   686 I GSP     : create GspLiteR3P0PlaneOsd
08-06 20:56:13.073   686   686 I GSP     : assign crop max[0 0 8191 8191], crop min[0 0 4 4]
08-06 20:56:13.073   686   686 I GSP     : assgin out_max[0 0 8191 8191], out_min[0 0 4 4]
08-06 20:56:13.073   686   686 I GSP     : crop max[0 0 8191 8191], crop min[0 0 4 4]
08-06 20:56:13.073   686   686 I GSP     : out_max[0 0 8191 8191], out_min[0 0 4 4]
08-06 20:56:13.073   686   686 I GSP     : create GspLiteR3P0PlaneOsd
08-06 20:56:13.073   686   686 I GSP     : create GspLiteR3P0PlaneDst
08-06 20:56:13.074   226   226 I hwservicemanager: getTransport: Cannot find entry android.hardware.soundtrigger@2.1::ISoundTriggerHw/default in either framework or device manifest.
08-06 20:56:13.076   673   673 E audiohalservice: Could not get passthrough implementation for android.hardware.soundtrigger@2.1::ISoundTriggerHw/default.
08-06 20:56:13.076   733   739 D MODEMD  : detect_modem_control: try to connect socket control_modem...
08-06 20:56:13.077   686   686 I DPUModule: dpu_device_open: open dpu device module
08-06 20:56:13.077   686   686 I DPUModule: dpu max layers:4
08-06 20:56:13.077   686   686 I DPUModule: get dpu version: dpu-lite-r2p0. length:14
08-06 20:56:13.077   686   686 D DPUModule: dpu_version: dpu-lite-r2p0 (13)
08-06 20:56:13.077   686   686 D DPUModule: Found dpu core: 4 (dpu-lite-r2p0)
08-06 20:56:13.078   686   686 I ServiceManagement: Removing namespace from process name android.hardware.graphics.composer@2.1-service to composer@2.1-service.
08-06 20:56:13.085   686   686 I android.hardware.graphics.composer@2.1-service: Registration complete for android.hardware.graphics.composer@2.1::IComposer/default.
08-06 20:56:13.085   708   708 D android.hardware.power@3.0-impl: Enter Power: mModule:0x7cd5de8430, mDebugFlags:1
08-06 20:56:13.085   708   708 D android.hardware.power@3.0-impl: Power: mModule init()
08-06 20:56:13.086   708   708 D PowerHAL: size:976932 + 722936
08-06 20:56:13.089   673   673 E SoundTriggerHalImpl: couldn't load sound trigger module sound_trigger.primary (No such file or directory)
08-06 20:56:13.094   673   673 I audiohalservice: Registration complete for android.hardware.soundtrigger@2.0::ISoundTriggerHw/default.
08-06 20:56:13.106   673   673 I audiohalservice: Registration complete for android.hardware.bluetooth.a2dp@1.0::IBluetoothAudioOffload/default.
08-06 20:56:13.109   734   734 I storageproxyd: ss filesystem: rpmb
08-06 20:56:13.109   734   734 I storageproxyd: trusty dev: /dev/trusty-ipc-dev0
08-06 20:56:13.111   734   734 I storageproxyd: start storageproxyd in fs rpmb
08-06 20:56:13.121   734   734 E storageproxyd: rpmb don't program key
08-06 20:56:13.121   585   586 I zn-daemon64: [zn-zygisk-loader32,0,644,644]Zygisk library injected, version 1.4.4-831-98fd9c6-release, tango=false,exp_hook
08-06 20:56:13.122   585   586 I zn-daemon64: [zn-zygisk-loader32,0,644,644]Start hooking
08-06 20:56:13.125   735   735 D tsupplicant: [TSuppl_Initialize(): tipc_connect() handle_ = 3 ]
08-06 20:56:13.159   708   708 D PowerHAL: 0x00000001 0x00000000 vsync
08-06 20:56:13.159   708   708 D PowerHAL: 0x00000002 0x00000000 interaction_other
08-06 20:56:13.159   708   708 D PowerHAL: 0x00000003 0x00000000 video_encode
08-06 20:56:13.159   708   708 D PowerHAL: 0x00000004 0x00000000 video_decode
08-06 20:56:13.160   708   708 D PowerHAL: 0x00000005 0x00000000 low_power
08-06 20:56:13.160   708   708 D PowerHAL: 0x00000006 0x00000000 sustained_performance
08-06 20:56:13.160   708   708 D PowerHAL: 0x00000007 0x00000000 vr_mode
08-06 20:56:13.160   708   708 D PowerHAL: 0x00000008 0x00000000 launch
08-06 20:56:13.160   708   708 D PowerHAL: 0x00000009 0x00000000 disable_touch
08-06 20:56:13.160   708   708 D PowerHAL: 0x7f000001 0x00000000 benchmark
08-06 20:56:13.160   708   708 D PowerHAL: 0x7f000002 0x00000000 video_sync
08-06 20:56:13.160   708   708 D PowerHAL: 0x7f000003 0x00000000 video_60fps
08-06 20:56:13.160   708   708 D PowerHAL: 0x7f000004 0x00000000 video_1080p
08-06 20:56:13.160   708   708 D PowerHAL: 0x7f000005 0x00000000 mp4_playback
08-06 20:56:13.160   708   708 D PowerHAL: 0x7f000006 0x00000000 screenof_mp3_playback
08-06 20:56:13.160   708   708 D PowerHAL: 0x7f000007 0x00000000 camera_perf
08-06 20:56:13.160   708   708 D PowerHAL: 0x7f000008 0x00000000 camera_lowpower
08-06 20:56:13.160   708   708 D PowerHAL: 0x7f000009 0x00000000 camera_high_perf
08-06 20:56:13.160   708   708 D PowerHAL: 0x7f00000a 0x00000000 performance_gts
08-06 20:56:13.160   708   708 D PowerHAL: 0x7f00000b 0x00000000 performance_cts
08-06 20:56:13.160   708   708 D PowerHAL: 0x7f00000c 0x00000000 performance
08-06 20:56:13.160   708   708 D PowerHAL: 0x7f00000d 0x00000000 performance_max
08-06 20:56:13.160   708   708 D PowerHAL: 0x7f00000e 0x00000000 radio_call
08-06 20:56:13.160   708   708 D PowerHAL: 0x7f00000f 0x00000000 radio_nviot
08-06 20:56:13.160   708   708 D PowerHAL: 0x7f000010 0x00000000 bt_download
08-06 20:56:13.160   708   708 D PowerHAL: 0x7f000011 0x00000000 gts_memory
08-06 20:56:13.160   708   708 D PowerHAL: 0x7f000012 0x00000000 gts_memory_pss
08-06 20:56:13.160   708   708 D PowerHAL: 0x7f000013 0x00000000 vm_fault_around
08-06 20:56:13.160   708   708 D PowerHAL: 0x7f000014 0x00000000 temp_ctrl
08-06 20:56:13.160   708   708 D PowerHAL: 0x7f000015 0x00000000 screen_rotation
08-06 20:56:13.160   708   708 D PowerHAL: 0x7f000016 0x00000000 audio_playback
08-06 20:56:13.160   708   708 D PowerHAL: 0x7f000017 0x00000000 video_1
08-06 20:56:13.160   708   708 D PowerHAL: 0x7f000018 0x00000000 video_2
08-06 20:56:13.160   708   708 D PowerHAL: 0x7f000019 0x00000000 video_3
08-06 20:56:13.161   708   708 D PowerHAL: 0x7f00001a 0x00000000 video_4
08-06 20:56:13.161   708   708 D PowerHAL: 0x7f00001b 0x00000000 ddr
08-06 20:56:13.161   708   708 D PowerHAL: 0x7f00001c 0x00000000 camera_lowpower_1
08-06 20:56:13.161   708   708 D PowerHAL: 0x7f000101 0x00000000 interaction_touch
08-06 20:56:13.161   708   708 D PowerHAL: 0x7f000102 0x00000000 interaction_launch
08-06 20:56:13.161   708   708 D PowerHAL: 0x7f000103 0x00000000 interaction_fling
08-06 20:56:13.161   708   708 D PowerHAL: 0x7f000104 0x00000000 fling_1
08-06 20:56:13.161   708   708 D PowerHAL: 0x7f000105 0x00000000 interaction_button
08-06 20:56:13.161   708   708 D PowerHAL: 0x7f000106 0x00000000 interaction_wakeup
08-06 20:56:13.161   708   708 D PowerHAL: 0x7fff0000 0x00000000 normal
08-06 20:56:13.161   708   708 D PowerHAL: 0x7fff0001 0x00000000 low_power
08-06 20:56:13.161   708   708 D PowerHAL: 0x7fff0002 0x00000000 power_save
08-06 20:56:13.161   708   708 D PowerHAL: 0x7fff0003 0x00000000 ultra_power_save
08-06 20:56:13.161   708   708 D PowerHAL: 0x7fff0004 0x00000000 performance
08-06 20:56:13.161   708   708 D PowerHAL: 0x7fff0030 0x00000000 screen_on
08-06 20:56:13.161   708   708 D PowerHAL: 0x7fff0031 0x00000000 screen_off
08-06 20:56:13.161   708   708 D PowerHAL: 0x7fff0020 0x00000000 com.vectorunit.redcmgeplaycn.anzhi
08-06 20:56:13.161   708   708 D PowerHAL: 0x7fff0020 0x00000000 com.vectorunit.redcmgeplaycn
08-06 20:56:13.161   708   708 D PowerHAL: 0x7fff0021 0x00000000 com.rovio.angrybirds.badk
08-06 20:56:13.161   708   708 D PowerHAL: 0x7fff0022 0x00000000 com.futuremark.pcmark.android.benchmark
08-06 20:56:13.161   708   708 D PowerHAL: 0x7fff0023 0x00000000 com.andromeda.androbench2
08-06 20:56:13.165   730   730 D ENGPC   : engpcclient start!!!!!
08-06 20:56:13.166   730   730 D ENGPC   : engpcclient runtype:pppd, atPath:/dev/ttyGS0, diagPath:/dev/vser, logPath:, type: 1
08-06 20:56:13.167   641   641 I ServiceManager: Waiting for service 'statscompanion' on '/dev/binder'...
08-06 20:56:13.173   730   730 D ENGPC   : cali_mulitvser_init persist.vendor.cali.mulitvser.enable=not_find 
08-06 20:56:13.173   730   730 D ENGPC   : eng_pcclient: cmdline earlycon=sprd_serial,0x70100000,115200n8 console=ttyS1,115200n8 loop.max_part=7 loglevel=1  swiotlb=1 init=/init root=/dev/mmcblk0p33 rootfstype=ext4 ro rootwait androidboot.hardware=uws6152_1h10_go androidboot.dtbo_idx=0 printk.devkmsg=on lcd_id=ID5300 lcd_name=lcd_co5300_mipi_410x502_qc_hd lcd_base=9eb0c000 lcd_size=502x408 pixel_clock=13800000 logo_bpix=8  sysdump_magic=85500000 modem=shutdown ltemode=lcsfb rfboard.id=0 rfhw.id=40 crystal=4 32k.less=0 androidboot.pmic.chipid=2730 modemboot.method=emmcboot  androidboot.verifiedbootstate=green androidboot.flash.locked=1  androidboot.serialno=59494650307722
08-06 20:56:13.173   730   730 D ENGPC   : 
08-06 20:56:13.173   730   730 D ENGPC   : eng_parse_cmdline: str: (null)
08-06 20:56:13.173   730   730 D ENGPC   : eng_pcclient califlag=0 
08-06 20:56:13.173   730   730 D ENGPC   : cmdparam.connect_type=1
08-06 20:56:13.173   730   730 D ENGPC   : eng_get_modem_int: type = pppd
08-06 20:56:13.173   730   730 D ENGPC   : eng_get_modem_int ro.vendor.modem.diag diag_chan:/dev/sdiag_lte
08-06 20:56:13.173   730   730 D ENGPC   : eng_get_modem_int ro.vendor.modem.tty at_chan:/dev/stty_lte
08-06 20:56:13.173   730   730 D ENGPC   : eng_get_modem_int ro.vendor.modem.log log_chan:/dev/slog_lte
08-06 20:56:13.173   730   730 D ENGPC   : eng_pcclient: modem at chan: /dev/stty_lte31, modem diag chan: /dev/sdiag_lte, modem log chan: /dev/slog_lte
08-06 20:56:13.174   730   730 D ENGPC   : apcali_init ro.vendor.modem.support=1
08-06 20:56:13.174   730   730 D ENGPC   : dcxsrv start............111
08-06 20:56:13.174   730   730 D ENGPC   : cplogctrl_init persist.vendor.modem.log_dest=0, persist.vendor.wcn.log_dest=0
08-06 20:56:13.174   730   730 D ENGPC   : cplogctrl_init modemlog_to_pc=0, wcnlog_to_pc=0
08-06 20:56:13.175   708   742 D PowerHAL: sprd_timer_create: timer_id=0x7d86233750
08-06 20:56:13.175   730   741 D ENGPC   : open serial
08-06 20:56:13.175   690   690 D vendor.sprd.hardware.combined@1.0-service: Vibrator using force feedback
08-06 20:56:13.176   708   742 D PowerHAL: sprd_timer_create: timer_id=0x7d86233a50
08-06 20:56:13.176   708   742 D PowerHAL: sprd_timer_create: timer_id=0x7d86233d10
08-06 20:56:13.176   708   742 D PowerHAL: sprd_timer_create: timer_id=0x7d86233690
08-06 20:56:13.176   708   742 D PowerHAL: sprd_timer_create: timer_id=0x7d86233b10
08-06 20:56:13.176   708   742 D PowerHAL: sprd_timer_create: timer_id=0x7d86233250
08-06 20:56:13.176   708   742 D PowerHAL: sprd_timer_create: timer_id=0x7d86233010
08-06 20:56:13.176   708   742 D PowerHAL: sprd_timer_create: timer_id=0x7d86233390
08-06 20:56:13.176   708   742 D PowerHAL: sprd_timer_create: timer_id=0x7d86234a90
08-06 20:56:13.176   708   742 D PowerHAL: sprd_timer_create: timer_id=0x7d86234410
08-06 20:56:13.176   708   742 D PowerHAL: sprd_timer_create: timer_id=0x7d862343d0
08-06 20:56:13.176   708   742 D PowerHAL: sprd_timer_create: timer_id=0x7d86234090
08-06 20:56:13.176   708   742 D PowerHAL: sprd_timer_create: timer_id=0x7d862347d0
08-06 20:56:13.176   730   743 D ENGPC   : wait for command / byte stream
08-06 20:56:13.180   708   708 I ServiceManagement: Removing namespace from process name vendor.sprd.hardware.power@3.0-service to power@3.0-service.
08-06 20:56:13.185   708   708 I vendor.sprd.hardware.power@3.0-service: Registration complete for vendor.sprd.hardware.power@3.0::IPower/default.
08-06 20:56:13.186   690   690 I vendor.sprd.hardware.combined@1.0-service: Registration complete for android.hardware.vibrator@1.0::IVibrator/default.
08-06 20:56:13.201   736   736 E fsverity_init: Failed to find .fs-verity keyring id
08-06 20:56:13.208   690   690 I vendor.sprd.hardware.combined@1.0-service: Registration complete for android.hardware.memtrack@1.0::IMemtrack/default.
08-06 20:56:13.212   732   732 D MODEM_CTRL: >>>>>> start modem control main task!
08-06 20:56:13.213   732   732 D MODEM_CTRL: main: mode = 0!
08-06 20:56:13.213   732   732 D MODEM_CTRL: switchUserToSystem
08-06 20:56:13.213   732   732 D MODEM_CTRL: modem_ctrl_int_modem_type: modem type is l
08-06 20:56:13.215   732   732 D MODEM_CTRL: modem_init_cp_load_info
08-06 20:56:13.215   732   732 D MODEM_CTRL: modem_init_cp_load_info: modem type = 0x7878
08-06 20:56:13.215   732   732 D MODEM_CTRL: modem_init_cp_load_info: nvp_name is persist.vendor.modem.nvp, prop_nvp is l_
08-06 20:56:13.215   732   732 D MODEM_CTRL: modem_init_cp_load_info: path_read is /dev/block/platform/soc/soc:ap-apb/71400000.sdio/by-name/
08-06 20:56:13.215   732   732 D MODEM_CTRL: modem_init_cp_load_info: cproc_prop is ro.vendor.modem.dev, path_write is /proc/cptl/
08-06 20:56:13.215   732   732 D MODEM_CTRL: modem_init_sp_load_info: path_read is /dev/block/platform/soc/soc:ap-apb/71400000.sdio/by-name/
08-06 20:56:13.216   732   732 D MODEM_CTRL: modem_init_load_node_info
08-06 20:56:13.216   732   732 D MODEM_CTRL: get_load_node_info: <pm_sys, 0x800000, 0x3b000>
08-06 20:56:13.216   732   732 D MODEM_CTRL: get_load_node_info: <cali_lib, 0x83b000, 0x5000>
08-06 20:56:13.216   732   732 D MODEM_CTRL: get_load_node_info: <cdsp, 0x8d480000, 0x100000>
08-06 20:56:13.216   732   732 D MODEM_CTRL: get_load_node_info: <ldsp, 0x89aa8000, 0x750000>
08-06 20:56:13.216   732   732 D MODEM_CTRL: get_load_node_info: <gdsp, 0x89620000, 0x440000>
08-06 20:56:13.216   732   732 D MODEM_CTRL: get_load_node_info: <runnv, 0x8c820000, 0x120000>
08-06 20:56:13.216   732   732 D MODEM_CTRL: get_load_node_info: <fixnv, 0x8c720000, 0x100000>
08-06 20:56:13.216   732   732 D MODEM_CTRL: get_load_node_info: <deltanv, 0x8a7e0000, 0x20000>
08-06 20:56:13.216   732   732 D MODEM_CTRL: get_load_node_info: <cpcmdline, 0x8a7d0000, 0x800>
08-06 20:56:13.216   732   732 D MODEM_CTRL: get_load_node_info: <modem, 0x8a880000, 0x1380000>
08-06 20:56:13.216   732   732 D MODEM_CTRL: modem_correct_modem_info:modem_node_num = 10
08-06 20:56:13.216   732   732 D MODEM_CTRL: modem_correct_image: table[0]: w_path=/proc/cptl/modem, addr=0x0, size=0x1400000
08-06 20:56:13.216   732   732 D MODEM_CTRL: modem_correct_image: modem addr 0x0 ==> 0x8a880000, size 0x1400000 ==> 0x1380000
08-06 20:56:13.216   732   732 D MODEM_CTRL: modem_correct_image: table[1]: w_path=/proc/cptl/deltanv, addr=0x0, size=0x100000
08-06 20:56:13.216   732   732 D MODEM_CTRL: modem_correct_image: deltanv addr 0x0 ==> 0x8a7e0000, size 0x100000 ==> 0x20000
08-06 20:56:13.216   732   732 D MODEM_CTRL: modem_correct_image: table[2]: w_path=, addr=0x0, size=0x0
08-06 20:56:13.216   732   732 D MODEM_CTRL: modem_correct_image: table[3]: w_path=/proc/cptl/gdsp, addr=0x0, size=0x510000
08-06 20:56:13.216   732   732 D MODEM_CTRL: modem_correct_image: gdsp addr 0x0 ==> 0x89620000, size 0x510000 ==> 0x440000
08-06 20:56:13.216   732   732 D MODEM_CTRL: modem_correct_image: table[4]: w_path=/proc/cptl/ldsp, addr=0x0, size=0xc00000
08-06 20:56:13.217   732   732 D MODEM_CTRL: modem_correct_image: ldsp addr 0x0 ==> 0x89aa8000, size 0xc00000 ==> 0x750000
08-06 20:56:13.217   732   732 D MODEM_CTRL: modem_correct_image: table[5]: w_path=/proc/cptl/cdsp, addr=0x0, size=0x100000
08-06 20:56:13.217   732   732 D MODEM_CTRL: modem_correct_image: cdsp addr 0x0 ==> 0x8d480000, size 0x100000 ==> 0x100000
08-06 20:56:13.217   732   732 D MODEM_CTRL: modem_correct_image: table[6]: w_path=/proc/cptl/warm, addr=0x0, size=0x500000
08-06 20:56:13.217   732   732 D MODEM_CTRL: modem_correct_image: table[7]: w_path=/proc/cptl/cpcmdline, addr=0x0, size=0x1000
08-06 20:56:13.217   732   732 D MODEM_CTRL: modem_correct_image: cpcmdline addr 0x0 ==> 0x8a7d0000, size 0x1000 ==> 0x800
08-06 20:56:13.217   732   732 D MODEM_CTRL: modem_correct_image: table[8]: w_path=/proc/cptl/fixnv, addr=0x0, size=0x100000
08-06 20:56:13.217   732   732 D MODEM_CTRL: modem_correct_image: fixnv addr 0x0 ==> 0x8c720000, size 0x100000 ==> 0x100000
08-06 20:56:13.217   732   732 D MODEM_CTRL: modem_correct_image: table[9]: w_path=/proc/cptl/runnv, addr=0x0, size=0x200000
08-06 20:56:13.217   732   732 D MODEM_CTRL: modem_correct_image: runnv addr 0x0 ==> 0x8c820000, size 0x200000 ==> 0x120000
08-06 20:56:13.217   732   732 D MODEM_CTRL: modem_correct_image: table[0]: w_path=/proc/pmic/pm_sys, addr=0x0, size=0x100000
08-06 20:56:13.217   732   732 D MODEM_CTRL: modem_correct_image: pm_sys addr 0x0 ==> 0x800000, size 0x100000 ==> 0x3b000
08-06 20:56:13.217   732   732 D MODEM_CTRL: parse xml, path is /vendor/etc/modem_cp_info.xml
08-06 20:56:13.217   732   732 D MODEM_CTRL: unsupport xml, path is /vendor/etc/modem_cp_info.xml
08-06 20:56:13.217   732   732 D MODEM_CTRL: xml to load info, img = 0
08-06 20:56:13.217   732   732 D MODEM_CTRL: parse xml, path is /vendor/etc/modem_sp_info.xml
08-06 20:56:13.217   732   732 D MODEM_CTRL: unsupport xml, path is /vendor/etc/modem_sp_info.xml
08-06 20:56:13.217   732   732 D MODEM_CTRL: xml to load info, img = 1
08-06 20:56:13.217   732   732 D MODEM_CTRL: modem_head_correct_load_info
08-06 20:56:13.218   732   745 D MODEM_CTRL: enter modem_ctrl_listen_sp
08-06 20:56:13.219   732   732 D MODEM_CTRL: Modem SCI offset: 0x7237a0!
08-06 20:56:13.219   732   732 D MODEM_CTRL: secure_boot_get_patiton_info: image[modem], normal_offset=0x7237a0, load_offset=0x7237a0, load_size=0x105cce0
08-06 20:56:13.219   732   732 D MODEM_CTRL: modem_head_construct_img: magic = 0x5043454d
08-06 20:56:13.220   732   732 D MODEM_CTRL: modem_head_old_construct: name=modem, base=0x8a880000, size=0x1380000!
08-06 20:56:13.220   732   732 D MODEM_CTRL: modem_head_old_construct: name=cpcmdline, base=0x8a7d0000, size=0x800!
08-06 20:56:13.220   732   732 D MODEM_CTRL: modem_head_old_construct: name=deltanv, base=0x8a7e0000, size=0x20000!
08-06 20:56:13.220   732   732 D MODEM_CTRL: modem_head_old_construct: name=fixnv, base=0x8c720000, size=0x100000!
08-06 20:56:13.220   732   732 D MODEM_CTRL: modem_head_old_construct: name=runnv, base=0x8c820000, size=0x120000!
08-06 20:56:13.220   732   732 D MODEM_CTRL: modem_head_old_construct: name=gdsp, base=0x89620000, size=0x440000!
08-06 20:56:13.220   732   732 D MODEM_CTRL: modem_head_old_construct: name=ldsp, base=0x89aa8000, size=0x750000!
08-06 20:56:13.220   732   732 D MODEM_CTRL: modem_head_old_construct: name=cdsp, base=0x8d480000, size=0x100000!
08-06 20:56:13.220   732   732 D MODEM_CTRL: modem_head_convert_img: region_cnt = 8!
08-06 20:56:13.220   732   732 D MODEM_CTRL: modem_head_convert_img: find, region[0].name = modem!
08-06 20:56:13.220   732   732 D MODEM_CTRL: load_table[0].name = modem: addr=0x8a880000, size =0x1380000
08-06 20:56:13.220   732   732 D MODEM_CTRL: modem_head_convert_img: find, region[2].name = deltanv!
08-06 20:56:13.220   732   732 D MODEM_CTRL: load_table[1].name = deltanv: addr=0x8a7e0000, size =0x20000
08-06 20:56:13.221   732   732 D MODEM_CTRL: modem_head_convert_img: find, region[5].name = gdsp!
08-06 20:56:13.221   732   732 D MODEM_CTRL: load_table[3].name = gdsp: addr=0x89620000, size =0x440000
08-06 20:56:13.221   732   732 D MODEM_CTRL: modem_head_convert_img: find, region[6].name = ldsp!
08-06 20:56:13.221   732   732 D MODEM_CTRL: load_table[4].name = ldsp: addr=0x89aa8000, size =0x750000
08-06 20:56:13.221   732   732 D MODEM_CTRL: modem_head_convert_img: find, region[7].name = cdsp!
08-06 20:56:13.221   732   732 D MODEM_CTRL: load_table[5].name = cdsp: addr=0x8d480000, size =0x100000
08-06 20:56:13.221   732   732 D MODEM_CTRL: modem_head_convert_img: find, region[1].name = cpcmdline!
08-06 20:56:13.221   732   732 D MODEM_CTRL: load_table[7].name = cpcmdline: addr=0x8a7d0000, size =0x800
08-06 20:56:13.221   732   732 D MODEM_CTRL: modem_head_convert_img: find, region[3].name = fixnv!
08-06 20:56:13.221   732   732 D MODEM_CTRL: load_table[8].name = fixnv: addr=0x8c720000, size =0x100000
08-06 20:56:13.221   732   732 D MODEM_CTRL: modem_head_convert_img: find, region[4].name = runnv!
08-06 20:56:13.221   732   732 D MODEM_CTRL: load_table[9].name = runnv: addr=0x8c820000, size =0x120000
08-06 20:56:13.222   732   732 D MODEM_CTRL: modem_has_been_boot: ro.vendor.modem.tty = /dev/stty_lte
08-06 20:56:13.222   732   732 D MODEM_CTRL: modem_ctrl: cmdline earlycon=sprd_serial,0x70100000,115200n8 console=ttyS1,115200n8 loop.max_part=7 loglevel=1  swiotlb=1 init=/init root=/dev/mmcblk0p33 rootfstype=ext4 ro rootwait androidboot.hardware=uws6152_1h10_go androidboot.dtbo_idx=0 printk.devkmsg=on lcd_id=ID5300 lcd_name=lcd_co5300_mipi_410x502_qc_hd lcd_base=9eb0c000 lcd_size=502x408 pixel_clock=13800000 logo_bpix=8  sysdump_magic=85500000 modem=shutdown ltemode=lcsfb rfboard.id=0 rfhw.id=40 crystal=4 32k.less=0 androidboot.pmic.chipid=2730 modemboot.method=emmcboot  androidboot.verifiedbootstate=green androidboot.flash.locked=1  androidboot.serialno=59494650307722
08-06 20:56:13.222   732   732 D MODEM_CTRL: 
08-06 20:56:13.223   732   732 D MODEM_CTRL: cmdline len = 8, str=shutdown
08-06 20:56:13.225   732   732 D MODEM_CTRL: load_modem_img: wake lock bEnable = 1!
08-06 20:56:13.225   732   732 D MODEM_CTRL: load_modem_img: load_type = 0x1f!
08-06 20:56:13.225   732   732 D TrustyKernelBootcp: kernel_bootcp_unlock_ddr enter
08-06 20:56:13.225   732   732 D TrustyKernelBootcp: trusty_kernelbootcp_connect enter
08-06 20:56:13.231   732   732 D TrustyKernelBootcp: handle = 5 
08-06 20:56:13.231   732   732 D TrustyKernelBootcp: trusty_kernelbootcp_call enter in_size = 576 out_size = 16
08-06 20:56:13.231   732   732 D TrustyKernelBootcp: handle = 5 msg_size = 580 
08-06 20:56:13.232   732   732 D TrustyKernelBootcp: write rc = 580 
08-06 20:56:13.234   732   732 D TrustyKernelBootcp: read rc = 4 
08-06 20:56:13.234   732   732 D TrustyKernelBootcp: trusty_kernelbootcp_disconnect enter
08-06 20:56:13.234   732   732 D TrustyKernelBootcp: kernel_bootcp_unlock_ddr leave, ret = 4 
08-06 20:56:13.235   732   732 D MODEM_CTRL: [secure]secure_boot_unlock_ddr: ret = 4
08-06 20:56:13.235   732   732 D MODEM_CTRL: modem_load_run: run = 0!
08-06 20:56:13.235   732   732 D MODEM_CTRL: modem_load_run: path = /proc/pmic/stop
08-06 20:56:13.235   732   732 D MODEM_CTRL: write_proc_file: file is /proc/pmic/stop, string is 1!
08-06 20:56:13.271   690   690 I vendor.sprd.hardware.combined@1.0-service: Registration complete for vendor.sprd.hardware.thermal@1.0::IExtThermal/default.
08-06 20:56:13.276   641   641 I ServiceManager: Waiting for service 'statscompanion' on '/dev/binder'...
08-06 20:56:13.291   732   732 D MODEM_CTRL: modem_load_run: run = 0!
08-06 20:56:13.291   732   732 D MODEM_CTRL: modem_load_run: path = /proc/cptl/stop
08-06 20:56:13.291   732   732 D MODEM_CTRL: write_proc_file: file is /proc/cptl/stop, string is 1!
08-06 20:56:13.310   728   728 D ENGPC   : engpcclient start!!!!!
08-06 20:56:13.320   728   728 D ENGPC   : engpcclient runtype:l, atPath:/dev/ttyGS1, diagPath:/dev/vser, logPath:, type: 1
08-06 20:56:13.320   728   728 D ENGPC   : cali_mulitvser_init persist.vendor.cali.mulitvser.enable=not_find 
08-06 20:56:13.320   728   728 D ENGPC   : eng_pcclient: cmdline earlycon=sprd_serial,0x70100000,115200n8 console=ttyS1,115200n8 loop.max_part=7 loglevel=1  swiotlb=1 init=/init root=/dev/mmcblk0p33 rootfstype=ext4 ro rootwait androidboot.hardware=uws6152_1h10_go androidboot.dtbo_idx=0 printk.devkmsg=on lcd_id=ID5300 lcd_name=lcd_co5300_mipi_410x502_qc_hd lcd_base=9eb0c000 lcd_size=502x408 pixel_clock=13800000 logo_bpix=8  sysdump_magic=85500000 modem=shutdown ltemode=lcsfb rfboard.id=0 rfhw.id=40 crystal=4 32k.less=0 androidboot.pmic.chipid=2730 modemboot.method=emmcboot  androidboot.verifiedbootstate=green androidboot.flash.locked=1  androidboot.serialno=59494650307722
08-06 20:56:13.320   728   728 D ENGPC   : 
08-06 20:56:13.320   728   728 D ENGPC   : eng_parse_cmdline: str: (null)
08-06 20:56:13.320   728   728 D ENGPC   : eng_pcclient califlag=0 
08-06 20:56:13.320   728   728 D ENGPC   : cmdparam.connect_type=1
08-06 20:56:13.320   728   728 D ENGPC   : eng_get_modem_int: type = l
08-06 20:56:13.320   728   728 D ENGPC   : eng_get_modem_int ro.vendor.modem.diag diag_chan:/dev/sdiag_lte
08-06 20:56:13.320   728   728 D ENGPC   : eng_get_modem_int ro.vendor.modem.tty at_chan:/dev/stty_lte
08-06 20:56:13.320   728   728 D ENGPC   : eng_get_modem_int ro.vendor.modem.log log_chan:/dev/slog_lte
08-06 20:56:13.320   728   728 D ENGPC   : eng_pcclient: modem at chan: /dev/stty_lte31, modem diag chan: /dev/sdiag_lte, modem log chan: /dev/slog_lte
08-06 20:56:13.321   728   728 D ENGPC   : apcali_init ro.vendor.modem.support=1
08-06 20:56:13.327   585   586 I zn-daemon64: [zn-zygisk-loader64,0,643,643]Zygisk library injected, version 1.4.4-831-98fd9c6-release,exp_hook
08-06 20:56:13.328   585   586 I zn-daemon64: [zn-zygisk-loader64,0,643,643]Start hooking
08-06 20:56:13.333   713   713 I FastMixerState: sMaxFastTracks = 8
08-06 20:56:13.352   713   713 V MediaUtils: physMem: 4097171456
08-06 20:56:13.352   713   713 V MediaUtils: requested limit: 536870912
08-06 20:56:13.352   713   713 I libc    : malloc_limit: Allocation limit enabled, max size 536870912 bytes
08-06 20:56:13.359   713   713 I audioserver: ServiceManager: 0x6d915a01f0
08-06 20:56:13.364   713   713 W BatteryNotifier: batterystats service unavailable!
08-06 20:56:13.366   226   226 I hwservicemanager: getTransport: Cannot find entry android.hardware.audio@6.0::IDevicesFactory/default in either framework or device manifest.
08-06 20:56:13.366   226   226 I hwservicemanager: getTransport: Cannot find entry android.hardware.audio@5.0::IDevicesFactory/default in either framework or device manifest.
08-06 20:56:13.380   641   641 I ServiceManager: Waiting for service 'statscompanion' on '/dev/binder'...
08-06 20:56:13.399   750   750 I auditd  : type=1400 audit(0.0:26): avc: granted { open } for comm="init" path="/dev/kmsg_debug" dev="tmpfs" ino=10581 scontext=u:r:init:s0 tcontext=u:object_r:kmsg_debug_device:s0 tclass=chr_file
08-06 20:56:13.399   750   750 W init    : type=1400 audit(0.0:26): avc: granted { open } for path="/dev/kmsg_debug" dev="tmpfs" ino=10581 scontext=u:r:init:s0 tcontext=u:object_r:kmsg_debug_device:s0 tclass=chr_file
08-06 20:56:13.417   727   727 I SurfaceFlinger: Using HWComposer service: 'default'
08-06 20:56:13.418   727   727 I SurfaceFlinger: SurfaceFlinger is starting
08-06 20:56:13.424   226   226 I hwservicemanager: getTransport: Cannot find entry android.hardware.audio.effect@6.0::IEffectsFactory/default in either framework or device manifest.
08-06 20:56:13.428   226   226 I hwservicemanager: getTransport: Cannot find entry android.hardware.audio.effect@5.0::IEffectsFactory/default in either framework or device manifest.
08-06 20:56:13.428   727   727 I SurfaceFlinger: Disabling backpressure propagation
08-06 20:56:13.428   727   727 I SurfaceFlinger: Disabling blur effects, they are not supported.
08-06 20:56:13.428   727   727 I SurfaceFlinger: Treble testing override: 'false'
08-06 20:56:13.435   727   727 I SurfaceFlinger: SurfaceFlinger's main thread ready to run. Initializing graphics H/W...
08-06 20:56:13.435   727   727 D RenderEngine: RenderEngine GLES Backend
08-06 20:56:13.454   727   727 D libEGL  : loaded /vendor/lib64/egl/libEGL_POWERVR_ROGUE.so
08-06 20:56:13.468   713   713 I ServiceManager: Waiting for service 'media.metrics' on '/dev/binder'...
08-06 20:56:13.476   732   732 D MODEM_CTRL: start load sp image!
08-06 20:56:13.476   732   732 D MODEM_CTRL: secure_boot_get_patiton_info: image[pm_sys], normal_offset=0x0, load_offset=0x0, load_size=0x3b000
08-06 20:56:13.476   732   732 D MODEM_CTRL: [secure] run in vboot v2 
08-06 20:56:13.476   732   732 D MODEM_CTRL: [secure] load_offset = 0x0 
08-06 20:56:13.476   732   732 D MODEM_CTRL: [secure]get_image_footer_byname: name: /proc/pmic/pm_sys
08-06 20:56:13.476   732   732 D MODEM_CTRL: [secure]get_image_footer_byname: partition: pm_sys
08-06 20:56:13.476   732   732 D MODEM_CTRL: [secure]get_verify_img_footer enter, fin = /dev/block/platform/soc/soc:ap-apb/71400000.sdio/by-name/pm_sys
08-06 20:56:13.476   732   732 D MODEM_CTRL: [secure]get_verify_img_footer size = 0x100000
08-06 20:56:13.476   732   732 D MODEM_CTRL: [secure]get_verify_img_footer offset = 0xfffc0
08-06 20:56:13.476   732   732 D MODEM_CTRL: [secure]get_verify_img_footer read footer.
08-06 20:56:13.476   675   675 I libloader: got 2 library(s) on preload list
08-06 20:56:13.479   732   732 D MODEM_CTRL: [secure]get_verify_img_footer read_len = 64
08-06 20:56:13.479   732   732 D MODEM_CTRL: [secure]fill_verify_table: name: /proc/pmic/pm_sys
08-06 20:56:13.480   732   732 D MODEM_CTRL: modem_load_image: (/dev/block/platform/soc/soc:ap-apb/71400000.sdio/by-name/pm_sys(0x0) ==> /proc/pmic/pm_sys(0x0) size=0x3b000)
08-06 20:56:13.479   758   758 I auditd  : type=1400 audit(0.0:27): avc: granted { open } for comm="init" path="/dev/kmsg_debug" dev="tmpfs" ino=10581 scontext=u:r:init:s0 tcontext=u:object_r:kmsg_debug_device:s0 tclass=chr_file
08-06 20:56:13.479   758   758 W init    : type=1400 audit(0.0:27): avc: granted { open } for path="/dev/kmsg_debug" dev="tmpfs" ino=10581 scontext=u:r:init:s0 tcontext=u:object_r:kmsg_debug_device:s0 tclass=chr_file
08-06 20:56:13.483   641   641 I ServiceManager: Waiting for service 'statscompanion' on '/dev/binder'...
08-06 20:56:13.486   675   675 I Cam3Factory: SprdCamera3Factory boot_mode = unknown
08-06 20:56:13.495   727   727 D libEGL  : loaded /vendor/lib64/egl/libGLESv1_CM_POWERVR_ROGUE.so
08-06 20:56:13.498   675   675 D sns_drv_u: 3600, sensor_drv_scan_hw: module_cfg_num 10
08-06 20:56:13.499   675   675 D sns_drv_xml: 222, sensor_drv_xml_parse_node_data: index i = 0 xm_str = 0
08-06 20:56:13.499   675   675 D sns_drv_xml: 222, sensor_drv_xml_parse_node_data: index i = 1 xm_str = sp250a_m
08-06 20:56:13.499   675   675 D sns_drv_xml: 222, sensor_drv_xml_parse_node_data: index i = 2 xm_str = BACK
08-06 20:56:13.499   675   675 D sns_drv_xml: 222, sensor_drv_xml_parse_node_data: index i = 3 xm_str = 90
08-06 20:56:13.499   675   675 D sns_drv_xml: 222, sensor_drv_xml_parse_node_data: index i = 4 xm_str = 55
08-06 20:56:13.499   675   675 I hw_sensor: 122, hw_sensor_drv_create: sensor_id:0
08-06 20:56:13.499   675   675 I hw_sensor: 41, _hw_sensor_dev_init: start open sensor device node.
08-06 20:56:13.509   727   727 D libEGL  : loaded /vendor/lib64/egl/libGLESv2_POWERVR_ROGUE.so
08-06 20:56:13.512   748   748 I gsid    : no DSU: No such file or directory
08-06 20:56:13.521   675   675 I hw_sensor: 45, _hw_sensor_dev_init: fd 0x8
08-06 20:56:13.521   675   675 I sns_drv_u: 3439, sensor_drv_identify: sensor drv identify sensor_id 0
08-06 20:56:13.521   675   675 I sns_drv_u: 3446, sensor_drv_identify: search all sensor in the register tab for current sensor_id
08-06 20:56:13.521   675   675 D sns_drv_u: 3248, sensor_drv_load_library: sensor:libso_name libsensor_sp250a_m.so
08-06 20:56:13.523   675   675 I sns_drv_u: 3169, sensor_drv_ic_identify: E
08-06 20:56:13.523   675   675 I sns_drv_u: 562, sensor_get_module_cfg_info: p1:0xe59b6e2c,p2:0xe38312a0
08-06 20:56:13.523   675   675 I sns_drv_u: 566, sensor_get_module_cfg_info: tab_size:1,4,112
08-06 20:56:13.523   675   675 I sns_drv_u: 571, sensor_get_module_cfg_info: mid1:1,mid2:1,index:0
08-06 20:56:13.523   675   675 I sns_ic_drv: 40, sensor_ic_drv_create: sns_drv_cxt:0xe3881610
08-06 20:56:13.523   675   675 I 9850ka_sp250a_m: 256, sp250a_m_drv_init_fps_info: E
08-06 20:56:13.523   675   675 I 9850ka_sp250a_m: 259, sp250a_m_drv_init_fps_info: start init
08-06 20:56:13.524   675   675 I 9850ka_sp250a_m: 280, sp250a_m_drv_init_fps_info: mode 0,tempfps 0,frame_len 0,line_time: 0 
08-06 20:56:13.524   675   675 I 9850ka_sp250a_m: 282, sp250a_m_drv_init_fps_info: mode 0,max_fps: 0 
08-06 20:56:13.524   675   675 I 9850ka_sp250a_m: 285, sp250a_m_drv_init_fps_info: is_high_fps: 0,highfps_skip_num 0
08-06 20:56:13.524   675   675 I 9850ka_sp250a_m: 280, sp250a_m_drv_init_fps_info: mode 1,tempfps 30,frame_len 1229,line_time: 26900 
08-06 20:56:13.524   675   675 I 9850ka_sp250a_m: 282, sp250a_m_drv_init_fps_info: mode 1,max_fps: 30 
08-06 20:56:13.524   675   675 I 9850ka_sp250a_m: 285, sp250a_m_drv_init_fps_info: is_high_fps: 0,highfps_skip_num 0
08-06 20:56:13.524   675   675 I 9850ka_sp250a_m: 280, sp250a_m_drv_init_fps_info: mode 2,tempfps 0,frame_len 0,line_time: 0 
08-06 20:56:13.524   675   675 I 9850ka_sp250a_m: 282, sp250a_m_drv_init_fps_info: mode 2,max_fps: 0 
08-06 20:56:13.524   675   675 I 9850ka_sp250a_m: 285, sp250a_m_drv_init_fps_info: is_high_fps: 0,highfps_skip_num 0
08-06 20:56:13.524   675   675 I 9850ka_sp250a_m: 280, sp250a_m_drv_init_fps_info: mode 3,tempfps 0,frame_len 0,line_time: 0 
08-06 20:56:13.524   675   675 I 9850ka_sp250a_m: 282, sp250a_m_drv_init_fps_info: mode 3,max_fps: 0 
08-06 20:56:13.524   675   675 I 9850ka_sp250a_m: 285, sp250a_m_drv_init_fps_info: is_high_fps: 0,highfps_skip_num 0
08-06 20:56:13.524   675   675 I 9850ka_sp250a_m: 280, sp250a_m_drv_init_fps_info: mode 4,tempfps 0,frame_len 0,line_time: 0 
08-06 20:56:13.524   675   675 I 9850ka_sp250a_m: 282, sp250a_m_drv_init_fps_info: mode 4,max_fps: 0 
08-06 20:56:13.524   675   675 I 9850ka_sp250a_m: 285, sp250a_m_drv_init_fps_info: is_high_fps: 0,highfps_skip_num 0
08-06 20:56:13.524   675   675 I 9850ka_sp250a_m: 280, sp250a_m_drv_init_fps_info: mode 5,tempfps 0,frame_len 0,line_time: 0 
08-06 20:56:13.524   675   675 I 9850ka_sp250a_m: 282, sp250a_m_drv_init_fps_info: mode 5,max_fps: 0 
08-06 20:56:13.524   675   675 I 9850ka_sp250a_m: 285, sp250a_m_drv_init_fps_info: is_high_fps: 0,highfps_skip_num 0
08-06 20:56:13.524   675   675 I 9850ka_sp250a_m: 280, sp250a_m_drv_init_fps_info: mode 6,tempfps 0,frame_len 0,line_time: 0 
08-06 20:56:13.524   675   675 I 9850ka_sp250a_m: 282, sp250a_m_drv_init_fps_info: mode 6,max_fps: 0 
08-06 20:56:13.524   675   675 I 9850ka_sp250a_m: 285, sp250a_m_drv_init_fps_info: is_high_fps: 0,highfps_skip_num 0
08-06 20:56:13.524   675   675 I 9850ka_sp250a_m: 280, sp250a_m_drv_init_fps_info: mode 7,tempfps 0,frame_len 0,line_time: 0 
08-06 20:56:13.524   675   675 I 9850ka_sp250a_m: 282, sp250a_m_drv_init_fps_info: mode 7,max_fps: 0 
08-06 20:56:13.524   675   675 I 9850ka_sp250a_m: 285, sp250a_m_drv_init_fps_info: is_high_fps: 0,highfps_skip_num 0
08-06 20:56:13.524   675   675 I 9850ka_sp250a_m: 280, sp250a_m_drv_init_fps_info: mode 8,tempfps 0,frame_len 0,line_time: 0 
08-06 20:56:13.524   675   675 I 9850ka_sp250a_m: 282, sp250a_m_drv_init_fps_info: mode 8,max_fps: 0 
08-06 20:56:13.524   675   675 I 9850ka_sp250a_m: 285, sp250a_m_drv_init_fps_info: is_high_fps: 0,highfps_skip_num 0
08-06 20:56:13.524   675   675 I 9850ka_sp250a_m: 289, sp250a_m_drv_init_fps_info: X
08-06 20:56:13.524   675   675 I sns_drv_u: 518, sensor_i2c_init: i2c init ok
08-06 20:56:13.524   675   675 I sns_drv_u: 3191, sensor_drv_ic_identify: i2c_addr:0x3c
08-06 20:56:13.525   675   675 E hw_sensor: 591, hw_sensor_i2c_set_addr: hal_err failed,  addr = 0x3c, ret=-1 
08-06 20:56:13.525   675   675 I hw_sensor: 569, hw_sensor_i2c_set_clk: clock = 100000 
08-06 20:56:13.525   675   675 E hw_sensor: 573, hw_sensor_i2c_set_clk: hal_err failed,  clock = 100000, ret=-1 
08-06 20:56:13.525   675   675 I sns_drv_u: 245, sensor_power_on: E:power_on = 1
08-06 20:56:13.525   675   675 E hw_sensor: 322, hw_sensor_power_down: hal_err failed,  power_level = 1, ret=-1 
08-06 20:56:13.525   675   675 E hw_sensor: 362, hw_sensor_set_reset_level: hal_err failed,  level = 0, ret=-1 
08-06 20:56:13.525   675   675 E hw_sensor: 394, hw_sensor_set_mclk: hal_err failed,  mclk = 0, ret = -1  
08-06 20:56:13.525   675   675 I hw_sensor: 397, hw_sensor_set_mclk: mclk 0, ret 1 
08-06 20:56:13.525   675   675 E hw_sensor: 179, _hw_sensor_set_avdd: hal_err failed,  vdd_value = 12, ret=-1 
08-06 20:56:13.525   675   675 I hw_sensor: 252, hw_sensor_set_avdd_val: vdd_val is 12, set result is =-1 
08-06 20:56:13.525   675   675 E hw_sensor: 193, _hw_sensor_set_dvdd: hal_err failed,  vdd_value = 12, ret=-1 
08-06 20:56:13.525   675   675 I hw_sensor: 263, hw_sensor_set_dvdd_val: vdd_val is 12, set result is =1 
08-06 20:56:13.525   675   675 E hw_sensor: 207, _hw_sensor_set_iovdd: hal_err failed,  vdd_value = 12, ret=-1 
08-06 20:56:13.525   675   675 I hw_sensor: 274, hw_sensor_set_iovdd_val: vdd_val is 12, set result is =-1 
08-06 20:56:13.526   732   732 D MODEM_CTRL: start load cp image!
08-06 20:56:13.531   732   732 D MODEM_CTRL: Modem SCI offset: 0x7237a0!
08-06 20:56:13.532   732   732 D MODEM_CTRL: secure_boot_get_patiton_info: image[modem], normal_offset=0x7237a0, load_offset=0x7237a0, load_size=0x105cce0
08-06 20:56:13.532   732   732 D MODEM_CTRL: [secure] run in vboot v2 
08-06 20:56:13.532   732   732 D MODEM_CTRL: [secure] load_offset = 0x7237a0 
08-06 20:56:13.532   732   732 D MODEM_CTRL: [secure]get_image_footer_byname: name: /proc/cptl/modem
08-06 20:56:13.532   732   732 D MODEM_CTRL: [secure]get_image_footer_byname: partition: l_modem
08-06 20:56:13.532   732   732 D MODEM_CTRL: [secure]get_verify_img_footer enter, fin = /dev/block/platform/soc/soc:ap-apb/71400000.sdio/by-name/l_modem
08-06 20:56:13.532   732   732 D MODEM_CTRL: [secure]get_verify_img_footer size = 0x1900000
08-06 20:56:13.532   732   732 D MODEM_CTRL: [secure]get_verify_img_footer offset = 0x18fffc0
08-06 20:56:13.532   732   732 D MODEM_CTRL: [secure]get_verify_img_footer read footer.
08-06 20:56:13.532   675   675 E hw_sensor: 193, _hw_sensor_set_dvdd: hal_err failed,  vdd_value = 6, ret=-1 
08-06 20:56:13.532   675   675 I hw_sensor: 263, hw_sensor_set_dvdd_val: vdd_val is 6, set result is =1 
08-06 20:56:13.532   732   732 D MODEM_CTRL: [secure]get_verify_img_footer read_len = 64
08-06 20:56:13.532   732   732 D MODEM_CTRL: [secure]fill_verify_table: name: /proc/cptl/modem
08-06 20:56:13.533   732   732 D MODEM_CTRL: modem_load_image: (/dev/block/platform/soc/soc:ap-apb/71400000.sdio/by-name/l_modem(0x7237a0) ==> /proc/cptl/modem(0x0) size=0x105cce0)
08-06 20:56:13.532   675   675 E hw_sensor: 179, _hw_sensor_set_avdd: hal_err failed,  vdd_value = 3, ret=-1 
08-06 20:56:13.534   675   675 I hw_sensor: 252, hw_sensor_set_avdd_val: vdd_val is 3, set result is =-1 
08-06 20:56:13.534   675   675 E hw_sensor: 207, _hw_sensor_set_iovdd: hal_err failed,  vdd_value = 6, ret=-1 
08-06 20:56:13.534   675   675 I hw_sensor: 274, hw_sensor_set_iovdd_val: vdd_val is 6, set result is =-1 
08-06 20:56:13.554   675   675 E hw_sensor: 394, hw_sensor_set_mclk: hal_err failed,  mclk = 24, ret = -1  
08-06 20:56:13.554   675   675 I hw_sensor: 397, hw_sensor_set_mclk: mclk 24, ret 1 
08-06 20:56:13.565   675   675 E hw_sensor: 322, hw_sensor_power_down: hal_err failed,  power_level = 0, ret=-1 
08-06 20:56:13.568   713   713 I ServiceManager: Waiting for service 'media.metrics' on '/dev/binder'...
08-06 20:56:13.584   641   641 I ServiceManager: Waiting for service 'statscompanion' on '/dev/binder'...
08-06 20:56:13.585   675   675 E hw_sensor: 362, hw_sensor_set_reset_level: hal_err failed,  level = 1, ret=-1 
08-06 20:56:13.601   727   727 I RenderEngine: EGL information:
08-06 20:56:13.601   727   727 I RenderEngine: vendor    : Android
08-06 20:56:13.601   727   727 I RenderEngine: version   : 1.4 Android META-EGL
08-06 20:56:13.601   727   727 I RenderEngine: extensions: EGL_KHR_get_all_proc_addresses EGL_ANDROID_presentation_time EGL_KHR_swap_buffers_with_damage EGL_ANDROID_get_native_client_buffer EGL_ANDROID_front_buffer_auto_refresh EGL_ANDROID_get_frame_timestamps EGL_EXT_surface_SMPTE2086_metadata EGL_EXT_surface_CTA861_3_metadata EGL_KHR_image EGL_KHR_image_base EGL_KHR_gl_colorspace EGL_KHR_gl_texture_2D_image EGL_KHR_gl_texture_cubemap_image EGL_KHR_gl_renderbuffer_image EGL_KHR_fence_sync EGL_KHR_create_context EGL_KHR_surfaceless_context EGL_EXT_create_context_robustness EGL_ANDROID_image_native_buffer EGL_KHR_wait_sync EGL_ANDROID_recordable EGL_EXT_pixel_format_float EGL_KHR_mutable_render_buffer EGL_EXT_yuv_surface EGL_IMG_context_priority 
08-06 20:56:13.601   727   727 I RenderEngine: Client API: OpenGL_ES
08-06 20:56:13.601   727   727 I RenderEngine: EGLSurface: 8-8-8-8, config=0x1
08-06 20:56:13.601   727   727 E IMGSRV  : :0: pszForceFragmentShaderHighp = ddd temp sampler
08-06 20:56:13.605   675   675 I 9850ka_sp250a_m: 237, sp250a_m_drv_power_on: (1:on, 0:off): 1
08-06 20:56:13.605   675   675 I 9850ka_sp250a_m: 415, sp250a_m_drv_identify: mipi raw identify
08-06 20:56:13.606   675   675 E hw_sensor: 623, hw_sensor_read_reg: hal_err failed,  addr = 0x2, value=0x0, bit=0, ret=-1 
08-06 20:56:13.606   675   675 E 9850ka_sp250a_m: 429, sp250a_m_drv_identify: hal_err sensor identify fail, pid_value = ffff, ver_value = 0
08-06 20:56:13.606   675   675 I sns_drv_u: 3224, sensor_drv_ic_identify: sensor drv ic identify power off
08-06 20:56:13.606   675   675 I sns_drv_u: 245, sensor_power_on: E:power_on = 0
08-06 20:56:13.606   675   675 E hw_sensor: 362, hw_sensor_set_reset_level: hal_err failed,  level = 0, ret=-1 
08-06 20:56:13.606   675   675 E hw_sensor: 394, hw_sensor_set_mclk: hal_err failed,  mclk = 0, ret = -1  
08-06 20:56:13.606   675   675 I hw_sensor: 397, hw_sensor_set_mclk: mclk 0, ret 1 
08-06 20:56:13.606   675   675 E hw_sensor: 322, hw_sensor_power_down: hal_err failed,  power_level = 1, ret=-1 
08-06 20:56:13.606   675   675 E hw_sensor: 179, _hw_sensor_set_avdd: hal_err failed,  vdd_value = 12, ret=-1 
08-06 20:56:13.606   675   675 I hw_sensor: 252, hw_sensor_set_avdd_val: vdd_val is 12, set result is =-1 
08-06 20:56:13.606   675   675 E hw_sensor: 193, _hw_sensor_set_dvdd: hal_err failed,  vdd_value = 12, ret=-1 
08-06 20:56:13.606   675   675 I hw_sensor: 263, hw_sensor_set_dvdd_val: vdd_val is 12, set result is =1 
08-06 20:56:13.606   675   675 E hw_sensor: 207, _hw_sensor_set_iovdd: hal_err failed,  vdd_value = 12, ret=-1 
08-06 20:56:13.606   675   675 I hw_sensor: 274, hw_sensor_set_iovdd_val: vdd_val is 12, set result is =-1 
08-06 20:56:13.606   675   675 I 9850ka_sp250a_m: 237, sp250a_m_drv_power_on: (1:on, 0:off): 0
08-06 20:56:13.606   675   675 I sns_drv_u: 541, sensor_i2c_deinit: i2c deinit ok
08-06 20:56:13.607   675   675 I sns_drv_u: 3479, sensor_drv_identify: sensor identify id 0 failed
08-06 20:56:13.607   675   675 I hw_sensor: 146, hw_sensor_drv_delete: hw dev delete
08-06 20:56:13.608   675   675 I sns_drv_u: 864, sensor_context_deinit: X
08-06 20:56:13.608   675   675 D sns_drv_xml: 222, sensor_drv_xml_parse_node_data: index i = 0 xm_str = 0
08-06 20:56:13.608   675   675 D sns_drv_xml: 222, sensor_drv_xml_parse_node_data: index i = 1 xm_str = sp0a09z_m
08-06 20:56:13.608   675   675 D sns_drv_xml: 222, sensor_drv_xml_parse_node_data: index i = 2 xm_str = BACK
08-06 20:56:13.608   675   675 D sns_drv_xml: 222, sensor_drv_xml_parse_node_data: index i = 3 xm_str = 90
08-06 20:56:13.608   675   675 D sns_drv_xml: 222, sensor_drv_xml_parse_node_data: index i = 4 xm_str = 55
08-06 20:56:13.608   675   675 I hw_sensor: 122, hw_sensor_drv_create: sensor_id:0
08-06 20:56:13.608   675   675 I hw_sensor: 41, _hw_sensor_dev_init: start open sensor device node.
08-06 20:56:13.610   675   675 I hw_sensor: 45, _hw_sensor_dev_init: fd 0x8
08-06 20:56:13.610   675   675 I sns_drv_u: 3439, sensor_drv_identify: sensor drv identify sensor_id 0
08-06 20:56:13.610   675   675 I sns_drv_u: 3446, sensor_drv_identify: search all sensor in the register tab for current sensor_id
08-06 20:56:13.610   675   675 D sns_drv_u: 3248, sensor_drv_load_library: sensor:libso_name libsensor_sp0a09z_m.so
08-06 20:56:13.617   226   226 I hwservicemanager: getTransport: Cannot find entry android.hardware.graphics.mapper@4.0::IMapper/default in either framework or device manifest.
08-06 20:56:13.619   727   727 I Gralloc4: mapper 4.x is not supported
08-06 20:56:13.619   675   675 I sns_drv_u: 3169, sensor_drv_ic_identify: E
08-06 20:56:13.619   675   675 I sns_drv_u: 562, sensor_get_module_cfg_info: p1:0xe59b6e2c,p2:0xe38202a0
08-06 20:56:13.619   675   675 I sns_drv_u: 566, sensor_get_module_cfg_info: tab_size:1,4,112
08-06 20:56:13.619   675   675 I sns_drv_u: 571, sensor_get_module_cfg_info: mid1:1,mid2:1,index:0
08-06 20:56:13.620   675   675 I sns_ic_drv: 40, sensor_ic_drv_create: sns_drv_cxt:0xe3881610
08-06 20:56:13.620   675   675 I 9850ka_sp0a09z_m: 254, sp0a09z_m_drv_init_fps_info: E
08-06 20:56:13.620   675   675 I 9850ka_sp0a09z_m: 257, sp0a09z_m_drv_init_fps_info: start init
08-06 20:56:13.620   675   675 I 9850ka_sp0a09z_m: 278, sp0a09z_m_drv_init_fps_info: mode 0,tempfps 0,frame_len 0,line_time: 0 
08-06 20:56:13.620   675   675 I 9850ka_sp0a09z_m: 280, sp0a09z_m_drv_init_fps_info: mode 0,max_fps: 0 
08-06 20:56:13.620   675   675 I 9850ka_sp0a09z_m: 283, sp0a09z_m_drv_init_fps_info: is_high_fps: 0,highfps_skip_num 0
08-06 20:56:13.620   675   675 I 9850ka_sp0a09z_m: 278, sp0a09z_m_drv_init_fps_info: mode 1,tempfps 29,frame_len 499,line_time: 67200 
08-06 20:56:13.620   226   226 I hwservicemanager: getTransport: Cannot find entry android.hardware.graphics.mapper@3.0::IMapper/default in either framework or device manifest.
08-06 20:56:13.620   675   675 I 9850ka_sp0a09z_m: 280, sp0a09z_m_drv_init_fps_info: mode 1,max_fps: 30 
08-06 20:56:13.620   675   675 I 9850ka_sp0a09z_m: 283, sp0a09z_m_drv_init_fps_info: is_high_fps: 0,highfps_skip_num 0
08-06 20:56:13.620   675   675 I 9850ka_sp0a09z_m: 278, sp0a09z_m_drv_init_fps_info: mode 2,tempfps 29,frame_len 499,line_time: 67200 
08-06 20:56:13.620   675   675 I 9850ka_sp0a09z_m: 280, sp0a09z_m_drv_init_fps_info: mode 2,max_fps: 30 
08-06 20:56:13.620   675   675 I 9850ka_sp0a09z_m: 283, sp0a09z_m_drv_init_fps_info: is_high_fps: 0,highfps_skip_num 0
08-06 20:56:13.620   727   727 W Gralloc3: mapper 3.x is not supported
08-06 20:56:13.620   675   675 I 9850ka_sp0a09z_m: 278, sp0a09z_m_drv_init_fps_info: mode 3,tempfps 0,frame_len 0,line_time: 0 
08-06 20:56:13.620   675   675 I 9850ka_sp0a09z_m: 280, sp0a09z_m_drv_init_fps_info: mode 3,max_fps: 0 
08-06 20:56:13.620   675   675 I 9850ka_sp0a09z_m: 283, sp0a09z_m_drv_init_fps_info: is_high_fps: 0,highfps_skip_num 0
08-06 20:56:13.620   675   675 I 9850ka_sp0a09z_m: 278, sp0a09z_m_drv_init_fps_info: mode 4,tempfps 0,frame_len 0,line_time: 0 
08-06 20:56:13.620   675   675 I 9850ka_sp0a09z_m: 280, sp0a09z_m_drv_init_fps_info: mode 4,max_fps: 0 
08-06 20:56:13.620   675   675 I 9850ka_sp0a09z_m: 283, sp0a09z_m_drv_init_fps_info: is_high_fps: 0,highfps_skip_num 0
08-06 20:56:13.620   675   675 I 9850ka_sp0a09z_m: 278, sp0a09z_m_drv_init_fps_info: mode 5,tempfps 0,frame_len 0,line_time: 0 
08-06 20:56:13.620   675   675 I 9850ka_sp0a09z_m: 280, sp0a09z_m_drv_init_fps_info: mode 5,max_fps: 0 
08-06 20:56:13.620   675   675 I 9850ka_sp0a09z_m: 283, sp0a09z_m_drv_init_fps_info: is_high_fps: 0,highfps_skip_num 0
08-06 20:56:13.620   675   675 I 9850ka_sp0a09z_m: 278, sp0a09z_m_drv_init_fps_info: mode 6,tempfps 0,frame_len 0,line_time: 0 
08-06 20:56:13.620   675   675 I 9850ka_sp0a09z_m: 280, sp0a09z_m_drv_init_fps_info: mode 6,max_fps: 0 
08-06 20:56:13.620   675   675 I 9850ka_sp0a09z_m: 283, sp0a09z_m_drv_init_fps_info: is_high_fps: 0,highfps_skip_num 0
08-06 20:56:13.620   675   675 I 9850ka_sp0a09z_m: 278, sp0a09z_m_drv_init_fps_info: mode 7,tempfps 0,frame_len 0,line_time: 0 
08-06 20:56:13.620   675   675 I 9850ka_sp0a09z_m: 280, sp0a09z_m_drv_init_fps_info: mode 7,max_fps: 0 
08-06 20:56:13.620   675   675 I 9850ka_sp0a09z_m: 283, sp0a09z_m_drv_init_fps_info: is_high_fps: 0,highfps_skip_num 0
08-06 20:56:13.620   675   675 I 9850ka_sp0a09z_m: 278, sp0a09z_m_drv_init_fps_info: mode 8,tempfps 0,frame_len 0,line_time: 0 
08-06 20:56:13.620   675   675 I 9850ka_sp0a09z_m: 280, sp0a09z_m_drv_init_fps_info: mode 8,max_fps: 0 
08-06 20:56:13.621   675   675 I 9850ka_sp0a09z_m: 283, sp0a09z_m_drv_init_fps_info: is_high_fps: 0,highfps_skip_num 0
08-06 20:56:13.621   675   675 I 9850ka_sp0a09z_m: 287, sp0a09z_m_drv_init_fps_info: X
08-06 20:56:13.621   675   675 I sns_drv_u: 518, sensor_i2c_init: i2c init ok
08-06 20:56:13.621   675   675 I sns_drv_u: 3191, sensor_drv_ic_identify: i2c_addr:0x21
08-06 20:56:13.621   675   675 E hw_sensor: 591, hw_sensor_i2c_set_addr: hal_err failed,  addr = 0x21, ret=-1 
08-06 20:56:13.621   675   675 I hw_sensor: 569, hw_sensor_i2c_set_clk: clock = 100000 
08-06 20:56:13.621   675   675 E hw_sensor: 573, hw_sensor_i2c_set_clk: hal_err failed,  clock = 100000, ret=-1 
08-06 20:56:13.621   675   675 I sns_drv_u: 245, sensor_power_on: E:power_on = 1
08-06 20:56:13.621   675   675 E hw_sensor: 322, hw_sensor_power_down: hal_err failed,  power_level = 1, ret=-1 
08-06 20:56:13.621   675   675 E hw_sensor: 394, hw_sensor_set_mclk: hal_err failed,  mclk = 0, ret = -1  
08-06 20:56:13.621   675   675 I hw_sensor: 397, hw_sensor_set_mclk: mclk 0, ret 1 
08-06 20:56:13.621   675   675 E hw_sensor: 179, _hw_sensor_set_avdd: hal_err failed,  vdd_value = 12, ret=-1 
08-06 20:56:13.621   675   675 I hw_sensor: 252, hw_sensor_set_avdd_val: vdd_val is 12, set result is =-1 
08-06 20:56:13.621   675   675 E hw_sensor: 193, _hw_sensor_set_dvdd: hal_err failed,  vdd_value = 12, ret=-1 
08-06 20:56:13.621   675   675 I hw_sensor: 263, hw_sensor_set_dvdd_val: vdd_val is 12, set result is =1 
08-06 20:56:13.621   675   675 E hw_sensor: 207, _hw_sensor_set_iovdd: hal_err failed,  vdd_value = 12, ret=-1 
08-06 20:56:13.621   675   675 I hw_sensor: 274, hw_sensor_set_iovdd_val: vdd_val is 12, set result is =-1 
08-06 20:56:13.633   675   675 E hw_sensor: 207, _hw_sensor_set_iovdd: hal_err failed,  vdd_value = 6, ret=-1 
08-06 20:56:13.633   675   675 I hw_sensor: 274, hw_sensor_set_iovdd_val: vdd_val is 6, set result is =-1 
08-06 20:56:13.633   675   675 E hw_sensor: 193, _hw_sensor_set_dvdd: hal_err failed,  vdd_value = 6, ret=-1 
08-06 20:56:13.634   675   675 I hw_sensor: 263, hw_sensor_set_dvdd_val: vdd_val is 6, set result is =1 
08-06 20:56:13.634   675   675 E hw_sensor: 179, _hw_sensor_set_avdd: hal_err failed,  vdd_value = 3, ret=-1 
08-06 20:56:13.634   675   675 I hw_sensor: 252, hw_sensor_set_avdd_val: vdd_val is 3, set result is =-1 
08-06 20:56:13.634   226   226 I hwservicemanager: getTransport: Cannot find entry android.hardware.graphics.allocator@4.0::IAllocator/default in either framework or device manifest.
08-06 20:56:13.634   675   675 E hw_sensor: 394, hw_sensor_set_mclk: hal_err failed,  mclk = 24, ret = -1  
08-06 20:56:13.634   675   675 I hw_sensor: 397, hw_sensor_set_mclk: mclk 24, ret 1 
08-06 20:56:13.634   727   727 W Gralloc4: allocator 3.x is not supported
08-06 20:56:13.636   226   226 I hwservicemanager: getTransport: Cannot find entry android.hardware.graphics.allocator@3.0::IAllocator/default in either framework or device manifest.
08-06 20:56:13.637   727   727 W Gralloc3: allocator 3.x is not supported
08-06 20:56:13.638   684   684 D android.hardware.graphics.allocator@2.0-service: GBuffer--------------(*format)=1
08-06 20:56:13.638   684   684 D android.hardware.graphics.allocator@2.0-service: Gralloc alloc start  w:1, h:1, f:0x1, usage:0x300, line = 1511
08-06 20:56:13.638   684   684 E ion     : ioctl c0044901 failed with code -1: Inappropriate ioctl for device
08-06 20:56:13.638   684   684 D android.hardware.graphics.allocator@2.0-service: Gralloc Alloc end  w:1, h:1, f:0x1, usage:0x300, handle:0x27870f30, ui64Stamp:56, sSize:4096, line = 1877
08-06 20:56:13.638   684   684 D android.hardware.graphics.allocator@2.0-service: Gralloc Free  w:1, h:1, f:0x1, usage:0x300, ui64Stamp:56 line = 2210
08-06 20:56:13.639   727   727 D surfaceflinger: Gralloc Register  w:1, h:1, f:0x1, usage:0x300, ui64Stamp:56, sSize:4096, line = 2104
08-06 20:56:13.639   727   727 I RenderEngine: OpenGL ES informations:
08-06 20:56:13.639   727   727 I RenderEngine: vendor    : Imagination Technologies
08-06 20:56:13.639   727   727 I RenderEngine: renderer  : PowerVR Rogue GE8300
08-06 20:56:13.639   727   727 I RenderEngine: version   : OpenGL ES 3.2 build 1.10@5307123
08-06 20:56:13.639   727   727 I RenderEngine: extensions: GL_EXT_debug_marker GL_ANDROID_extension_pack_es31a GL_EXT_blend_minmax GL_EXT_buffer_storage GL_EXT_clear_texture GL_EXT_clip_control GL_EXT_color_buffer_float GL_EXT_conservative_depth GL_EXT_copy_image GL_EXT_discard_framebuffer GL_EXT_draw_buffers GL_EXT_draw_buffers_indexed GL_EXT_draw_elements_base_vertex GL_EXT_EGL_image_array GL_EXT_external_buffer GL_EXT_float_blend GL_EXT_geometry_point_size GL_EXT_geometry_shader GL_EXT_gpu_shader5 GL_EXT_memory_object GL_EXT_memory_object_fd GL_EXT_multi_draw_arrays GL_EXT_multisampled_render_to_texture GL_EXT_multisampled_render_to_texture2 GL_EXT_occlusion_query_boolean GL_EXT_polygon_offset_clamp GL_EXT_primitive_bounding_box GL_EXT_pvrtc_sRGB GL_EXT_read_format_bgra GL_EXT_robustness GL_EXT_separate_shader_objects GL_EXT_shader_framebuffer_fetch GL_EXT_shader_group_vote GL_EXT_shader_implicit_conversions GL_EXT_shader_io_blocks GL_EXT_shader_non_constant_global_initializers GL_EXT_shader_pixel_local_storage GL_EXT_shader_pixel_local_storage2 GL_EX
08-06 20:56:13.639   727   727 I RenderEngine: GL_MAX_TEXTURE_SIZE = 4096
08-06 20:56:13.639   727   727 I RenderEngine: GL_MAX_VIEWPORT_DIMS = 4096
08-06 20:56:13.642   675   675 E hw_sensor: 322, hw_sensor_power_down: hal_err failed,  power_level = 0, ret=-1 
08-06 20:56:13.651   727   727 E HWComposer: loadLayerMetadataSupport: getLayerGenericMetadataKeys failed: UNSUPPORTED (8)
08-06 20:56:13.652   686   686 E SPRDHWComposer: SprdPrimaryDisplayDevice::HotplugCallback count: 0
08-06 20:56:13.653   727   727 I HWComposer: Switching to legacy multi-display mode
08-06 20:56:13.653   727   727 E HWComposer: isConnected failed for display 0: Invalid display
08-06 20:56:13.653   686   686 D SPRDHWComposer: SprdDrm:: GetConfigs , [0]
08-06 20:56:13.653   686   686 D SPRDHWComposer: SPRD_SR SprdHWComposer2::GET_DISPLAY_CONFIGS, PRIMARYDISPLAY, *outNumConfigs:1,
08-06 20:56:13.653   686   686 I SPRDHWComposer: getDisplayAttributes: width:408
08-06 20:56:13.653   686   686 I SPRDHWComposer: getDisplayAttributes: height:502
08-06 20:56:13.653   686   686 I SPRDHWComposer: getDisplayAttributes: vsync_period:16129000
08-06 20:56:13.654   686   686 I SPRDHWComposer: getDisplayAttributes: xdpi:246742.000000
08-06 20:56:13.654   686   686 I SPRDHWComposer: getDisplayAttributes: ydpi:296530.000000
08-06 20:56:13.654   686   686 D SPRDHWComposer: OverlayComposer::OverlayComposer done.
08-06 20:56:13.655   686   686 E SPRDHWComposer: GET_DISPLAY_ATTRIBUTE not support attribute: 7
08-06 20:56:13.655   727   727 E HWC2    : getDisplayAttribute(527743539344, 0, Unknown) failed: BadParameter (4)
08-06 20:56:13.656   760   760 I bootstat: Service started: /system/bin/bootstat --set_system_boot_reason 
08-06 20:56:13.657   727   771 W SurfaceFlinger: Ignoring VSYNC request while display is disconnected
08-06 20:56:13.657   727   771 W SurfaceFlinger: Ignoring VSYNC request while display is disconnected
08-06 20:56:13.657   727   772 W SurfaceFlinger: Ignoring VSYNC request while display is disconnected
08-06 20:56:13.658   727   772 W SurfaceFlinger: Ignoring VSYNC request while display is disconnected
08-06 20:56:13.658   727   771 W SurfaceFlinger: Ignoring VSYNC request while display is disconnected
08-06 20:56:13.658   727   771 W SurfaceFlinger: Ignoring VSYNC request while display is disconnected
08-06 20:56:13.658   727   727 E HWComposer: getDisplayConnectionType: getDisplayConnectionType failed for display 0: Unsupported (8)
08-06 20:56:13.659   727   727 I FramebufferSurface: framebuffer size has been limited to [408x502] from [408x502]
08-06 20:56:13.659   684   764 D android.hardware.graphics.allocator@2.0-service: GBuffer--------------(*format)=1
08-06 20:56:13.660   684   764 D android.hardware.graphics.allocator@2.0-service: Gralloc alloc start  w:408, h:502, f:0x1, usage:0x1a00, line = 1511
08-06 20:56:13.658   761   761 I perfetto: probes.cc:77            Starting /system/bin/traced_probes service
08-06 20:56:13.660   684   764 D android.hardware.graphics.allocator@2.0-service: Gralloc Alloc end  w:408, h:502, f:0x1, usage:0x1a00, handle:0x278707a0, ui64Stamp:59, sSize:851968, line = 1877
08-06 20:56:13.660   684   764 D android.hardware.graphics.allocator@2.0-service: Gralloc Free  w:408, h:502, f:0x1, usage:0x1a00, ui64Stamp:59 line = 2210
08-06 20:56:13.660   727   727 D surfaceflinger: Gralloc Register  w:408, h:502, f:0x1, usage:0x1a00, ui64Stamp:59, sSize:851968, line = 2104
08-06 20:56:13.660   684   764 D android.hardware.graphics.allocator@2.0-service: GBuffer--------------(*format)=1
08-06 20:56:13.661   684   764 D android.hardware.graphics.allocator@2.0-service: Gralloc alloc start  w:408, h:502, f:0x1, usage:0x1a00, line = 1511
08-06 20:56:13.661   761   761 I perfetto: probes_producer.cc:117  Disconnected from tracing service
08-06 20:56:13.661   684   764 D android.hardware.graphics.allocator@2.0-service: Gralloc Alloc end  w:408, h:502, f:0x1, usage:0x1a00, handle:0x27871770, ui64Stamp:60, sSize:851968, line = 1877
08-06 20:56:13.661   684   764 D android.hardware.graphics.allocator@2.0-service: Gralloc Free  w:408, h:502, f:0x1, usage:0x1a00, ui64Stamp:60 line = 2210
08-06 20:56:13.661   727   727 D surfaceflinger: Gralloc Register  w:408, h:502, f:0x1, usage:0x1a00, ui64Stamp:60, sSize:851968, line = 2104
08-06 20:56:13.661   684   764 D android.hardware.graphics.allocator@2.0-service: GBuffer--------------(*format)=1
08-06 20:56:13.661   684   764 D android.hardware.graphics.allocator@2.0-service: Gralloc alloc start  w:408, h:502, f:0x1, usage:0x1a00, line = 1511
08-06 20:56:13.662   684   764 D android.hardware.graphics.allocator@2.0-service: Gralloc Alloc end  w:408, h:502, f:0x1, usage:0x1a00, handle:0x27870850, ui64Stamp:61, sSize:851968, line = 1877
08-06 20:56:13.662   684   764 D android.hardware.graphics.allocator@2.0-service: Gralloc Free  w:408, h:502, f:0x1, usage:0x1a00, ui64Stamp:61 line = 2210
08-06 20:56:13.662   727   727 D surfaceflinger: Gralloc Register  w:408, h:502, f:0x1, usage:0x1a00, ui64Stamp:61, sSize:851968, line = 2104
08-06 20:56:13.667   675   675 I 9850ka_sp0a09z_m: 235, sp0a09z_m_drv_power_on: (1:on, 0:off): 1
08-06 20:56:13.667   675   675 I 9850ka_sp0a09z_m: 412, sp0a09z_m_drv_identify: mipi raw identify
08-06 20:56:13.667   675   675 E hw_sensor: 808, hw_sensor_write_reg: hal_err failed,  addr = 0xfd, value=0, bit=0, ret=-1 
08-06 20:56:13.667   675   675 E hw_sensor: 623, hw_sensor_read_reg: hal_err failed,  addr = 0xa0, value=0x0, bit=0, ret=-1 
08-06 20:56:13.667   675   675 E 9850ka_sp0a09z_m: 426, sp0a09z_m_drv_identify: hal_err sensor identify fail, pid_value = ffff, ver_value = 0
08-06 20:56:13.667   675   675 I sns_drv_u: 3224, sensor_drv_ic_identify: sensor drv ic identify power off
08-06 20:56:13.667   675   675 I sns_drv_u: 245, sensor_power_on: E:power_on = 0
08-06 20:56:13.667   675   675 E hw_sensor: 394, hw_sensor_set_mclk: hal_err failed,  mclk = 0, ret = -1  
08-06 20:56:13.667   675   675 I hw_sensor: 397, hw_sensor_set_mclk: mclk 0, ret 1 
08-06 20:56:13.667   675   675 E hw_sensor: 322, hw_sensor_power_down: hal_err failed,  power_level = 1, ret=-1 
08-06 20:56:13.668   675   675 E hw_sensor: 179, _hw_sensor_set_avdd: hal_err failed,  vdd_value = 12, ret=-1 
08-06 20:56:13.668   675   675 I hw_sensor: 252, hw_sensor_set_avdd_val: vdd_val is 12, set result is =-1 
08-06 20:56:13.668   675   675 E hw_sensor: 193, _hw_sensor_set_dvdd: hal_err failed,  vdd_value = 12, ret=-1 
08-06 20:56:13.668   675   675 I hw_sensor: 263, hw_sensor_set_dvdd_val: vdd_val is 12, set result is =1 
08-06 20:56:13.668   675   675 E hw_sensor: 207, _hw_sensor_set_iovdd: hal_err failed,  vdd_value = 12, ret=-1 
08-06 20:56:13.668   675   675 I hw_sensor: 274, hw_sensor_set_iovdd_val: vdd_val is 12, set result is =-1 
08-06 20:56:13.668   675   675 I 9850ka_sp0a09z_m: 235, sp0a09z_m_drv_power_on: (1:on, 0:off): 0
08-06 20:56:13.668   675   675 I sns_drv_u: 541, sensor_i2c_deinit: i2c deinit ok
08-06 20:56:13.668   675   675 I sns_drv_u: 3479, sensor_drv_identify: sensor identify id 0 failed
08-06 20:56:13.668   675   675 I hw_sensor: 146, hw_sensor_drv_delete: hw dev delete
08-06 20:56:13.669   713   713 I ServiceManager: Waiting for service 'media.metrics' on '/dev/binder'...
08-06 20:56:13.669   675   675 I sns_drv_u: 864, sensor_context_deinit: X
08-06 20:56:13.669   675   675 D sns_drv_xml: 222, sensor_drv_xml_parse_node_data: index i = 0 xm_str = 0
08-06 20:56:13.669   675   675 D sns_drv_xml: 222, sensor_drv_xml_parse_node_data: index i = 1 xm_str = sp2609
08-06 20:56:13.669   675   675 D sns_drv_xml: 222, sensor_drv_xml_parse_node_data: index i = 2 xm_str = BACK
08-06 20:56:13.669   675   675 D sns_drv_xml: 222, sensor_drv_xml_parse_node_data: index i = 3 xm_str = 90
08-06 20:56:13.669   675   675 D sns_drv_xml: 222, sensor_drv_xml_parse_node_data: index i = 4 xm_str = 55
08-06 20:56:13.669   675   675 I hw_sensor: 122, hw_sensor_drv_create: sensor_id:0
08-06 20:56:13.670   675   675 I hw_sensor: 41, _hw_sensor_dev_init: start open sensor device node.
08-06 20:56:13.685   641   641 I ServiceManager: Waiting for service 'statscompanion' on '/dev/binder'...
08-06 20:56:13.689   762   762 W perfetto: service.cc:97           Started traced, listening on /dev/socket/traced_producer /dev/socket/traced_consumer
08-06 20:56:13.692   675   675 I hw_sensor: 45, _hw_sensor_dev_init: fd 0x8
08-06 20:56:13.693   675   675 I sns_drv_u: 3439, sensor_drv_identify: sensor drv identify sensor_id 0
08-06 20:56:13.693   675   675 I sns_drv_u: 3446, sensor_drv_identify: search all sensor in the register tab for current sensor_id
08-06 20:56:13.693   675   675 D sns_drv_u: 3248, sensor_drv_load_library: sensor:libso_name libsensor_sp2609.so
08-06 20:56:13.700   686   767 D libEGL  : loaded /vendor/lib64/egl/libEGL_POWERVR_ROGUE.so
08-06 20:56:13.713   686   767 D libEGL  : loaded /vendor/lib64/egl/libGLESv1_CM_POWERVR_ROGUE.so
08-06 20:56:13.728   760   760 I bootstat: Canonical boot reason: reboot
08-06 20:56:13.728   760   760 I bootstat: Canonical boot reason: reboot
08-06 20:56:13.733   686   767 D libEGL  : loaded /vendor/lib64/egl/libGLESv2_POWERVR_ROGUE.so
08-06 20:56:13.760   675   675 I sns_drv_u: 3169, sensor_drv_ic_identify: E
08-06 20:56:13.760   675   675 I sns_drv_u: 562, sensor_get_module_cfg_info: p1:0xe59b6e2c,p2:0xe38332a0
08-06 20:56:13.760   675   675 I sns_drv_u: 566, sensor_get_module_cfg_info: tab_size:1,4,112
08-06 20:56:13.760   675   675 I sns_drv_u: 571, sensor_get_module_cfg_info: mid1:1,mid2:1,index:0
08-06 20:56:13.760   675   675 I sns_ic_drv: 40, sensor_ic_drv_create: sns_drv_cxt:0xe3881610
08-06 20:56:13.760   675   675 I 9850ka_sp2609: 268, sp2609_drv_init_fps_info: E
08-06 20:56:13.760   675   675 I 9850ka_sp2609: 271, sp2609_drv_init_fps_info: start init
08-06 20:56:13.760   675   675 I 9850ka_sp2609: 292, sp2609_drv_init_fps_info: mode 0,tempfps 0,frame_len 0,line_time: 0 
08-06 20:56:13.760   675   675 I 9850ka_sp2609: 294, sp2609_drv_init_fps_info: mode 0,max_fps: 0 
08-06 20:56:13.760   675   675 I 9850ka_sp2609: 297, sp2609_drv_init_fps_info: is_high_fps: 0,highfps_skip_num 0
08-06 20:56:13.760   675   675 I 9850ka_sp2609: 292, sp2609_drv_init_fps_info: mode 1,tempfps 30,frame_len 1229,line_time: 26900 
08-06 20:56:13.760   675   675 I 9850ka_sp2609: 294, sp2609_drv_init_fps_info: mode 1,max_fps: 30 
08-06 20:56:13.760   675   675 I 9850ka_sp2609: 297, sp2609_drv_init_fps_info: is_high_fps: 0,highfps_skip_num 0
08-06 20:56:13.760   675   675 I 9850ka_sp2609: 292, sp2609_drv_init_fps_info: mode 2,tempfps 0,frame_len 0,line_time: 0 
08-06 20:56:13.760   675   675 I 9850ka_sp2609: 294, sp2609_drv_init_fps_info: mode 2,max_fps: 0 
08-06 20:56:13.761   675   675 I 9850ka_sp2609: 297, sp2609_drv_init_fps_info: is_high_fps: 0,highfps_skip_num 0
08-06 20:56:13.761   675   675 I 9850ka_sp2609: 292, sp2609_drv_init_fps_info: mode 3,tempfps 0,frame_len 0,line_time: 0 
08-06 20:56:13.761   675   675 I 9850ka_sp2609: 294, sp2609_drv_init_fps_info: mode 3,max_fps: 0 
08-06 20:56:13.761   675   675 I 9850ka_sp2609: 297, sp2609_drv_init_fps_info: is_high_fps: 0,highfps_skip_num 0
08-06 20:56:13.761   675   675 I 9850ka_sp2609: 292, sp2609_drv_init_fps_info: mode 4,tempfps 0,frame_len 0,line_time: 0 
08-06 20:56:13.761   675   675 I 9850ka_sp2609: 294, sp2609_drv_init_fps_info: mode 4,max_fps: 0 
08-06 20:56:13.761   675   675 I 9850ka_sp2609: 297, sp2609_drv_init_fps_info: is_high_fps: 0,highfps_skip_num 0
08-06 20:56:13.761   675   675 I 9850ka_sp2609: 292, sp2609_drv_init_fps_info: mode 5,tempfps 0,frame_len 0,line_time: 0 
08-06 20:56:13.761   675   675 I 9850ka_sp2609: 294, sp2609_drv_init_fps_info: mode 5,max_fps: 0 
08-06 20:56:13.761   675   675 I 9850ka_sp2609: 297, sp2609_drv_init_fps_info: is_high_fps: 0,highfps_skip_num 0
08-06 20:56:13.761   675   675 I 9850ka_sp2609: 292, sp2609_drv_init_fps_info: mode 6,tempfps 0,frame_len 0,line_time: 0 
08-06 20:56:13.761   675   675 I 9850ka_sp2609: 294, sp2609_drv_init_fps_info: mode 6,max_fps: 0 
08-06 20:56:13.761   675   675 I 9850ka_sp2609: 297, sp2609_drv_init_fps_info: is_high_fps: 0,highfps_skip_num 0
08-06 20:56:13.761   675   675 I 9850ka_sp2609: 292, sp2609_drv_init_fps_info: mode 7,tempfps 0,frame_len 0,line_time: 0 
08-06 20:56:13.761   675   675 I 9850ka_sp2609: 294, sp2609_drv_init_fps_info: mode 7,max_fps: 0 
08-06 20:56:13.761   675   675 I 9850ka_sp2609: 297, sp2609_drv_init_fps_info: is_high_fps: 0,highfps_skip_num 0
08-06 20:56:13.761   675   675 I 9850ka_sp2609: 292, sp2609_drv_init_fps_info: mode 8,tempfps 0,frame_len 0,line_time: 0 
08-06 20:56:13.761   675   675 I 9850ka_sp2609: 294, sp2609_drv_init_fps_info: mode 8,max_fps: 0 
08-06 20:56:13.761   675   675 I 9850ka_sp2609: 297, sp2609_drv_init_fps_info: is_high_fps: 0,highfps_skip_num 0
08-06 20:56:13.761   675   675 I 9850ka_sp2609: 301, sp2609_drv_init_fps_info: X
08-06 20:56:13.761   675   675 I sns_drv_u: 518, sensor_i2c_init: i2c init ok
08-06 20:56:13.761   675   675 I sns_drv_u: 3191, sensor_drv_ic_identify: i2c_addr:0x3c
08-06 20:56:13.761   675   675 E hw_sensor: 591, hw_sensor_i2c_set_addr: hal_err failed,  addr = 0x3c, ret=-1 
08-06 20:56:13.761   675   675 I hw_sensor: 569, hw_sensor_i2c_set_clk: clock = 100000 
08-06 20:56:13.761   675   675 E hw_sensor: 573, hw_sensor_i2c_set_clk: hal_err failed,  clock = 100000, ret=-1 
08-06 20:56:13.761   675   675 I sns_drv_u: 245, sensor_power_on: E:power_on = 1
08-06 20:56:13.761   675   675 E hw_sensor: 322, hw_sensor_power_down: hal_err failed,  power_level = 1, ret=-1 
08-06 20:56:13.762   675   675 E hw_sensor: 362, hw_sensor_set_reset_level: hal_err failed,  level = 0, ret=-1 
08-06 20:56:13.762   675   675 E hw_sensor: 394, hw_sensor_set_mclk: hal_err failed,  mclk = 0, ret = -1  
08-06 20:56:13.762   675   675 I hw_sensor: 397, hw_sensor_set_mclk: mclk 0, ret 1 
08-06 20:56:13.762   675   675 E hw_sensor: 179, _hw_sensor_set_avdd: hal_err failed,  vdd_value = 12, ret=-1 
08-06 20:56:13.762   675   675 I hw_sensor: 252, hw_sensor_set_avdd_val: vdd_val is 12, set result is =-1 
08-06 20:56:13.762   675   675 E hw_sensor: 207, _hw_sensor_set_iovdd: hal_err failed,  vdd_value = 12, ret=-1 
08-06 20:56:13.762   675   675 I hw_sensor: 274, hw_sensor_set_iovdd_val: vdd_val is 12, set result is =-1 
08-06 20:56:13.769   713   713 I ServiceManager: Waiting for service 'media.metrics' on '/dev/binder'...
08-06 20:56:13.775   675   675 E hw_sensor: 207, _hw_sensor_set_iovdd: hal_err failed,  vdd_value = 6, ret=-1 
08-06 20:56:13.775   675   675 I hw_sensor: 274, hw_sensor_set_iovdd_val: vdd_val is 6, set result is =-1 
08-06 20:56:13.783   675   675 E hw_sensor: 179, _hw_sensor_set_avdd: hal_err failed,  vdd_value = 3, ret=-1 
08-06 20:56:13.783   675   675 I hw_sensor: 252, hw_sensor_set_avdd_val: vdd_val is 3, set result is =-1 
08-06 20:56:13.785   641   641 I ServiceManager: Waiting for service 'statscompanion' on '/dev/binder'...
08-06 20:56:13.794   760   760 E bootstat: Failed to read /metadata/bootstat/persist.sys.boot.reason: No such file or directory
08-06 20:56:13.794   760   760 I bootstat: Value of persist.sys.boot.reason : 
08-06 20:56:13.794   760   760 I bootstat: Normalized last reboot reason : reboot
08-06 20:56:13.799   760   760 E bootstat: Failed to unlink /metadata/bootstat/persist.sys.boot.reason: No such file or directory
08-06 20:56:13.805   585   677 I zn-daemon64: zygote 643 hook status: 1
08-06 20:56:13.807   675   675 E hw_sensor: 322, hw_sensor_power_down: hal_err failed,  power_level = 0, ret=-1 
08-06 20:56:13.811   684   764 D android.hardware.graphics.allocator@2.0-service: GBuffer--------------(*format)=1
08-06 20:56:13.811   684   764 D android.hardware.graphics.allocator@2.0-service: Gralloc alloc start  w:408, h:502, f:0x1, usage:0x1000200, line = 1511
08-06 20:56:13.812   684   764 D android.hardware.graphics.allocator@2.0-service: Gralloc Alloc end  w:408, h:502, f:0x1, usage:0x1000200, handle:0x278707a0, ui64Stamp:86, sSize:851968, line = 1877
08-06 20:56:13.812   684   764 D android.hardware.graphics.allocator@2.0-service: Gralloc Free  w:408, h:502, f:0x1, usage:0x1000200, ui64Stamp:86 line = 2210
08-06 20:56:13.813   686   767 D android.hardware.graphics.composer@2.1-service: Gralloc Register  w:408, h:502, f:0x1, usage:0x1000200, ui64Stamp:86, sSize:851968, line = 2104
08-06 20:56:13.813   686   767 I SPRDHWComposer: DisplayPlane createPlaneBuffer handle:0x7acff6d660
08-06 20:56:13.814   686   767 D SPRDHWComposer: OverlayComposer::initEGL done.
08-06 20:56:13.814   686   767 D SPRDHWComposer: SPRD_SR OverlayComposer::initOpenGLES done.
08-06 20:56:13.818   675   675 E hw_sensor: 362, hw_sensor_set_reset_level: hal_err failed,  level = 1, ret=-1 
08-06 20:56:13.823   645   645 I zn-injector64: inject zygote 643 succeed
08-06 20:56:13.825   585   628 I zn-daemon64: ** inject success for 643
08-06 20:56:13.826   585   628 I zn-daemon64: ** write prop
08-06 20:56:13.829   675   675 E hw_sensor: 394, hw_sensor_set_mclk: hal_err failed,  mclk = 24, ret = -1  
08-06 20:56:13.830   675   675 I hw_sensor: 397, hw_sensor_set_mclk: mclk 24, ret 1 
08-06 20:56:13.836   643   643 D AndroidRuntime: >>>>>> START com.android.internal.os.ZygoteInit uid 0 <<<<<<
08-06 20:56:13.836   643   643 I boot_progress_start: 44156
08-06 20:56:13.850   675   675 I 9850ka_sp2609: 249, sp2609_drv_power_on: (1:on, 0:off): 1
08-06 20:56:13.851   675   675 I 9850ka_sp2609: 426, sp2609_drv_identify: mipi raw identify wzm
08-06 20:56:13.851   675   675 E hw_sensor: 623, hw_sensor_read_reg: hal_err failed,  addr = 0x2, value=0x0, bit=0, ret=-1 
08-06 20:56:13.851   675   675 E 9850ka_sp2609: 440, sp2609_drv_identify: hal_err sensor identify fail, pid_value = ffff, ver_value = 0
08-06 20:56:13.851   675   675 I sns_drv_u: 3224, sensor_drv_ic_identify: sensor drv ic identify power off
08-06 20:56:13.851   675   675 I sns_drv_u: 245, sensor_power_on: E:power_on = 0
08-06 20:56:13.851   675   675 E hw_sensor: 362, hw_sensor_set_reset_level: hal_err failed,  level = 0, ret=-1 
08-06 20:56:13.851   675   675 E hw_sensor: 394, hw_sensor_set_mclk: hal_err failed,  mclk = 0, ret = -1  
08-06 20:56:13.851   675   675 I hw_sensor: 397, hw_sensor_set_mclk: mclk 0, ret 1 
08-06 20:56:13.851   675   675 E hw_sensor: 322, hw_sensor_power_down: hal_err failed,  power_level = 1, ret=-1 
08-06 20:56:13.851   675   675 E hw_sensor: 179, _hw_sensor_set_avdd: hal_err failed,  vdd_value = 12, ret=-1 
08-06 20:56:13.851   675   675 I hw_sensor: 252, hw_sensor_set_avdd_val: vdd_val is 12, set result is =-1 
08-06 20:56:13.853   675   675 E hw_sensor: 193, _hw_sensor_set_dvdd: hal_err failed,  vdd_value = 12, ret=-1 
08-06 20:56:13.853   675   675 I hw_sensor: 263, hw_sensor_set_dvdd_val: vdd_val is 12, set result is =1 
08-06 20:56:13.853   675   675 E hw_sensor: 207, _hw_sensor_set_iovdd: hal_err failed,  vdd_value = 12, ret=-1 
08-06 20:56:13.853   675   675 I hw_sensor: 274, hw_sensor_set_iovdd_val: vdd_val is 12, set result is =-1 
08-06 20:56:13.853   675   675 I 9850ka_sp2609: 249, sp2609_drv_power_on: (1:on, 0:off): 0
08-06 20:56:13.853   675   675 I sns_drv_u: 541, sensor_i2c_deinit: i2c deinit ok
08-06 20:56:13.854   675   675 I sns_drv_u: 3479, sensor_drv_identify: sensor identify id 0 failed
08-06 20:56:13.854   675   675 I hw_sensor: 146, hw_sensor_drv_delete: hw dev delete
08-06 20:56:13.863   675   675 I sns_drv_u: 864, sensor_context_deinit: X
08-06 20:56:13.863   675   675 D sns_drv_xml: 222, sensor_drv_xml_parse_node_data: index i = 0 xm_str = 0
08-06 20:56:13.863   675   675 D sns_drv_xml: 222, sensor_drv_xml_parse_node_data: index i = 1 xm_str = bf2257_m
08-06 20:56:13.863   675   675 D sns_drv_xml: 222, sensor_drv_xml_parse_node_data: index i = 2 xm_str = BACK
08-06 20:56:13.863   675   675 D sns_drv_xml: 222, sensor_drv_xml_parse_node_data: index i = 3 xm_str = 90
08-06 20:56:13.863   675   675 D sns_drv_xml: 222, sensor_drv_xml_parse_node_data: index i = 4 xm_str = 55
08-06 20:56:13.863   675   675 I hw_sensor: 122, hw_sensor_drv_create: sensor_id:0
08-06 20:56:13.863   675   675 I hw_sensor: 41, _hw_sensor_dev_init: start open sensor device node.
08-06 20:56:13.865   675   675 I hw_sensor: 45, _hw_sensor_dev_init: fd 0x8
08-06 20:56:13.865   675   675 I sns_drv_u: 3439, sensor_drv_identify: sensor drv identify sensor_id 0
08-06 20:56:13.865   675   675 I sns_drv_u: 3446, sensor_drv_identify: search all sensor in the register tab for current sensor_id
08-06 20:56:13.865   675   675 D sns_drv_u: 3248, sensor_drv_load_library: sensor:libso_name libsensor_bf2257_m.so
08-06 20:56:13.866   761   761 I perfetto: probes_producer.cc:100  Connected to the service
08-06 20:56:13.871   713   713 I ServiceManager: Waiting for service 'media.metrics' on '/dev/binder'...
08-06 20:56:13.872   675   675 I sns_drv_u: 3169, sensor_drv_ic_identify: E
08-06 20:56:13.872   675   675 I sns_drv_u: 562, sensor_get_module_cfg_info: p1:0xe59b6e2c,p2:0xe38162a0
08-06 20:56:13.872   675   675 I sns_drv_u: 566, sensor_get_module_cfg_info: tab_size:1,4,112
08-06 20:56:13.872   675   675 I sns_drv_u: 571, sensor_get_module_cfg_info: mid1:1,mid2:1,index:0
08-06 20:56:13.872   675   675 I sns_ic_drv: 40, sensor_ic_drv_create: sns_drv_cxt:0xe3881610
08-06 20:56:13.872   675   675 I 9850ka_bf2257_m: 90, bf2257_m_drv_write_frame_length: 20210316-frame_len=1250
08-06 20:56:13.872   675   675 I 9850ka_bf2257_m: 68, bf2257_m_drv_write_gain: temp_gain = 12
08-06 20:56:13.872   675   675 I 9850ka_bf2257_m: 111, bf2257_m_drv_write_shutter: 20210316-shutter=1249
08-06 20:56:13.872   675   675 I 9850ka_bf2257_m: 264, bf2257_m_drv_init_fps_info: E
08-06 20:56:13.872   675   675 I 9850ka_bf2257_m: 267, bf2257_m_drv_init_fps_info: start init
08-06 20:56:13.872   675   675 I 9850ka_bf2257_m: 288, bf2257_m_drv_init_fps_info: mode 0,tempfps 0,frame_len 0,line_time: 0 
08-06 20:56:13.872   675   675 I 9850ka_bf2257_m: 290, bf2257_m_drv_init_fps_info: mode 0,max_fps: 0 
08-06 20:56:13.872   675   675 I 9850ka_bf2257_m: 293, bf2257_m_drv_init_fps_info: is_high_fps: 0,highfps_skip_num 0
08-06 20:56:13.872   675   675 I 9850ka_bf2257_m: 288, bf2257_m_drv_init_fps_info: mode 1,tempfps 29,frame_len 1250,line_time: 26667 
08-06 20:56:13.872   675   675 I 9850ka_bf2257_m: 290, bf2257_m_drv_init_fps_info: mode 1,max_fps: 30 
08-06 20:56:13.872   675   675 I 9850ka_bf2257_m: 293, bf2257_m_drv_init_fps_info: is_high_fps: 0,highfps_skip_num 0
08-06 20:56:13.872   675   675 I 9850ka_bf2257_m: 288, bf2257_m_drv_init_fps_info: mode 2,tempfps 29,frame_len 1250,line_time: 26667 
08-06 20:56:13.872   675   675 I 9850ka_bf2257_m: 290, bf2257_m_drv_init_fps_info: mode 2,max_fps: 30 
08-06 20:56:13.872   675   675 I 9850ka_bf2257_m: 293, bf2257_m_drv_init_fps_info: is_high_fps: 0,highfps_skip_num 0
08-06 20:56:13.872   675   675 I 9850ka_bf2257_m: 288, bf2257_m_drv_init_fps_info: mode 3,tempfps 0,frame_len 0,line_time: 0 
08-06 20:56:13.872   675   675 I 9850ka_bf2257_m: 290, bf2257_m_drv_init_fps_info: mode 3,max_fps: 0 
08-06 20:56:13.872   675   675 I 9850ka_bf2257_m: 293, bf2257_m_drv_init_fps_info: is_high_fps: 0,highfps_skip_num 0
08-06 20:56:13.872   675   675 I 9850ka_bf2257_m: 288, bf2257_m_drv_init_fps_info: mode 4,tempfps 0,frame_len 0,line_time: 0 
08-06 20:56:13.872   675   675 I 9850ka_bf2257_m: 290, bf2257_m_drv_init_fps_info: mode 4,max_fps: 0 
08-06 20:56:13.872   675   675 I 9850ka_bf2257_m: 293, bf2257_m_drv_init_fps_info: is_high_fps: 0,highfps_skip_num 0
08-06 20:56:13.872   675   675 I 9850ka_bf2257_m: 288, bf2257_m_drv_init_fps_info: mode 5,tempfps 0,frame_len 0,line_time: 0 
08-06 20:56:13.872   675   675 I 9850ka_bf2257_m: 290, bf2257_m_drv_init_fps_info: mode 5,max_fps: 0 
08-06 20:56:13.872   675   675 I 9850ka_bf2257_m: 293, bf2257_m_drv_init_fps_info: is_high_fps: 0,highfps_skip_num 0
08-06 20:56:13.872   675   675 I 9850ka_bf2257_m: 288, bf2257_m_drv_init_fps_info: mode 6,tempfps 0,frame_len 0,line_time: 0 
08-06 20:56:13.872   675   675 I 9850ka_bf2257_m: 290, bf2257_m_drv_init_fps_info: mode 6,max_fps: 0 
08-06 20:56:13.872   675   675 I 9850ka_bf2257_m: 293, bf2257_m_drv_init_fps_info: is_high_fps: 0,highfps_skip_num 0
08-06 20:56:13.872   675   675 I 9850ka_bf2257_m: 288, bf2257_m_drv_init_fps_info: mode 7,tempfps 0,frame_len 0,line_time: 0 
08-06 20:56:13.872   675   675 I 9850ka_bf2257_m: 290, bf2257_m_drv_init_fps_info: mode 7,max_fps: 0 
08-06 20:56:13.872   675   675 I 9850ka_bf2257_m: 293, bf2257_m_drv_init_fps_info: is_high_fps: 0,highfps_skip_num 0
08-06 20:56:13.872   675   675 I 9850ka_bf2257_m: 288, bf2257_m_drv_init_fps_info: mode 8,tempfps 0,frame_len 0,line_time: 0 
08-06 20:56:13.872   675   675 I 9850ka_bf2257_m: 290, bf2257_m_drv_init_fps_info: mode 8,max_fps: 0 
08-06 20:56:13.872   675   675 I 9850ka_bf2257_m: 293, bf2257_m_drv_init_fps_info: is_high_fps: 0,highfps_skip_num 0
08-06 20:56:13.872   675   675 I 9850ka_bf2257_m: 297, bf2257_m_drv_init_fps_info: X
08-06 20:56:13.872   675   675 I sns_drv_u: 518, sensor_i2c_init: i2c init ok
08-06 20:56:13.872   675   675 I sns_drv_u: 3191, sensor_drv_ic_identify: i2c_addr:0x3e
08-06 20:56:13.872   675   675 E hw_sensor: 591, hw_sensor_i2c_set_addr: hal_err failed,  addr = 0x3e, ret=-1 
08-06 20:56:13.872   675   675 I hw_sensor: 569, hw_sensor_i2c_set_clk: clock = 400000 
08-06 20:56:13.872   675   675 E hw_sensor: 573, hw_sensor_i2c_set_clk: hal_err failed,  clock = 400000, ret=-1 
08-06 20:56:13.872   675   675 I sns_drv_u: 245, sensor_power_on: E:power_on = 1
08-06 20:56:13.872   675   675 E hw_sensor: 322, hw_sensor_power_down: hal_err failed,  power_level = 0, ret=-1 
08-06 20:56:13.872   675   675 E hw_sensor: 394, hw_sensor_set_mclk: hal_err failed,  mclk = 0, ret = -1  
08-06 20:56:13.872   675   675 I hw_sensor: 397, hw_sensor_set_mclk: mclk 0, ret 1 
08-06 20:56:13.872   675   675 E hw_sensor: 179, _hw_sensor_set_avdd: hal_err failed,  vdd_value = 12, ret=-1 
08-06 20:56:13.872   675   675 I hw_sensor: 252, hw_sensor_set_avdd_val: vdd_val is 12, set result is =-1 
08-06 20:56:13.872   675   675 E hw_sensor: 193, _hw_sensor_set_dvdd: hal_err failed,  vdd_value = 12, ret=-1 
08-06 20:56:13.872   675   675 I hw_sensor: 263, hw_sensor_set_dvdd_val: vdd_val is 12, set result is =1 
08-06 20:56:13.872   675   675 E hw_sensor: 207, _hw_sensor_set_iovdd: hal_err failed,  vdd_value = 12, ret=-1 
08-06 20:56:13.872   675   675 I hw_sensor: 274, hw_sensor_set_iovdd_val: vdd_val is 12, set result is =-1 
08-06 20:56:13.877   675   675 E hw_sensor: 193, _hw_sensor_set_dvdd: hal_err failed,  vdd_value = 6, ret=-1 
08-06 20:56:13.877   675   675 I hw_sensor: 263, hw_sensor_set_dvdd_val: vdd_val is 6, set result is =1 
08-06 20:56:13.883   675   675 E hw_sensor: 179, _hw_sensor_set_avdd: hal_err failed,  vdd_value = 3, ret=-1 
08-06 20:56:13.883   675   675 I hw_sensor: 252, hw_sensor_set_avdd_val: vdd_val is 3, set result is =-1 
08-06 20:56:13.886   641   641 I ServiceManager: Waiting for service 'statscompanion' on '/dev/binder'...
08-06 20:56:13.886   675   675 E hw_sensor: 207, _hw_sensor_set_iovdd: hal_err failed,  vdd_value = 6, ret=-1 
08-06 20:56:13.886   675   675 I hw_sensor: 274, hw_sensor_set_iovdd_val: vdd_val is 6, set result is =-1 
08-06 20:56:13.907   675   675 E hw_sensor: 394, hw_sensor_set_mclk: hal_err failed,  mclk = 24, ret = -1  
08-06 20:56:13.907   675   675 I hw_sensor: 397, hw_sensor_set_mclk: mclk 24, ret 1 
08-06 20:56:13.907   585   655 I zn-daemon64: zygote 644 hook status: 1
08-06 20:56:13.911   732   732 D MODEM_CTRL: secure_boot_get_patiton_info: image[deltanv], normal_offset=0x0, load_offset=0x0, load_size=0x20000
08-06 20:56:13.911   732   732 D MODEM_CTRL: [secure] run in vboot v2 
08-06 20:56:13.911   732   732 D MODEM_CTRL: [secure] load_offset = 0x0 
08-06 20:56:13.911   732   732 D MODEM_CTRL: [secure]get_image_footer_byname: name: /proc/cptl/deltanv
08-06 20:56:13.911   732   732 D MODEM_CTRL: [secure]get_image_footer_byname: name not match
08-06 20:56:13.911   732   732 D MODEM_CTRL: [secure]fill_verify_table: name: /proc/cptl/deltanv
08-06 20:56:13.911   732   732 D MODEM_CTRL: [secure]fill_verify_table: name not match
08-06 20:56:13.911   732   732 D MODEM_CTRL: modem_load_image: (/dev/block/platform/soc/soc:ap-apb/71400000.sdio/by-name/l_deltanv(0x0) ==> /proc/cptl/deltanv(0x0) size=0x20000)
08-06 20:56:13.917   675   675 E hw_sensor: 322, hw_sensor_power_down: hal_err failed,  power_level = 1, ret=-1 
08-06 20:56:13.921   732   732 D MODEM_CTRL: secure_boot_get_patiton_info: image[gdsp], normal_offset=0x0, load_offset=0x0, load_size=0x440000
08-06 20:56:13.921   732   732 D MODEM_CTRL: [secure] run in vboot v2 
08-06 20:56:13.921   732   732 D MODEM_CTRL: [secure] load_offset = 0x0 
08-06 20:56:13.921   732   732 D MODEM_CTRL: [secure]get_image_footer_byname: name: /proc/cptl/gdsp
08-06 20:56:13.921   732   732 D MODEM_CTRL: [secure]get_image_footer_byname: partition: l_gdsp
08-06 20:56:13.921   732   732 D MODEM_CTRL: [secure]get_verify_img_footer enter, fin = /dev/block/platform/soc/soc:ap-apb/71400000.sdio/by-name/l_gdsp
08-06 20:56:13.921   732   732 D MODEM_CTRL: [secure]get_verify_img_footer size = 0xa00000
08-06 20:56:13.921   732   732 D MODEM_CTRL: [secure]get_verify_img_footer offset = 0x9fffc0
08-06 20:56:13.921   732   732 D MODEM_CTRL: [secure]get_verify_img_footer read footer.
08-06 20:56:13.922   732   732 D MODEM_CTRL: [secure]get_verify_img_footer read_len = 64
08-06 20:56:13.922   732   732 D MODEM_CTRL: [secure]fill_verify_table: name: /proc/cptl/gdsp
08-06 20:56:13.922   732   732 D MODEM_CTRL: modem_load_image: (/dev/block/platform/soc/soc:ap-apb/71400000.sdio/by-name/l_gdsp(0x0) ==> /proc/cptl/gdsp(0x0) size=0x440000)
08-06 20:56:13.937   675   675 I 9850ka_bf2257_m: 245, bf2257_m_drv_power_on: (1:on, 0:off): 1
08-06 20:56:13.937   675   675 I 9850ka_bf2257_m: 422, bf2257_m_drv_identify: mipi raw identify
08-06 20:56:13.938   675   675 E hw_sensor: 623, hw_sensor_read_reg: hal_err failed,  addr = 0xfc, value=0x0, bit=128, ret=-1 
08-06 20:56:13.938   675   675 E 9850ka_bf2257_m: 436, bf2257_m_drv_identify: hal_err sensor identify fail, pid_value = ffff, ver_value = 0
08-06 20:56:13.938   675   675 I sns_drv_u: 3224, sensor_drv_ic_identify: sensor drv ic identify power off
08-06 20:56:13.938   675   675 I sns_drv_u: 245, sensor_power_on: E:power_on = 0
08-06 20:56:13.938   675   675 E hw_sensor: 394, hw_sensor_set_mclk: hal_err failed,  mclk = 0, ret = -1  
08-06 20:56:13.938   675   675 I hw_sensor: 397, hw_sensor_set_mclk: mclk 0, ret 1 
08-06 20:56:13.938   675   675 E hw_sensor: 322, hw_sensor_power_down: hal_err failed,  power_level = 0, ret=-1 
08-06 20:56:13.938   675   675 E hw_sensor: 179, _hw_sensor_set_avdd: hal_err failed,  vdd_value = 12, ret=-1 
08-06 20:56:13.938   675   675 I hw_sensor: 252, hw_sensor_set_avdd_val: vdd_val is 12, set result is =-1 
08-06 20:56:13.938   675   675 E hw_sensor: 193, _hw_sensor_set_dvdd: hal_err failed,  vdd_value = 12, ret=-1 
08-06 20:56:13.938   675   675 I hw_sensor: 263, hw_sensor_set_dvdd_val: vdd_val is 12, set result is =1 
08-06 20:56:13.938   675   675 E hw_sensor: 207, _hw_sensor_set_iovdd: hal_err failed,  vdd_value = 12, ret=-1 
08-06 20:56:13.938   675   675 I hw_sensor: 274, hw_sensor_set_iovdd_val: vdd_val is 12, set result is =-1 
08-06 20:56:13.938   675   675 I 9850ka_bf2257_m: 245, bf2257_m_drv_power_on: (1:on, 0:off): 0
08-06 20:56:13.938   675   675 I sns_drv_u: 541, sensor_i2c_deinit: i2c deinit ok
08-06 20:56:13.939   675   675 I sns_drv_u: 3479, sensor_drv_identify: sensor identify id 0 failed
08-06 20:56:13.939   675   675 I hw_sensor: 146, hw_sensor_drv_delete: hw dev delete
08-06 20:56:13.940   675   675 I sns_drv_u: 864, sensor_context_deinit: X
08-06 20:56:13.940   675   675 D sns_drv_xml: 222, sensor_drv_xml_parse_node_data: index i = 0 xm_str = 1
08-06 20:56:13.940   675   675 D sns_drv_xml: 222, sensor_drv_xml_parse_node_data: index i = 1 xm_str = sp250a_m
08-06 20:56:13.940   675   675 D sns_drv_xml: 222, sensor_drv_xml_parse_node_data: index i = 2 xm_str = FRONT
08-06 20:56:13.940   675   675 D sns_drv_xml: 222, sensor_drv_xml_parse_node_data: index i = 3 xm_str = 90
08-06 20:56:13.940   675   675 D sns_drv_xml: 222, sensor_drv_xml_parse_node_data: index i = 4 xm_str = 55
08-06 20:56:13.940   675   675 I hw_sensor: 122, hw_sensor_drv_create: sensor_id:1
08-06 20:56:13.940   675   675 I hw_sensor: 41, _hw_sensor_dev_init: start open sensor device node.
08-06 20:56:13.942   675   675 I hw_sensor: 45, _hw_sensor_dev_init: fd 0x8
08-06 20:56:13.942   675   675 I sns_drv_u: 3439, sensor_drv_identify: sensor drv identify sensor_id 1
08-06 20:56:13.942   675   675 I sns_drv_u: 3446, sensor_drv_identify: search all sensor in the register tab for current sensor_id
08-06 20:56:13.942   675   675 D sns_drv_u: 3248, sensor_drv_load_library: sensor:libso_name libsensor_sp250a_m.so
08-06 20:56:13.943   675   675 I sns_drv_u: 3169, sensor_drv_ic_identify: E
08-06 20:56:13.943   675   675 I sns_drv_u: 562, sensor_get_module_cfg_info: p1:0xe59b6e70,p2:0xe38202a0
08-06 20:56:13.943   675   675 I sns_drv_u: 566, sensor_get_module_cfg_info: tab_size:1,4,112
08-06 20:56:13.943   675   675 I sns_drv_u: 571, sensor_get_module_cfg_info: mid1:1,mid2:1,index:0
08-06 20:56:13.943   675   675 I sns_ic_drv: 40, sensor_ic_drv_create: sns_drv_cxt:0xe3881610
08-06 20:56:13.944   675   675 I 9850ka_sp250a_m: 256, sp250a_m_drv_init_fps_info: E
08-06 20:56:13.944   675   675 I 9850ka_sp250a_m: 259, sp250a_m_drv_init_fps_info: start init
08-06 20:56:13.944   675   675 I 9850ka_sp250a_m: 280, sp250a_m_drv_init_fps_info: mode 0,tempfps 0,frame_len 0,line_time: 0 
08-06 20:56:13.944   675   675 I 9850ka_sp250a_m: 282, sp250a_m_drv_init_fps_info: mode 0,max_fps: 0 
08-06 20:56:13.944   675   675 I 9850ka_sp250a_m: 285, sp250a_m_drv_init_fps_info: is_high_fps: 0,highfps_skip_num 0
08-06 20:56:13.944   675   675 I 9850ka_sp250a_m: 280, sp250a_m_drv_init_fps_info: mode 1,tempfps 30,frame_len 1229,line_time: 26900 
08-06 20:56:13.944   675   675 I 9850ka_sp250a_m: 282, sp250a_m_drv_init_fps_info: mode 1,max_fps: 30 
08-06 20:56:13.944   675   675 I 9850ka_sp250a_m: 285, sp250a_m_drv_init_fps_info: is_high_fps: 0,highfps_skip_num 0
08-06 20:56:13.944   675   675 I 9850ka_sp250a_m: 280, sp250a_m_drv_init_fps_info: mode 2,tempfps 0,frame_len 0,line_time: 0 
08-06 20:56:13.944   675   675 I 9850ka_sp250a_m: 282, sp250a_m_drv_init_fps_info: mode 2,max_fps: 0 
08-06 20:56:13.944   675   675 I 9850ka_sp250a_m: 285, sp250a_m_drv_init_fps_info: is_high_fps: 0,highfps_skip_num 0
08-06 20:56:13.944   675   675 I 9850ka_sp250a_m: 280, sp250a_m_drv_init_fps_info: mode 3,tempfps 0,frame_len 0,line_time: 0 
08-06 20:56:13.944   675   675 I 9850ka_sp250a_m: 282, sp250a_m_drv_init_fps_info: mode 3,max_fps: 0 
08-06 20:56:13.944   675   675 I 9850ka_sp250a_m: 285, sp250a_m_drv_init_fps_info: is_high_fps: 0,highfps_skip_num 0
08-06 20:56:13.944   675   675 I 9850ka_sp250a_m: 280, sp250a_m_drv_init_fps_info: mode 4,tempfps 0,frame_len 0,line_time: 0 
08-06 20:56:13.944   675   675 I 9850ka_sp250a_m: 282, sp250a_m_drv_init_fps_info: mode 4,max_fps: 0 
08-06 20:56:13.944   675   675 I 9850ka_sp250a_m: 285, sp250a_m_drv_init_fps_info: is_high_fps: 0,highfps_skip_num 0
08-06 20:56:13.944   675   675 I 9850ka_sp250a_m: 280, sp250a_m_drv_init_fps_info: mode 5,tempfps 0,frame_len 0,line_time: 0 
08-06 20:56:13.944   675   675 I 9850ka_sp250a_m: 282, sp250a_m_drv_init_fps_info: mode 5,max_fps: 0 
08-06 20:56:13.944   675   675 I 9850ka_sp250a_m: 285, sp250a_m_drv_init_fps_info: is_high_fps: 0,highfps_skip_num 0
08-06 20:56:13.944   675   675 I 9850ka_sp250a_m: 280, sp250a_m_drv_init_fps_info: mode 6,tempfps 0,frame_len 0,line_time: 0 
08-06 20:56:13.944   675   675 I 9850ka_sp250a_m: 282, sp250a_m_drv_init_fps_info: mode 6,max_fps: 0 
08-06 20:56:13.944   675   675 I 9850ka_sp250a_m: 285, sp250a_m_drv_init_fps_info: is_high_fps: 0,highfps_skip_num 0
08-06 20:56:13.945   675   675 I 9850ka_sp250a_m: 280, sp250a_m_drv_init_fps_info: mode 7,tempfps 0,frame_len 0,line_time: 0 
08-06 20:56:13.945   675   675 I 9850ka_sp250a_m: 282, sp250a_m_drv_init_fps_info: mode 7,max_fps: 0 
08-06 20:56:13.945   675   675 I 9850ka_sp250a_m: 285, sp250a_m_drv_init_fps_info: is_high_fps: 0,highfps_skip_num 0
08-06 20:56:13.945   675   675 I 9850ka_sp250a_m: 280, sp250a_m_drv_init_fps_info: mode 8,tempfps 0,frame_len 0,line_time: 0 
08-06 20:56:13.945   675   675 I 9850ka_sp250a_m: 282, sp250a_m_drv_init_fps_info: mode 8,max_fps: 0 
08-06 20:56:13.945   675   675 I 9850ka_sp250a_m: 285, sp250a_m_drv_init_fps_info: is_high_fps: 0,highfps_skip_num 0
08-06 20:56:13.945   675   675 I 9850ka_sp250a_m: 289, sp250a_m_drv_init_fps_info: X
08-06 20:56:13.945   675   675 I sns_drv_u: 518, sensor_i2c_init: i2c init ok
08-06 20:56:13.945   675   675 I sns_drv_u: 3191, sensor_drv_ic_identify: i2c_addr:0x3c
08-06 20:56:13.945   675   675 I hw_sensor: 569, hw_sensor_i2c_set_clk: clock = 100000 
08-06 20:56:13.945   675   675 I sns_drv_u: 245, sensor_power_on: E:power_on = 1
08-06 20:56:13.945   675   675 I hw_sensor: 397, hw_sensor_set_mclk: mclk 0, ret 0 
08-06 20:56:13.952   675   675 I hw_sensor: 252, hw_sensor_set_avdd_val: vdd_val is 12, set result is =0 
08-06 20:56:13.955   675   675 I hw_sensor: 263, hw_sensor_set_dvdd_val: vdd_val is 12, set result is =0 
08-06 20:56:13.958   675   675 I hw_sensor: 274, hw_sensor_set_iovdd_val: vdd_val is 12, set result is =0 
08-06 20:56:13.960   675   675 E hw_sensor: 193, _hw_sensor_set_dvdd: hal_err failed,  vdd_value = 6, ret=-1 
08-06 20:56:13.960   675   675 I hw_sensor: 263, hw_sensor_set_dvdd_val: vdd_val is 6, set result is =1 
08-06 20:56:13.960   650   650 I zn-injector32: inject zygote 644 succeed
08-06 20:56:13.961   644   644 D AndroidRuntime: >>>>>> START com.android.internal.os.ZygoteInit uid 0 <<<<<<
08-06 20:56:13.962   643   643 I AndroidRuntime: Using default boot image
08-06 20:56:13.962   643   643 I AndroidRuntime: Leaving lock profiling enabled
08-06 20:56:13.962   675   675 I hw_sensor: 252, hw_sensor_set_avdd_val: vdd_val is 3, set result is =0 
08-06 20:56:13.962   585   646 I zn-daemon64: ** inject success for 644
08-06 20:56:13.963   585   646 I zn-daemon64: ** write prop
08-06 20:56:13.964   675   675 I hw_sensor: 274, hw_sensor_set_iovdd_val: vdd_val is 6, set result is =0 
08-06 20:56:13.964   777   780 I adbd    : Waiting for persist.adb.tls_server.enable=1
08-06 20:56:13.964   777   782 I adbd    : opening control endpoint /dev/usb-ffs/adb/ep0
08-06 20:56:13.965   777   782 I adbd    : UsbFfsConnection constructed
08-06 20:56:13.967   777   784 I adbd    : UsbFfs-monitor thread spawned
08-06 20:56:13.970   643   643 I zygote64: option[0]=-Xzygote
08-06 20:56:13.970   643   643 I zygote64: option[1]=exit
08-06 20:56:13.970   643   643 I zygote64: option[2]=vfprintf
08-06 20:56:13.970   643   643 I zygote64: option[3]=sensitiveThread
08-06 20:56:13.970   643   643 I zygote64: option[4]=-verbose:gc
08-06 20:56:13.970   643   643 I zygote64: option[5]=-XX:PerfettoHprof=true
08-06 20:56:13.970   643   643 I zygote64: option[6]=-Xprimaryzygote
08-06 20:56:13.970   643   643 I zygote64: option[7]=-Xms8m
08-06 20:56:13.970   643   643 I zygote64: option[8]=-Xmx512m
08-06 20:56:13.970   643   643 I zygote64: option[9]=-XX:HeapGrowthLimit=192m
08-06 20:56:13.970   643   643 I zygote64: option[10]=-XX:HeapMinFree=512k
08-06 20:56:13.970   643   643 I zygote64: option[11]=-XX:HeapMaxFree=8m
08-06 20:56:13.970   643   643 I zygote64: option[12]=-XX:HeapTargetUtilization=0.75
08-06 20:56:13.970   643   643 I zygote64: option[13]=-XX:ForegroundHeapGrowthMultiplier=2.0
08-06 20:56:13.970   643   643 I zygote64: option[14]=-Xusejit:true
08-06 20:56:13.970   643   643 I zygote64: option[15]=-Xjitsaveprofilinginfo
08-06 20:56:13.970   643   643 I zygote64: option[16]=-XX:LowMemoryMode
08-06 20:56:13.971   643   643 I zygote64: option[17]=-XjdwpOptions:suspend=n,server=y
08-06 20:56:13.971   643   643 I zygote64: option[18]=-XjdwpProvider:default
08-06 20:56:13.971   643   643 I zygote64: option[19]=-Xopaque-jni-ids:swapable
08-06 20:56:13.971   643   643 I zygote64: option[20]=-Xlockprofthreshold:500
08-06 20:56:13.971   643   643 I zygote64: option[21]=-Xcompiler-option
08-06 20:56:13.971   643   643 I zygote64: option[22]=-j4
08-06 20:56:13.971   643   643 I zygote64: option[23]=-Xcompiler-option
08-06 20:56:13.971   643   643 I zygote64: option[24]=--generate-mini-debug-info
08-06 20:56:13.971   643   643 I zygote64: option[25]=-Ximage-compiler-option
08-06 20:56:13.971   643   643 I zygote64: option[26]=--runtime-arg
08-06 20:56:13.971   643   643 I zygote64: option[27]=-Ximage-compiler-option
08-06 20:56:13.971   643   643 I zygote64: option[28]=-Xms64m
08-06 20:56:13.971   643   643 I zygote64: option[29]=-Ximage-compiler-option
08-06 20:56:13.971   643   643 I zygote64: option[30]=--runtime-arg
08-06 20:56:13.971   643   643 I zygote64: option[31]=-Ximage-compiler-option
08-06 20:56:13.971   713   713 I ServiceManager: Waiting for service 'media.metrics' on '/dev/binder'...
08-06 20:56:13.971   643   643 I zygote64: option[32]=-Xmx64m
08-06 20:56:13.971   643   643 I zygote64: option[33]=-Ximage-compiler-option
08-06 20:56:13.971   643   643 I zygote64: option[34]=--dirty-image-objects=/system/etc/dirty-image-objects
08-06 20:56:13.971   643   643 I zygote64: option[35]=-Ximage-compiler-option
08-06 20:56:13.971   643   643 I zygote64: option[36]=-j4
08-06 20:56:13.971   643   643 I zygote64: option[37]=-Ximage-compiler-option
08-06 20:56:13.971   643   643 I zygote64: option[38]=--generate-mini-debug-info
08-06 20:56:13.971   643   643 I zygote64: option[39]=-Duser.locale=zh-CN
08-06 20:56:13.971   643   643 I zygote64: option[40]=--cpu-abilist=arm64-v8a
08-06 20:56:13.972   643   643 I zygote64: option[41]=-Xcore-platform-api-policy:just-warn
08-06 20:56:13.972   643   643 I zygote64: option[42]=-Xfingerprint:Phh/treble_arm64_bvN/phhgsi_arm64_ab:11/RD2A.211001.002/mohan10141749:userdebug/test-keys
08-06 20:56:13.975   643   643 I zygote64: Core platform API reporting enabled, enforcing=false
08-06 20:56:13.984   675   675 I hw_sensor: 397, hw_sensor_set_mclk: mclk 24, ret 0 
08-06 20:56:13.987   641   641 I ServiceManager: Waiting for service 'statscompanion' on '/dev/binder'...
08-06 20:56:13.988   732   732 D MODEM_CTRL: secure_boot_get_patiton_info: image[ldsp], normal_offset=0x0, load_offset=0x0, load_size=0x750000
08-06 20:56:13.988   732   732 D MODEM_CTRL: [secure] run in vboot v2 
08-06 20:56:13.988   732   732 D MODEM_CTRL: [secure] load_offset = 0x0 
08-06 20:56:13.988   732   732 D MODEM_CTRL: [secure]get_image_footer_byname: name: /proc/cptl/ldsp
08-06 20:56:13.988   732   732 D MODEM_CTRL: [secure]get_image_footer_byname: partition: l_ldsp
08-06 20:56:13.988   732   732 D MODEM_CTRL: [secure]get_verify_img_footer enter, fin = /dev/block/platform/soc/soc:ap-apb/71400000.sdio/by-name/l_ldsp
08-06 20:56:13.988   732   732 D MODEM_CTRL: [secure]get_verify_img_footer size = 0x1400000
08-06 20:56:13.988   732   732 D MODEM_CTRL: [secure]get_verify_img_footer offset = 0x13fffc0
08-06 20:56:13.988   732   732 D MODEM_CTRL: [secure]get_verify_img_footer read footer.
08-06 20:56:13.994   696   723 D NetworkHAL:  connect to modemd success
08-06 20:56:13.995   733   738 D MODEMD  : modemd_listenaccept_thread: accept client n=8
08-06 20:56:13.995   733   738 D MODEMD  : modemd_listenaccept_thread: fill8 to client[0]
08-06 20:56:13.995   733   740 D MODEMD  : modemd_listen_read_thread: after  select n = 1
08-06 20:56:13.995   733   738 D MODEMD  : modemd_listenaccept_thread: Waiting for new connect ...
08-06 20:56:13.995   733   740 D MODEMD  : modemd_listen_read_thread: client cnct to modemd num = 1, buf = 0
08-06 20:56:13.995   733   740 D MODEMD  : modemd_listen_read_thread: begin select
08-06 20:56:13.995   732   732 D MODEM_CTRL: [secure]get_verify_img_footer read_len = 64
08-06 20:56:13.995   732   732 D MODEM_CTRL: [secure]fill_verify_table: name: /proc/cptl/ldsp
08-06 20:56:13.995   732   732 D MODEM_CTRL: modem_load_image: (/dev/block/platform/soc/soc:ap-apb/71400000.sdio/by-name/l_ldsp(0x0) ==> /proc/cptl/ldsp(0x0) size=0x750000)
08-06 20:56:14.036   675   675 I 9850ka_sp250a_m: 237, sp250a_m_drv_power_on: (1:on, 0:off): 1
08-06 20:56:14.036   675   675 I 9850ka_sp250a_m: 415, sp250a_m_drv_identify: mipi raw identify
08-06 20:56:14.044   675   675 E hw_sensor: 623, hw_sensor_read_reg: hal_err failed,  addr = 0x2, value=0x0, bit=0, ret=-1 
08-06 20:56:14.044   675   675 E 9850ka_sp250a_m: 429, sp250a_m_drv_identify: hal_err sensor identify fail, pid_value = ffff, ver_value = 0
08-06 20:56:14.044   675   675 I sns_drv_u: 3224, sensor_drv_ic_identify: sensor drv ic identify power off
08-06 20:56:14.044   675   675 I sns_drv_u: 245, sensor_power_on: E:power_on = 0
08-06 20:56:14.044   675   675 I hw_sensor: 397, hw_sensor_set_mclk: mclk 0, ret 0 
08-06 20:56:14.044   675   675 I hw_sensor: 252, hw_sensor_set_avdd_val: vdd_val is 12, set result is =0 
08-06 20:56:14.045   675   675 I hw_sensor: 263, hw_sensor_set_dvdd_val: vdd_val is 12, set result is =0 
08-06 20:56:14.045   675   675 I hw_sensor: 274, hw_sensor_set_iovdd_val: vdd_val is 12, set result is =0 
08-06 20:56:14.045   675   675 I 9850ka_sp250a_m: 237, sp250a_m_drv_power_on: (1:on, 0:off): 0
08-06 20:56:14.045   675   675 I sns_drv_u: 541, sensor_i2c_deinit: i2c deinit ok
08-06 20:56:14.045   675   675 I sns_drv_u: 3479, sensor_drv_identify: sensor identify id 1 failed
08-06 20:56:14.045   675   675 I hw_sensor: 146, hw_sensor_drv_delete: hw dev delete
08-06 20:56:14.050   675   675 I sns_drv_u: 864, sensor_context_deinit: X
08-06 20:56:14.050   675   675 D sns_drv_xml: 222, sensor_drv_xml_parse_node_data: index i = 0 xm_str = 1
08-06 20:56:14.050   675   675 D sns_drv_xml: 222, sensor_drv_xml_parse_node_data: index i = 1 xm_str = sp0a09z_m
08-06 20:56:14.050   675   675 D sns_drv_xml: 222, sensor_drv_xml_parse_node_data: index i = 2 xm_str = FRONT
08-06 20:56:14.050   675   675 D sns_drv_xml: 222, sensor_drv_xml_parse_node_data: index i = 3 xm_str = 90
08-06 20:56:14.050   675   675 D sns_drv_xml: 222, sensor_drv_xml_parse_node_data: index i = 4 xm_str = 55
08-06 20:56:14.050   675   675 I hw_sensor: 122, hw_sensor_drv_create: sensor_id:1
08-06 20:56:14.050   675   675 I hw_sensor: 41, _hw_sensor_dev_init: start open sensor device node.
08-06 20:56:14.052   675   675 I hw_sensor: 45, _hw_sensor_dev_init: fd 0x8
08-06 20:56:14.052   675   675 I sns_drv_u: 3439, sensor_drv_identify: sensor drv identify sensor_id 1
08-06 20:56:14.052   675   675 I sns_drv_u: 3446, sensor_drv_identify: search all sensor in the register tab for current sensor_id
08-06 20:56:14.052   675   675 D sns_drv_u: 3248, sensor_drv_load_library: sensor:libso_name libsensor_sp0a09z_m.so
08-06 20:56:14.053   675   675 I sns_drv_u: 3169, sensor_drv_ic_identify: E
08-06 20:56:14.053   675   675 I sns_drv_u: 562, sensor_get_module_cfg_info: p1:0xe59b6e70,p2:0xe380d2a0
08-06 20:56:14.053   675   675 I sns_drv_u: 566, sensor_get_module_cfg_info: tab_size:1,4,112
08-06 20:56:14.053   675   675 I sns_drv_u: 571, sensor_get_module_cfg_info: mid1:1,mid2:1,index:0
08-06 20:56:14.053   675   675 I sns_ic_drv: 40, sensor_ic_drv_create: sns_drv_cxt:0xe3881610
08-06 20:56:14.054   675   675 I 9850ka_sp0a09z_m: 254, sp0a09z_m_drv_init_fps_info: E
08-06 20:56:14.054   675   675 I 9850ka_sp0a09z_m: 257, sp0a09z_m_drv_init_fps_info: start init
08-06 20:56:14.054   675   675 I 9850ka_sp0a09z_m: 278, sp0a09z_m_drv_init_fps_info: mode 0,tempfps 0,frame_len 0,line_time: 0 
08-06 20:56:14.054   675   675 I 9850ka_sp0a09z_m: 280, sp0a09z_m_drv_init_fps_info: mode 0,max_fps: 0 
08-06 20:56:14.054   675   675 I 9850ka_sp0a09z_m: 283, sp0a09z_m_drv_init_fps_info: is_high_fps: 0,highfps_skip_num 0
08-06 20:56:14.054   675   675 I 9850ka_sp0a09z_m: 278, sp0a09z_m_drv_init_fps_info: mode 1,tempfps 29,frame_len 499,line_time: 67200 
08-06 20:56:14.054   675   675 I 9850ka_sp0a09z_m: 280, sp0a09z_m_drv_init_fps_info: mode 1,max_fps: 30 
08-06 20:56:14.054   675   675 I 9850ka_sp0a09z_m: 283, sp0a09z_m_drv_init_fps_info: is_high_fps: 0,highfps_skip_num 0
08-06 20:56:14.054   675   675 I 9850ka_sp0a09z_m: 278, sp0a09z_m_drv_init_fps_info: mode 2,tempfps 29,frame_len 499,line_time: 67200 
08-06 20:56:14.054   675   675 I 9850ka_sp0a09z_m: 280, sp0a09z_m_drv_init_fps_info: mode 2,max_fps: 30 
08-06 20:56:14.054   675   675 I 9850ka_sp0a09z_m: 283, sp0a09z_m_drv_init_fps_info: is_high_fps: 0,highfps_skip_num 0
08-06 20:56:14.054   675   675 I 9850ka_sp0a09z_m: 278, sp0a09z_m_drv_init_fps_info: mode 3,tempfps 0,frame_len 0,line_time: 0 
08-06 20:56:14.054   675   675 I 9850ka_sp0a09z_m: 280, sp0a09z_m_drv_init_fps_info: mode 3,max_fps: 0 
08-06 20:56:14.054   675   675 I 9850ka_sp0a09z_m: 283, sp0a09z_m_drv_init_fps_info: is_high_fps: 0,highfps_skip_num 0
08-06 20:56:14.054   675   675 I 9850ka_sp0a09z_m: 278, sp0a09z_m_drv_init_fps_info: mode 4,tempfps 0,frame_len 0,line_time: 0 
08-06 20:56:14.054   675   675 I 9850ka_sp0a09z_m: 280, sp0a09z_m_drv_init_fps_info: mode 4,max_fps: 0 
08-06 20:56:14.054   675   675 I 9850ka_sp0a09z_m: 283, sp0a09z_m_drv_init_fps_info: is_high_fps: 0,highfps_skip_num 0
08-06 20:56:14.054   675   675 I 9850ka_sp0a09z_m: 278, sp0a09z_m_drv_init_fps_info: mode 5,tempfps 0,frame_len 0,line_time: 0 
08-06 20:56:14.054   675   675 I 9850ka_sp0a09z_m: 280, sp0a09z_m_drv_init_fps_info: mode 5,max_fps: 0 
08-06 20:56:14.054   675   675 I 9850ka_sp0a09z_m: 283, sp0a09z_m_drv_init_fps_info: is_high_fps: 0,highfps_skip_num 0
08-06 20:56:14.054   675   675 I 9850ka_sp0a09z_m: 278, sp0a09z_m_drv_init_fps_info: mode 6,tempfps 0,frame_len 0,line_time: 0 
08-06 20:56:14.054   675   675 I 9850ka_sp0a09z_m: 280, sp0a09z_m_drv_init_fps_info: mode 6,max_fps: 0 
08-06 20:56:14.054   675   675 I 9850ka_sp0a09z_m: 283, sp0a09z_m_drv_init_fps_info: is_high_fps: 0,highfps_skip_num 0
08-06 20:56:14.054   675   675 I 9850ka_sp0a09z_m: 278, sp0a09z_m_drv_init_fps_info: mode 7,tempfps 0,frame_len 0,line_time: 0 
08-06 20:56:14.054   675   675 I 9850ka_sp0a09z_m: 280, sp0a09z_m_drv_init_fps_info: mode 7,max_fps: 0 
08-06 20:56:14.054   675   675 I 9850ka_sp0a09z_m: 283, sp0a09z_m_drv_init_fps_info: is_high_fps: 0,highfps_skip_num 0
08-06 20:56:14.054   675   675 I 9850ka_sp0a09z_m: 278, sp0a09z_m_drv_init_fps_info: mode 8,tempfps 0,frame_len 0,line_time: 0 
08-06 20:56:14.054   675   675 I 9850ka_sp0a09z_m: 280, sp0a09z_m_drv_init_fps_info: mode 8,max_fps: 0 
08-06 20:56:14.054   675   675 I 9850ka_sp0a09z_m: 283, sp0a09z_m_drv_init_fps_info: is_high_fps: 0,highfps_skip_num 0
08-06 20:56:14.054   675   675 I 9850ka_sp0a09z_m: 287, sp0a09z_m_drv_init_fps_info: X
08-06 20:56:14.054   675   675 I sns_drv_u: 518, sensor_i2c_init: i2c init ok
08-06 20:56:14.054   675   675 I sns_drv_u: 3191, sensor_drv_ic_identify: i2c_addr:0x21
08-06 20:56:14.054   675   675 I hw_sensor: 569, hw_sensor_i2c_set_clk: clock = 100000 
08-06 20:56:14.055   675   675 I sns_drv_u: 245, sensor_power_on: E:power_on = 1
08-06 20:56:14.055   675   675 I hw_sensor: 397, hw_sensor_set_mclk: mclk 0, ret 0 
08-06 20:56:14.056   675   675 I hw_sensor: 252, hw_sensor_set_avdd_val: vdd_val is 12, set result is =0 
08-06 20:56:14.060   675   675 I hw_sensor: 263, hw_sensor_set_dvdd_val: vdd_val is 12, set result is =0 
08-06 20:56:14.060   675   675 I hw_sensor: 274, hw_sensor_set_iovdd_val: vdd_val is 12, set result is =0 
08-06 20:56:14.062   675   675 I hw_sensor: 274, hw_sensor_set_iovdd_val: vdd_val is 6, set result is =0 
08-06 20:56:14.062   675   675 E hw_sensor: 193, _hw_sensor_set_dvdd: hal_err failed,  vdd_value = 6, ret=-1 
08-06 20:56:14.062   675   675 I hw_sensor: 263, hw_sensor_set_dvdd_val: vdd_val is 6, set result is =1 
08-06 20:56:14.063   675   675 I hw_sensor: 252, hw_sensor_set_avdd_val: vdd_val is 3, set result is =0 
08-06 20:56:14.063   675   675 I hw_sensor: 397, hw_sensor_set_mclk: mclk 24, ret 0 
08-06 20:56:14.087   641   641 I ServiceManager: Waiting for service 'statscompanion' on '/dev/binder'...
08-06 20:56:14.093   675   675 I 9850ka_sp0a09z_m: 235, sp0a09z_m_drv_power_on: (1:on, 0:off): 1
08-06 20:56:14.093   675   675 I 9850ka_sp0a09z_m: 412, sp0a09z_m_drv_identify: mipi raw identify
08-06 20:56:14.094   675   675 E hw_sensor: 808, hw_sensor_write_reg: hal_err failed,  addr = 0xfd, value=0, bit=0, ret=-1 
08-06 20:56:14.099   675   675 E hw_sensor: 623, hw_sensor_read_reg: hal_err failed,  addr = 0xa0, value=0x0, bit=0, ret=-1 
08-06 20:56:14.099   675   675 E 9850ka_sp0a09z_m: 426, sp0a09z_m_drv_identify: hal_err sensor identify fail, pid_value = ffff, ver_value = 0
08-06 20:56:14.099   675   675 I sns_drv_u: 3224, sensor_drv_ic_identify: sensor drv ic identify power off
08-06 20:56:14.099   675   675 I sns_drv_u: 245, sensor_power_on: E:power_on = 0
08-06 20:56:14.099   675   675 I hw_sensor: 397, hw_sensor_set_mclk: mclk 0, ret 0 
08-06 20:56:14.100   675   675 I hw_sensor: 252, hw_sensor_set_avdd_val: vdd_val is 12, set result is =0 
08-06 20:56:14.100   675   675 I hw_sensor: 263, hw_sensor_set_dvdd_val: vdd_val is 12, set result is =0 
08-06 20:56:14.101   675   675 I hw_sensor: 274, hw_sensor_set_iovdd_val: vdd_val is 12, set result is =0 
08-06 20:56:14.101   675   675 I 9850ka_sp0a09z_m: 235, sp0a09z_m_drv_power_on: (1:on, 0:off): 0
08-06 20:56:14.101   675   675 I sns_drv_u: 541, sensor_i2c_deinit: i2c deinit ok
08-06 20:56:14.101   675   675 I sns_drv_u: 3479, sensor_drv_identify: sensor identify id 1 failed
08-06 20:56:14.101   675   675 I hw_sensor: 146, hw_sensor_drv_delete: hw dev delete
08-06 20:56:14.104   675   675 I sns_drv_u: 864, sensor_context_deinit: X
08-06 20:56:14.105   675   675 D sns_drv_xml: 222, sensor_drv_xml_parse_node_data: index i = 0 xm_str = 1
08-06 20:56:14.105   675   675 D sns_drv_xml: 222, sensor_drv_xml_parse_node_data: index i = 1 xm_str = sp2609_m
08-06 20:56:14.105   675   675 D sns_drv_xml: 222, sensor_drv_xml_parse_node_data: index i = 2 xm_str = FRONT
08-06 20:56:14.105   675   675 D sns_drv_xml: 222, sensor_drv_xml_parse_node_data: index i = 3 xm_str = 90
08-06 20:56:14.105   675   675 D sns_drv_xml: 222, sensor_drv_xml_parse_node_data: index i = 4 xm_str = 55
08-06 20:56:14.105   675   675 I hw_sensor: 122, hw_sensor_drv_create: sensor_id:1
08-06 20:56:14.105   675   675 I hw_sensor: 41, _hw_sensor_dev_init: start open sensor device node.
08-06 20:56:14.110   732   732 D MODEM_CTRL: secure_boot_get_patiton_info: image[cdsp], normal_offset=0x0, load_offset=0x0, load_size=0x100000
08-06 20:56:14.111   732   732 D MODEM_CTRL: [secure] run in vboot v2 
08-06 20:56:14.111   732   732 D MODEM_CTRL: [secure] load_offset = 0x0 
08-06 20:56:14.111   732   732 D MODEM_CTRL: [secure]get_image_footer_byname: name: /proc/cptl/cdsp
08-06 20:56:14.111   732   732 D MODEM_CTRL: [secure]get_image_footer_byname: partition: l_cdsp
08-06 20:56:14.111   732   732 D MODEM_CTRL: [secure]get_verify_img_footer enter, fin = /dev/block/platform/soc/soc:ap-apb/71400000.sdio/by-name/l_cdsp
08-06 20:56:14.111   732   732 D MODEM_CTRL: [secure]get_verify_img_footer size = 0x100000
08-06 20:56:14.111   732   732 D MODEM_CTRL: [secure]get_verify_img_footer offset = 0xfffc0
08-06 20:56:14.111   732   732 D MODEM_CTRL: [secure]get_verify_img_footer read footer.
08-06 20:56:14.111   675   675 I hw_sensor: 45, _hw_sensor_dev_init: fd 0x8
08-06 20:56:14.112   675   675 I sns_drv_u: 3439, sensor_drv_identify: sensor drv identify sensor_id 1
08-06 20:56:14.112   675   675 I sns_drv_u: 3446, sensor_drv_identify: search all sensor in the register tab for current sensor_id
08-06 20:56:14.112   675   675 D sns_drv_u: 3248, sensor_drv_load_library: sensor:libso_name libsensor_sp2609_m.so
08-06 20:56:14.112   675   675 E sns_drv_u: 3251, sensor_drv_load_library: hal_err sensor lib handle failed
08-06 20:56:14.112   675   675 E sns_drv_u: 3457, sensor_drv_identify: hal_err sensor drv load library failed
08-06 20:56:14.112   675   675 I sns_drv_u: 3479, sensor_drv_identify: sensor identify id 1 failed
08-06 20:56:14.112   675   675 I hw_sensor: 146, hw_sensor_drv_delete: hw dev delete
08-06 20:56:14.114   675   675 I sns_drv_u: 864, sensor_context_deinit: X
08-06 20:56:14.115   675   675 D sns_drv_xml: 222, sensor_drv_xml_parse_node_data: index i = 0 xm_str = 1
08-06 20:56:14.115   675   675 D sns_drv_xml: 222, sensor_drv_xml_parse_node_data: index i = 1 xm_str = bf2257_m
08-06 20:56:14.115   675   675 D sns_drv_xml: 222, sensor_drv_xml_parse_node_data: index i = 2 xm_str = FRONT
08-06 20:56:14.115   675   675 D sns_drv_xml: 222, sensor_drv_xml_parse_node_data: index i = 3 xm_str = 90
08-06 20:56:14.115   675   675 D sns_drv_xml: 222, sensor_drv_xml_parse_node_data: index i = 4 xm_str = 55
08-06 20:56:14.115   675   675 I hw_sensor: 122, hw_sensor_drv_create: sensor_id:1
08-06 20:56:14.115   675   675 I hw_sensor: 41, _hw_sensor_dev_init: start open sensor device node.
08-06 20:56:14.115   732   732 D MODEM_CTRL: [secure]get_verify_img_footer read_len = 64
08-06 20:56:14.115   732   732 D MODEM_CTRL: [secure]fill_verify_table: name: /proc/cptl/cdsp
08-06 20:56:14.116   732   732 D MODEM_CTRL: modem_load_image: (/dev/block/platform/soc/soc:ap-apb/71400000.sdio/by-name/l_cdsp(0x0) ==> /proc/cptl/cdsp(0x0) size=0x100000)
08-06 20:56:14.121   675   675 I hw_sensor: 45, _hw_sensor_dev_init: fd 0x8
08-06 20:56:14.121   675   675 I sns_drv_u: 3439, sensor_drv_identify: sensor drv identify sensor_id 1
08-06 20:56:14.121   675   675 I sns_drv_u: 3446, sensor_drv_identify: search all sensor in the register tab for current sensor_id
08-06 20:56:14.121   675   675 D sns_drv_u: 3248, sensor_drv_load_library: sensor:libso_name libsensor_bf2257_m.so
08-06 20:56:14.122   675   675 I sns_drv_u: 3169, sensor_drv_ic_identify: E
08-06 20:56:14.122   675   675 I sns_drv_u: 562, sensor_get_module_cfg_info: p1:0xe59b6e70,p2:0xe38102a0
08-06 20:56:14.122   675   675 I sns_drv_u: 566, sensor_get_module_cfg_info: tab_size:1,4,112
08-06 20:56:14.122   675   675 I sns_drv_u: 571, sensor_get_module_cfg_info: mid1:1,mid2:1,index:0
08-06 20:56:14.122   675   675 I sns_ic_drv: 40, sensor_ic_drv_create: sns_drv_cxt:0xe3881610
08-06 20:56:14.122   675   675 I 9850ka_bf2257_m: 90, bf2257_m_drv_write_frame_length: 20210316-frame_len=1250
08-06 20:56:14.122   675   675 I 9850ka_bf2257_m: 68, bf2257_m_drv_write_gain: temp_gain = 12
08-06 20:56:14.122   675   675 I 9850ka_bf2257_m: 111, bf2257_m_drv_write_shutter: 20210316-shutter=1249
08-06 20:56:14.122   675   675 I 9850ka_bf2257_m: 264, bf2257_m_drv_init_fps_info: E
08-06 20:56:14.122   675   675 I 9850ka_bf2257_m: 267, bf2257_m_drv_init_fps_info: start init
08-06 20:56:14.122   675   675 I 9850ka_bf2257_m: 288, bf2257_m_drv_init_fps_info: mode 0,tempfps 0,frame_len 0,line_time: 0 
08-06 20:56:14.122   675   675 I 9850ka_bf2257_m: 290, bf2257_m_drv_init_fps_info: mode 0,max_fps: 0 
08-06 20:56:14.122   675   675 I 9850ka_bf2257_m: 293, bf2257_m_drv_init_fps_info: is_high_fps: 0,highfps_skip_num 0
08-06 20:56:14.122   675   675 I 9850ka_bf2257_m: 288, bf2257_m_drv_init_fps_info: mode 1,tempfps 29,frame_len 1250,line_time: 26667 
08-06 20:56:14.122   675   675 I 9850ka_bf2257_m: 290, bf2257_m_drv_init_fps_info: mode 1,max_fps: 30 
08-06 20:56:14.122   675   675 I 9850ka_bf2257_m: 293, bf2257_m_drv_init_fps_info: is_high_fps: 0,highfps_skip_num 0
08-06 20:56:14.122   675   675 I 9850ka_bf2257_m: 288, bf2257_m_drv_init_fps_info: mode 2,tempfps 29,frame_len 1250,line_time: 26667 
08-06 20:56:14.123   675   675 I 9850ka_bf2257_m: 290, bf2257_m_drv_init_fps_info: mode 2,max_fps: 30 
08-06 20:56:14.123   675   675 I 9850ka_bf2257_m: 293, bf2257_m_drv_init_fps_info: is_high_fps: 0,highfps_skip_num 0
08-06 20:56:14.123   675   675 I 9850ka_bf2257_m: 288, bf2257_m_drv_init_fps_info: mode 3,tempfps 0,frame_len 0,line_time: 0 
08-06 20:56:14.123   675   675 I 9850ka_bf2257_m: 290, bf2257_m_drv_init_fps_info: mode 3,max_fps: 0 
08-06 20:56:14.123   675   675 I 9850ka_bf2257_m: 293, bf2257_m_drv_init_fps_info: is_high_fps: 0,highfps_skip_num 0
08-06 20:56:14.123   675   675 I 9850ka_bf2257_m: 288, bf2257_m_drv_init_fps_info: mode 4,tempfps 0,frame_len 0,line_time: 0 
08-06 20:56:14.123   675   675 I 9850ka_bf2257_m: 290, bf2257_m_drv_init_fps_info: mode 4,max_fps: 0 
08-06 20:56:14.123   675   675 I 9850ka_bf2257_m: 293, bf2257_m_drv_init_fps_info: is_high_fps: 0,highfps_skip_num 0
08-06 20:56:14.123   675   675 I 9850ka_bf2257_m: 288, bf2257_m_drv_init_fps_info: mode 5,tempfps 0,frame_len 0,line_time: 0 
08-06 20:56:14.123   675   675 I 9850ka_bf2257_m: 290, bf2257_m_drv_init_fps_info: mode 5,max_fps: 0 
08-06 20:56:14.123   675   675 I 9850ka_bf2257_m: 293, bf2257_m_drv_init_fps_info: is_high_fps: 0,highfps_skip_num 0
08-06 20:56:14.123   675   675 I 9850ka_bf2257_m: 288, bf2257_m_drv_init_fps_info: mode 6,tempfps 0,frame_len 0,line_time: 0 
08-06 20:56:14.123   675   675 I 9850ka_bf2257_m: 290, bf2257_m_drv_init_fps_info: mode 6,max_fps: 0 
08-06 20:56:14.123   675   675 I 9850ka_bf2257_m: 293, bf2257_m_drv_init_fps_info: is_high_fps: 0,highfps_skip_num 0
08-06 20:56:14.123   675   675 I 9850ka_bf2257_m: 288, bf2257_m_drv_init_fps_info: mode 7,tempfps 0,frame_len 0,line_time: 0 
08-06 20:56:14.123   675   675 I 9850ka_bf2257_m: 290, bf2257_m_drv_init_fps_info: mode 7,max_fps: 0 
08-06 20:56:14.123   675   675 I 9850ka_bf2257_m: 293, bf2257_m_drv_init_fps_info: is_high_fps: 0,highfps_skip_num 0
08-06 20:56:14.123   675   675 I 9850ka_bf2257_m: 288, bf2257_m_drv_init_fps_info: mode 8,tempfps 0,frame_len 0,line_time: 0 
08-06 20:56:14.123   675   675 I 9850ka_bf2257_m: 290, bf2257_m_drv_init_fps_info: mode 8,max_fps: 0 
08-06 20:56:14.123   675   675 I 9850ka_bf2257_m: 293, bf2257_m_drv_init_fps_info: is_high_fps: 0,highfps_skip_num 0
08-06 20:56:14.123   675   675 I 9850ka_bf2257_m: 297, bf2257_m_drv_init_fps_info: X
08-06 20:56:14.123   675   675 I sns_drv_u: 518, sensor_i2c_init: i2c init ok
08-06 20:56:14.123   675   675 I sns_drv_u: 3191, sensor_drv_ic_identify: i2c_addr:0x3e
08-06 20:56:14.123   675   675 I hw_sensor: 569, hw_sensor_i2c_set_clk: clock = 400000 
08-06 20:56:14.124   675   675 I sns_drv_u: 245, sensor_power_on: E:power_on = 1
08-06 20:56:14.124   675   675 I hw_sensor: 397, hw_sensor_set_mclk: mclk 0, ret 0 
08-06 20:56:14.124   675   675 I hw_sensor: 252, hw_sensor_set_avdd_val: vdd_val is 12, set result is =0 
08-06 20:56:14.125   675   675 I hw_sensor: 263, hw_sensor_set_dvdd_val: vdd_val is 12, set result is =0 
08-06 20:56:14.126   675   675 I hw_sensor: 274, hw_sensor_set_iovdd_val: vdd_val is 12, set result is =0 
08-06 20:56:14.128   675   675 E hw_sensor: 193, _hw_sensor_set_dvdd: hal_err failed,  vdd_value = 6, ret=-1 
08-06 20:56:14.128   675   675 I hw_sensor: 263, hw_sensor_set_dvdd_val: vdd_val is 6, set result is =1 
08-06 20:56:14.131   675   675 I hw_sensor: 252, hw_sensor_set_avdd_val: vdd_val is 3, set result is =0 
08-06 20:56:14.133   675   675 I hw_sensor: 274, hw_sensor_set_iovdd_val: vdd_val is 6, set result is =0 
08-06 20:56:14.138   732   732 D MODEM_CTRL: load_img_from_table: load cpcmdline
08-06 20:56:14.139   732   732 D MODEM_CTRL: modem_load_cp_cmdline (/proc/cmdline ==> /proc/cptl/cpcmdline)
08-06 20:56:14.139   732   732 D MODEM_CTRL: write cmdline [wsize = 216]
08-06 20:56:14.139   732   732 D MODEM_CTRL: load_img_from_table: load nv
08-06 20:56:14.140   732   732 D MODEM_CTRL: modem_load_cp_nv: path=/dev/block/platform/soc/soc:ap-apb/71400000.sdio/by-name/l_fixnv1, bak_path=/dev/block/platform/soc/soc:ap-apb/71400000.sdio/by-name/l_fixnv2, out=/proc/cptl/fixnv
08-06 20:56:14.140   732   732 D MODEM_CTRL:NV_READ:  read_nv_partition path=/dev/block/platform/soc/soc:ap-apb/71400000.sdio/by-name/l_fixnv1, bak_path=/dev/block/platform/soc/soc:ap-apb/71400000.sdio/by-name/l_fixnv2, out=/proc/cptl/fixnv
08-06 20:56:14.142   727   727 D RenderEngine: shader cache generated - 48 shaders in 478.985992 ms
08-06 20:56:14.147   727   727 I HidlServiceManagement: Registered android.frameworks.displayservice@1.0::IDisplayService/default
08-06 20:56:14.148   727   727 D SurfaceFlinger: Setting power mode 2 on display 0
08-06 20:56:14.148   686   765 D SPRDHWComposer: mode change(0 -> 0)
08-06 20:56:14.148   686   765 E SPRDHWComposer: failed to open /sys/class/display/dsi/dpms_mode, fd = -1
08-06 20:56:14.150   727   727 D SurfaceFlinger: Finished setting power mode 2 on display 0
08-06 20:56:14.154   675   675 I hw_sensor: 397, hw_sensor_set_mclk: mclk 24, ret 0 
08-06 20:56:14.167   644   644 I AndroidRuntime: Using default boot image
08-06 20:56:14.167   644   644 I AndroidRuntime: Leaving lock profiling enabled
08-06 20:56:14.183   644   644 I zygote  : option[0]=-Xzygote
08-06 20:56:14.183   644   644 I zygote  : option[1]=exit
08-06 20:56:14.183   644   644 I zygote  : option[2]=vfprintf
08-06 20:56:14.183   644   644 I zygote  : option[3]=sensitiveThread
08-06 20:56:14.183   644   644 I zygote  : option[4]=-verbose:gc
08-06 20:56:14.183   644   644 I zygote  : option[5]=-XX:PerfettoHprof=true
08-06 20:56:14.183   644   644 I zygote  : option[6]=-Xms8m
08-06 20:56:14.183   644   644 I zygote  : option[7]=-Xmx512m
08-06 20:56:14.183   644   644 I zygote  : option[8]=-XX:HeapGrowthLimit=192m
08-06 20:56:14.183   644   644 I zygote  : option[9]=-XX:HeapMinFree=512k
08-06 20:56:14.183   644   644 I zygote  : option[10]=-XX:HeapMaxFree=8m
08-06 20:56:14.183   644   644 I zygote  : option[11]=-XX:HeapTargetUtilization=0.75
08-06 20:56:14.183   644   644 I zygote  : option[12]=-XX:ForegroundHeapGrowthMultiplier=2.0
08-06 20:56:14.183   644   644 I zygote  : option[13]=-Xusejit:true
08-06 20:56:14.183   644   644 I zygote  : option[14]=-Xjitsaveprofilinginfo
08-06 20:56:14.183   644   644 I zygote  : option[15]=-XX:LowMemoryMode
08-06 20:56:14.183   644   644 I zygote  : option[16]=-XjdwpOptions:suspend=n,server=y
08-06 20:56:14.183   644   644 I zygote  : option[17]=-XjdwpProvider:default
08-06 20:56:14.183   644   644 I zygote  : option[18]=-Xopaque-jni-ids:swapable
08-06 20:56:14.184   644   644 I zygote  : option[19]=-Xlockprofthreshold:500
08-06 20:56:14.184   644   644 I zygote  : option[20]=-Xcompiler-option
08-06 20:56:14.184   644   644 I zygote  : option[21]=-j4
08-06 20:56:14.184   644   644 I zygote  : option[22]=-Xcompiler-option
08-06 20:56:14.184   644   644 I zygote  : option[23]=--generate-mini-debug-info
08-06 20:56:14.184   644   644 I zygote  : option[24]=-Ximage-compiler-option
08-06 20:56:14.184   644   644 I zygote  : option[25]=--runtime-arg
08-06 20:56:14.184   644   644 I zygote  : option[26]=-Ximage-compiler-option
08-06 20:56:14.184   644   644 I zygote  : option[27]=-Xms64m
08-06 20:56:14.184   644   644 I zygote  : option[28]=-Ximage-compiler-option
08-06 20:56:14.184   644   644 I zygote  : option[29]=--runtime-arg
08-06 20:56:14.184   644   644 I zygote  : option[30]=-Ximage-compiler-option
08-06 20:56:14.184   644   644 I zygote  : option[31]=-Xmx64m
08-06 20:56:14.184   644   644 I zygote  : option[32]=-Ximage-compiler-option
08-06 20:56:14.184   644   644 I zygote  : option[33]=--dirty-image-objects=/system/etc/dirty-image-objects
08-06 20:56:14.184   644   644 I zygote  : option[34]=-Ximage-compiler-option
08-06 20:56:14.184   644   644 I zygote  : option[35]=-j4
08-06 20:56:14.184   644   644 I zygote  : option[36]=-Ximage-compiler-option
08-06 20:56:14.184   644   644 I zygote  : option[37]=--generate-mini-debug-info
08-06 20:56:14.184   644   644 I zygote  : option[38]=-Duser.locale=zh-CN
08-06 20:56:14.184   644   644 I zygote  : option[39]=--cpu-abilist=armeabi-v7a,armeabi
08-06 20:56:14.184   644   644 I zygote  : option[40]=-Xcore-platform-api-policy:just-warn
08-06 20:56:14.184   644   644 I zygote  : option[41]=-Xfingerprint:Phh/treble_arm64_bvN/phhgsi_arm64_ab:11/RD2A.211001.002/mohan10141749:userdebug/test-keys
08-06 20:56:14.184   675   675 I 9850ka_bf2257_m: 245, bf2257_m_drv_power_on: (1:on, 0:off): 1
08-06 20:56:14.184   675   675 I 9850ka_bf2257_m: 422, bf2257_m_drv_identify: mipi raw identify
08-06 20:56:14.187   644   644 I zygote  : Core platform API reporting enabled, enforcing=false
08-06 20:56:14.188   732   732 D MODEM_CTRL:NV_READ: : both org and bak partition are ok!
08-06 20:56:14.190   641   641 I ServiceManager: Waiting for service 'statscompanion' on '/dev/binder'...
08-06 20:56:14.190   675   675 E hw_sensor: 623, hw_sensor_read_reg: hal_err failed,  addr = 0xfc, value=0x0, bit=128, ret=-1 
08-06 20:56:14.190   675   675 E 9850ka_bf2257_m: 436, bf2257_m_drv_identify: hal_err sensor identify fail, pid_value = ffff, ver_value = 0
08-06 20:56:14.190   675   675 I sns_drv_u: 3224, sensor_drv_ic_identify: sensor drv ic identify power off
08-06 20:56:14.190   675   675 I sns_drv_u: 245, sensor_power_on: E:power_on = 0
08-06 20:56:14.190   675   675 I hw_sensor: 397, hw_sensor_set_mclk: mclk 0, ret 0 
08-06 20:56:14.190   732   732 D MODEM_CTRL: load_img_from_table: load nv
08-06 20:56:14.190   732   732 D MODEM_CTRL: modem_load_cp_nv: path=/dev/block/platform/soc/soc:ap-apb/71400000.sdio/by-name/l_runtimenv1, bak_path=/dev/block/platform/soc/soc:ap-apb/71400000.sdio/by-name/l_runtimenv2, out=/proc/cptl/runnv
08-06 20:56:14.190   732   732 D MODEM_CTRL:NV_READ:  read_nv_partition path=/dev/block/platform/soc/soc:ap-apb/71400000.sdio/by-name/l_runtimenv1, bak_path=/dev/block/platform/soc/soc:ap-apb/71400000.sdio/by-name/l_runtimenv2, out=/proc/cptl/runnv
08-06 20:56:14.191   675   675 I hw_sensor: 252, hw_sensor_set_avdd_val: vdd_val is 12, set result is =0 
08-06 20:56:14.191   675   675 I hw_sensor: 263, hw_sensor_set_dvdd_val: vdd_val is 12, set result is =0 
08-06 20:56:14.191   675   675 I hw_sensor: 274, hw_sensor_set_iovdd_val: vdd_val is 12, set result is =0 
08-06 20:56:14.191   675   675 I 9850ka_bf2257_m: 245, bf2257_m_drv_power_on: (1:on, 0:off): 0
08-06 20:56:14.191   675   675 I sns_drv_u: 541, sensor_i2c_deinit: i2c deinit ok
08-06 20:56:14.192   675   675 I sns_drv_u: 3479, sensor_drv_identify: sensor identify id 1 failed
08-06 20:56:14.192   675   675 I hw_sensor: 146, hw_sensor_drv_delete: hw dev delete
08-06 20:56:14.194   675   675 I sns_drv_u: 864, sensor_context_deinit: X
08-06 20:56:14.195   675   675 D sns_drv_xml: 222, sensor_drv_xml_parse_node_data: index i = 0 xm_str = 0
08-06 20:56:14.195   675   675 D sns_drv_xml: 222, sensor_drv_xml_parse_node_data: index i = 1 xm_str = gc5025_m
08-06 20:56:14.195   675   675 D sns_drv_xml: 222, sensor_drv_xml_parse_node_data: index i = 2 xm_str = BACK
08-06 20:56:14.195   675   675 D sns_drv_xml: 222, sensor_drv_xml_parse_node_data: index i = 3 xm_str = 90
08-06 20:56:14.195   675   675 D sns_drv_xml: 222, sensor_drv_xml_parse_node_data: index i = 4 xm_str = 55
08-06 20:56:14.195   675   675 I hw_sensor: 122, hw_sensor_drv_create: sensor_id:0
08-06 20:56:14.195   675   675 I hw_sensor: 41, _hw_sensor_dev_init: start open sensor device node.
08-06 20:56:14.197   675   675 I hw_sensor: 45, _hw_sensor_dev_init: fd 0x8
08-06 20:56:14.197   675   675 I sns_drv_u: 3439, sensor_drv_identify: sensor drv identify sensor_id 0
08-06 20:56:14.197   675   675 I sns_drv_u: 3446, sensor_drv_identify: search all sensor in the register tab for current sensor_id
08-06 20:56:14.197   675   675 D sns_drv_u: 3248, sensor_drv_load_library: sensor:libso_name libsensor_gc5025_m.so
08-06 20:56:14.209   675   675 I sns_drv_u: 3169, sensor_drv_ic_identify: E
08-06 20:56:14.209   675   675 I sns_drv_u: 562, sensor_get_module_cfg_info: p1:0xe59b6e2c,p2:0xe38092a0
08-06 20:56:14.209   675   675 I sns_drv_u: 566, sensor_get_module_cfg_info: tab_size:1,4,112
08-06 20:56:14.209   675   675 I sns_drv_u: 571, sensor_get_module_cfg_info: mid1:1,mid2:1,index:0
08-06 20:56:14.209   675   675 I sns_ic_drv: 40, sensor_ic_drv_create: sns_drv_cxt:0xe3881610
08-06 20:56:14.209   675   675 I 9850ka_gc5025_m: 83, gc5025_m_drv_write_gain: DGain = 0x40
08-06 20:56:14.209   675   675 I 9850ka_gc5025_m: 159, gc5025_m_drv_write_shutter: cal_shutter = 1984, Dgain_ratio = 256
08-06 20:56:14.209   675   675 I 9850ka_gc5025_m: 164, gc5025_m_drv_write_shutter: gc5025_m_drv_write_shutter,double reset state:on! 
08-06 20:56:14.209   675   675 I 9850ka_gc5025_m: 329, gc5025_m_drv_init_fps_info: E
08-06 20:56:14.209   675   675 I 9850ka_gc5025_m: 332, gc5025_m_drv_init_fps_info: start init
08-06 20:56:14.210   675   675 I 9850ka_gc5025_m: 355, gc5025_m_drv_init_fps_info: mode 0,tempfps 0,frame_len 0,line_time: 0 
08-06 20:56:14.210   675   675 I 9850ka_gc5025_m: 357, gc5025_m_drv_init_fps_info: mode 0,max_fps: 0 
08-06 20:56:14.210   675   675 I 9850ka_gc5025_m: 360, gc5025_m_drv_init_fps_info: is_high_fps: 0,highfps_skip_num 0
08-06 20:56:14.210   675   675 I 9850ka_gc5025_m: 355, gc5025_m_drv_init_fps_info: mode 1,tempfps 29,frame_len 2000,line_time: 16700 
08-06 20:56:14.210   675   675 I 9850ka_gc5025_m: 357, gc5025_m_drv_init_fps_info: mode 1,max_fps: 30 
08-06 20:56:14.210   675   675 I 9850ka_gc5025_m: 360, gc5025_m_drv_init_fps_info: is_high_fps: 0,highfps_skip_num 0
08-06 20:56:14.210   675   675 I 9850ka_gc5025_m: 355, gc5025_m_drv_init_fps_info: mode 2,tempfps 0,frame_len 0,line_time: 0 
08-06 20:56:14.210   675   675 I 9850ka_gc5025_m: 357, gc5025_m_drv_init_fps_info: mode 2,max_fps: 0 
08-06 20:56:14.210   675   675 I 9850ka_gc5025_m: 360, gc5025_m_drv_init_fps_info: is_high_fps: 0,highfps_skip_num 0
08-06 20:56:14.210   675   675 I 9850ka_gc5025_m: 355, gc5025_m_drv_init_fps_info: mode 3,tempfps 0,frame_len 0,line_time: 0 
08-06 20:56:14.210   675   675 I 9850ka_gc5025_m: 357, gc5025_m_drv_init_fps_info: mode 3,max_fps: 0 
08-06 20:56:14.210   675   675 I 9850ka_gc5025_m: 360, gc5025_m_drv_init_fps_info: is_high_fps: 0,highfps_skip_num 0
08-06 20:56:14.210   675   675 I 9850ka_gc5025_m: 355, gc5025_m_drv_init_fps_info: mode 4,tempfps 0,frame_len 0,line_time: 0 
08-06 20:56:14.210   675   675 I 9850ka_gc5025_m: 357, gc5025_m_drv_init_fps_info: mode 4,max_fps: 0 
08-06 20:56:14.210   675   675 I 9850ka_gc5025_m: 360, gc5025_m_drv_init_fps_info: is_high_fps: 0,highfps_skip_num 0
08-06 20:56:14.210   675   675 I 9850ka_gc5025_m: 355, gc5025_m_drv_init_fps_info: mode 5,tempfps 0,frame_len 0,line_time: 0 
08-06 20:56:14.210   675   675 I 9850ka_gc5025_m: 357, gc5025_m_drv_init_fps_info: mode 5,max_fps: 0 
08-06 20:56:14.210   675   675 I 9850ka_gc5025_m: 360, gc5025_m_drv_init_fps_info: is_high_fps: 0,highfps_skip_num 0
08-06 20:56:14.210   675   675 I 9850ka_gc5025_m: 355, gc5025_m_drv_init_fps_info: mode 6,tempfps 0,frame_len 0,line_time: 0 
08-06 20:56:14.210   675   675 I 9850ka_gc5025_m: 357, gc5025_m_drv_init_fps_info: mode 6,max_fps: 0 
08-06 20:56:14.210   675   675 I 9850ka_gc5025_m: 360, gc5025_m_drv_init_fps_info: is_high_fps: 0,highfps_skip_num 0
08-06 20:56:14.210   675   675 I 9850ka_gc5025_m: 355, gc5025_m_drv_init_fps_info: mode 7,tempfps 0,frame_len 0,line_time: 0 
08-06 20:56:14.210   675   675 I 9850ka_gc5025_m: 357, gc5025_m_drv_init_fps_info: mode 7,max_fps: 0 
08-06 20:56:14.210   675   675 I 9850ka_gc5025_m: 360, gc5025_m_drv_init_fps_info: is_high_fps: 0,highfps_skip_num 0
08-06 20:56:14.210   675   675 I 9850ka_gc5025_m: 355, gc5025_m_drv_init_fps_info: mode 8,tempfps 0,frame_len 0,line_time: 0 
08-06 20:56:14.210   675   675 I 9850ka_gc5025_m: 357, gc5025_m_drv_init_fps_info: mode 8,max_fps: 0 
08-06 20:56:14.210   675   675 I 9850ka_gc5025_m: 360, gc5025_m_drv_init_fps_info: is_high_fps: 0,highfps_skip_num 0
08-06 20:56:14.210   675   675 I 9850ka_gc5025_m: 364, gc5025_m_drv_init_fps_info: X
08-06 20:56:14.210   675   675 I sns_drv_u: 518, sensor_i2c_init: i2c init ok
08-06 20:56:14.210   675   675 I sns_drv_u: 3191, sensor_drv_ic_identify: i2c_addr:0x37
08-06 20:56:14.211   675   675 E hw_sensor: 591, hw_sensor_i2c_set_addr: hal_err failed,  addr = 0x37, ret=-1 
08-06 20:56:14.211   675   675 I hw_sensor: 569, hw_sensor_i2c_set_clk: clock = 400000 
08-06 20:56:14.211   675   675 E hw_sensor: 573, hw_sensor_i2c_set_clk: hal_err failed,  clock = 400000, ret=-1 
08-06 20:56:14.211   675   675 I sns_drv_u: 245, sensor_power_on: E:power_on = 1
08-06 20:56:14.211   675   675 E hw_sensor: 322, hw_sensor_power_down: hal_err failed,  power_level = 0, ret=-1 
08-06 20:56:14.211   675   675 E hw_sensor: 362, hw_sensor_set_reset_level: hal_err failed,  level = 0, ret=-1 
08-06 20:56:14.211   675   675 E hw_sensor: 394, hw_sensor_set_mclk: hal_err failed,  mclk = 0, ret = -1  
08-06 20:56:14.211   675   675 I hw_sensor: 397, hw_sensor_set_mclk: mclk 0, ret 1 
08-06 20:56:14.211   675   675 E hw_sensor: 179, _hw_sensor_set_avdd: hal_err failed,  vdd_value = 12, ret=-1 
08-06 20:56:14.211   675   675 I hw_sensor: 252, hw_sensor_set_avdd_val: vdd_val is 12, set result is =-1 
08-06 20:56:14.211   675   675 E hw_sensor: 193, _hw_sensor_set_dvdd: hal_err failed,  vdd_value = 12, ret=-1 
08-06 20:56:14.211   675   675 I hw_sensor: 263, hw_sensor_set_dvdd_val: vdd_val is 12, set result is =1 
08-06 20:56:14.211   675   675 E hw_sensor: 207, _hw_sensor_set_iovdd: hal_err failed,  vdd_value = 12, ret=-1 
08-06 20:56:14.211   675   675 I hw_sensor: 274, hw_sensor_set_iovdd_val: vdd_val is 12, set result is =-1 
08-06 20:56:14.213   675   675 E hw_sensor: 207, _hw_sensor_set_iovdd: hal_err failed,  vdd_value = 6, ret=-1 
08-06 20:56:14.213   675   675 I hw_sensor: 274, hw_sensor_set_iovdd_val: vdd_val is 6, set result is =-1 
08-06 20:56:14.216   675   675 E hw_sensor: 193, _hw_sensor_set_dvdd: hal_err failed,  vdd_value = 9, ret=-1 
08-06 20:56:14.216   675   675 I hw_sensor: 263, hw_sensor_set_dvdd_val: vdd_val is 9, set result is =1 
08-06 20:56:14.217   675   675 E hw_sensor: 179, _hw_sensor_set_avdd: hal_err failed,  vdd_value = 3, ret=-1 
08-06 20:56:14.217   675   675 I hw_sensor: 252, hw_sensor_set_avdd_val: vdd_val is 3, set result is =-1 
08-06 20:56:14.228   675   675 E hw_sensor: 394, hw_sensor_set_mclk: hal_err failed,  mclk = 24, ret = -1  
08-06 20:56:14.228   675   675 I hw_sensor: 397, hw_sensor_set_mclk: mclk 24, ret 1 
08-06 20:56:14.228   675   675 E hw_sensor: 322, hw_sensor_power_down: hal_err failed,  power_level = 1, ret=-1 
08-06 20:56:14.228   675   675 E hw_sensor: 362, hw_sensor_set_reset_level: hal_err failed,  level = 1, ret=-1 
08-06 20:56:14.234   675   675 I 9850ka_gc5025_m: 310, gc5025_m_drv_power_on: (1:on, 0:off): 1
08-06 20:56:14.234   675   675 I 9850ka_gc5025_m: 892, gc5025_m_drv_identify: mipi raw identify
08-06 20:56:14.234   675   675 E hw_sensor: 623, hw_sensor_read_reg: hal_err failed,  addr = 0xf0, value=0x0, bit=128, ret=-1 
08-06 20:56:14.234   675   675 E 9850ka_gc5025_m: 906, gc5025_m_drv_identify: hal_err sensor identify fail, pid_value = ffff, ver_value = 0
08-06 20:56:14.234   675   675 I sns_drv_u: 3224, sensor_drv_ic_identify: sensor drv ic identify power off
08-06 20:56:14.234   675   675 I sns_drv_u: 245, sensor_power_on: E:power_on = 0
08-06 20:56:14.235   675   675 E hw_sensor: 322, hw_sensor_power_down: hal_err failed,  power_level = 0, ret=-1 
08-06 20:56:14.235   675   675 E hw_sensor: 362, hw_sensor_set_reset_level: hal_err failed,  level = 0, ret=-1 
08-06 20:56:14.235   675   675 E hw_sensor: 394, hw_sensor_set_mclk: hal_err failed,  mclk = 0, ret = -1  
08-06 20:56:14.235   675   675 I hw_sensor: 397, hw_sensor_set_mclk: mclk 0, ret 1 
08-06 20:56:14.236   675   675 E hw_sensor: 179, _hw_sensor_set_avdd: hal_err failed,  vdd_value = 12, ret=-1 
08-06 20:56:14.236   675   675 I hw_sensor: 252, hw_sensor_set_avdd_val: vdd_val is 12, set result is =-1 
08-06 20:56:14.236   675   675 E hw_sensor: 193, _hw_sensor_set_dvdd: hal_err failed,  vdd_value = 12, ret=-1 
08-06 20:56:14.236   675   675 I hw_sensor: 263, hw_sensor_set_dvdd_val: vdd_val is 12, set result is =1 
08-06 20:56:14.236   675   675 E hw_sensor: 207, _hw_sensor_set_iovdd: hal_err failed,  vdd_value = 12, ret=-1 
08-06 20:56:14.236   675   675 I hw_sensor: 274, hw_sensor_set_iovdd_val: vdd_val is 12, set result is =-1 
08-06 20:56:14.236   675   675 I 9850ka_gc5025_m: 310, gc5025_m_drv_power_on: (1:on, 0:off): 0
08-06 20:56:14.236   675   675 I sns_drv_u: 541, sensor_i2c_deinit: i2c deinit ok
08-06 20:56:14.237   675   675 I sns_drv_u: 3479, sensor_drv_identify: sensor identify id 0 failed
08-06 20:56:14.237   675   675 I hw_sensor: 146, hw_sensor_drv_delete: hw dev delete
08-06 20:56:14.240   675   675 I sns_drv_u: 864, sensor_context_deinit: X
08-06 20:56:14.242   675   675 D sns_drv_xml: 222, sensor_drv_xml_parse_node_data: index i = 0 xm_str = 1
08-06 20:56:14.242   675   675 D sns_drv_xml: 222, sensor_drv_xml_parse_node_data: index i = 1 xm_str = gc5025_m
08-06 20:56:14.242   675   675 D sns_drv_xml: 222, sensor_drv_xml_parse_node_data: index i = 2 xm_str = FRONT
08-06 20:56:14.242   675   675 D sns_drv_xml: 222, sensor_drv_xml_parse_node_data: index i = 3 xm_str = 90
08-06 20:56:14.242   675   675 D sns_drv_xml: 222, sensor_drv_xml_parse_node_data: index i = 4 xm_str = 55
08-06 20:56:14.243   675   675 I hw_sensor: 122, hw_sensor_drv_create: sensor_id:1
08-06 20:56:14.243   675   675 I hw_sensor: 41, _hw_sensor_dev_init: start open sensor device node.
08-06 20:56:14.244   675   675 I hw_sensor: 45, _hw_sensor_dev_init: fd 0x8
08-06 20:56:14.244   675   675 I sns_drv_u: 3439, sensor_drv_identify: sensor drv identify sensor_id 1
08-06 20:56:14.244   675   675 I sns_drv_u: 3446, sensor_drv_identify: search all sensor in the register tab for current sensor_id
08-06 20:56:14.244   675   675 D sns_drv_u: 3248, sensor_drv_load_library: sensor:libso_name libsensor_gc5025_m.so
08-06 20:56:14.248   732   732 D MODEM_CTRL:NV_READ: : both org and bak partition are ok!
08-06 20:56:14.246   675   675 I sns_drv_u: 3169, sensor_drv_ic_identify: E
08-06 20:56:14.249   675   675 I sns_drv_u: 562, sensor_get_module_cfg_info: p1:0xe59b6e70,p2:0xe38192a0
08-06 20:56:14.249   675   675 I sns_drv_u: 566, sensor_get_module_cfg_info: tab_size:1,4,112
08-06 20:56:14.249   675   675 I sns_drv_u: 571, sensor_get_module_cfg_info: mid1:1,mid2:1,index:0
08-06 20:56:14.249   675   675 I sns_ic_drv: 40, sensor_ic_drv_create: sns_drv_cxt:0xe3881610
08-06 20:56:14.249   675   675 I 9850ka_gc5025_m: 83, gc5025_m_drv_write_gain: DGain = 0x40
08-06 20:56:14.249   675   675 I 9850ka_gc5025_m: 159, gc5025_m_drv_write_shutter: cal_shutter = 1984, Dgain_ratio = 256
08-06 20:56:14.249   675   675 I 9850ka_gc5025_m: 164, gc5025_m_drv_write_shutter: gc5025_m_drv_write_shutter,double reset state:on! 
08-06 20:56:14.249   675   675 I 9850ka_gc5025_m: 329, gc5025_m_drv_init_fps_info: E
08-06 20:56:14.249   675   675 I 9850ka_gc5025_m: 332, gc5025_m_drv_init_fps_info: start init
08-06 20:56:14.249   675   675 I 9850ka_gc5025_m: 355, gc5025_m_drv_init_fps_info: mode 0,tempfps 0,frame_len 0,line_time: 0 
08-06 20:56:14.249   675   675 I 9850ka_gc5025_m: 357, gc5025_m_drv_init_fps_info: mode 0,max_fps: 0 
08-06 20:56:14.249   675   675 I 9850ka_gc5025_m: 360, gc5025_m_drv_init_fps_info: is_high_fps: 0,highfps_skip_num 0
08-06 20:56:14.249   675   675 I 9850ka_gc5025_m: 355, gc5025_m_drv_init_fps_info: mode 1,tempfps 29,frame_len 2000,line_time: 16700 
08-06 20:56:14.249   675   675 I 9850ka_gc5025_m: 357, gc5025_m_drv_init_fps_info: mode 1,max_fps: 30 
08-06 20:56:14.249   675   675 I 9850ka_gc5025_m: 360, gc5025_m_drv_init_fps_info: is_high_fps: 0,highfps_skip_num 0
08-06 20:56:14.249   675   675 I 9850ka_gc5025_m: 355, gc5025_m_drv_init_fps_info: mode 2,tempfps 0,frame_len 0,line_time: 0 
08-06 20:56:14.249   675   675 I 9850ka_gc5025_m: 357, gc5025_m_drv_init_fps_info: mode 2,max_fps: 0 
08-06 20:56:14.250   675   675 I 9850ka_gc5025_m: 360, gc5025_m_drv_init_fps_info: is_high_fps: 0,highfps_skip_num 0
08-06 20:56:14.250   675   675 I 9850ka_gc5025_m: 355, gc5025_m_drv_init_fps_info: mode 3,tempfps 0,frame_len 0,line_time: 0 
08-06 20:56:14.250   675   675 I 9850ka_gc5025_m: 357, gc5025_m_drv_init_fps_info: mode 3,max_fps: 0 
08-06 20:56:14.250   675   675 I 9850ka_gc5025_m: 360, gc5025_m_drv_init_fps_info: is_high_fps: 0,highfps_skip_num 0
08-06 20:56:14.250   675   675 I 9850ka_gc5025_m: 355, gc5025_m_drv_init_fps_info: mode 4,tempfps 0,frame_len 0,line_time: 0 
08-06 20:56:14.250   675   675 I 9850ka_gc5025_m: 357, gc5025_m_drv_init_fps_info: mode 4,max_fps: 0 
08-06 20:56:14.250   675   675 I 9850ka_gc5025_m: 360, gc5025_m_drv_init_fps_info: is_high_fps: 0,highfps_skip_num 0
08-06 20:56:14.250   675   675 I 9850ka_gc5025_m: 355, gc5025_m_drv_init_fps_info: mode 5,tempfps 0,frame_len 0,line_time: 0 
08-06 20:56:14.250   675   675 I 9850ka_gc5025_m: 357, gc5025_m_drv_init_fps_info: mode 5,max_fps: 0 
08-06 20:56:14.250   675   675 I 9850ka_gc5025_m: 360, gc5025_m_drv_init_fps_info: is_high_fps: 0,highfps_skip_num 0
08-06 20:56:14.250   675   675 I 9850ka_gc5025_m: 355, gc5025_m_drv_init_fps_info: mode 6,tempfps 0,frame_len 0,line_time: 0 
08-06 20:56:14.250   675   675 I 9850ka_gc5025_m: 357, gc5025_m_drv_init_fps_info: mode 6,max_fps: 0 
08-06 20:56:14.250   675   675 I 9850ka_gc5025_m: 360, gc5025_m_drv_init_fps_info: is_high_fps: 0,highfps_skip_num 0
08-06 20:56:14.250   675   675 I 9850ka_gc5025_m: 355, gc5025_m_drv_init_fps_info: mode 7,tempfps 0,frame_len 0,line_time: 0 
08-06 20:56:14.250   675   675 I 9850ka_gc5025_m: 357, gc5025_m_drv_init_fps_info: mode 7,max_fps: 0 
08-06 20:56:14.250   675   675 I 9850ka_gc5025_m: 360, gc5025_m_drv_init_fps_info: is_high_fps: 0,highfps_skip_num 0
08-06 20:56:14.250   675   675 I 9850ka_gc5025_m: 355, gc5025_m_drv_init_fps_info: mode 8,tempfps 0,frame_len 0,line_time: 0 
08-06 20:56:14.250   675   675 I 9850ka_gc5025_m: 357, gc5025_m_drv_init_fps_info: mode 8,max_fps: 0 
08-06 20:56:14.250   675   675 I 9850ka_gc5025_m: 360, gc5025_m_drv_init_fps_info: is_high_fps: 0,highfps_skip_num 0
08-06 20:56:14.250   675   675 I 9850ka_gc5025_m: 364, gc5025_m_drv_init_fps_info: X
08-06 20:56:14.253   732   732 D MODEM_CTRL: [secure] check calibration mode 
08-06 20:56:14.253   732   732 D MODEM_CTRL: [secure]modem_check_cmdline,cmdline: earlycon=sprd_serial,0x70100000,115200n8 console=ttyS1,115200n8 loop.max_part=7 loglevel=1  swiotlb=1 init=/init root=/dev/mmcblk0p33 rootfstype=ext4 ro rootwait androidboot.hardware=uws6152_1h10_go androidboot.dtbo_idx=0 printk.devkmsg=on lcd_id=ID5300 lcd_name=lcd_co5300_mipi_410x502_qc_hd lcd_base=9eb0c000 lcd_size=502x408 pixel_clock=13800000 logo_bpix=8  sysdump_magic=85500000 modem=shutdown ltemode=lcsfb rfboard.id=0 rfhw.id=40 crystal=4 32k.less=0 androidboot.pmic.chipid=2730 modemboot.method=emmcboot  androidboot.verifiedbootstate=green androidboot.flash.locked=1  androidboot.serialno=59494650307722
08-06 20:56:14.253   732   732 D MODEM_CTRL: 
08-06 20:56:14.253   732   732 D MODEM_CTRL: [secure]modem_check_cmdline, str -calibration- not found
08-06 20:56:14.253   732   732 D TrustyKernelBootcp: kernel_bootcp_verify_all enter
08-06 20:56:14.253   732   732 D TrustyKernelBootcp: trusty_kernelbootcp_connect enter
08-06 20:56:14.254   732   732 D TrustyKernelBootcp: handle = 5 
08-06 20:56:14.254   732   732 D TrustyKernelBootcp: trusty_kernelbootcp_call enter in_size = 576 out_size = 16
08-06 20:56:14.254   732   732 D TrustyKernelBootcp: handle = 5 msg_size = 580 
08-06 20:56:14.255   675   675 I sns_drv_u: 518, sensor_i2c_init: i2c init ok
08-06 20:56:14.255   675   675 I sns_drv_u: 3191, sensor_drv_ic_identify: i2c_addr:0x37
08-06 20:56:14.255   675   675 I hw_sensor: 569, hw_sensor_i2c_set_clk: clock = 400000 
08-06 20:56:14.255   675   675 I sns_drv_u: 245, sensor_power_on: E:power_on = 1
08-06 20:56:14.257   675   675 I hw_sensor: 397, hw_sensor_set_mclk: mclk 0, ret 0 
08-06 20:56:14.260   675   675 I hw_sensor: 252, hw_sensor_set_avdd_val: vdd_val is 12, set result is =0 
08-06 20:56:14.262   732   732 D TrustyKernelBootcp: write rc = 580 
08-06 20:56:14.267   675   675 I hw_sensor: 263, hw_sensor_set_dvdd_val: vdd_val is 12, set result is =0 
08-06 20:56:14.268   675   675 I hw_sensor: 274, hw_sensor_set_iovdd_val: vdd_val is 12, set result is =0 
08-06 20:56:14.270   675   675 I hw_sensor: 274, hw_sensor_set_iovdd_val: vdd_val is 6, set result is =0 
08-06 20:56:14.273   675   675 I hw_sensor: 263, hw_sensor_set_dvdd_val: vdd_val is 9, set result is =0 
08-06 20:56:14.274   675   675 I hw_sensor: 252, hw_sensor_set_avdd_val: vdd_val is 3, set result is =0 
08-06 20:56:14.285   675   675 I hw_sensor: 397, hw_sensor_set_mclk: mclk 24, ret 0 
08-06 20:56:14.290   641   641 I ServiceManager: Waiting for service 'statscompanion' on '/dev/binder'...
08-06 20:56:14.290   675   675 I 9850ka_gc5025_m: 310, gc5025_m_drv_power_on: (1:on, 0:off): 1
08-06 20:56:14.291   675   675 I 9850ka_gc5025_m: 892, gc5025_m_drv_identify: mipi raw identify
08-06 20:56:14.291   675   675 I 9850ka_gc5025_m: 898, gc5025_m_drv_identify: Identify: pid_value = 50, ver_value = 25
08-06 20:56:14.291   675   675 I 9850ka_gc5025_m: 900, gc5025_m_drv_identify: this is gc5025_m sensor
08-06 20:56:14.291   675   675 I sns_drv_u: 3214, sensor_drv_ic_identify: sensor ic identify ok
08-06 20:56:14.292   675   675 I sns_drv_u: 3224, sensor_drv_ic_identify: sensor drv ic identify power off
08-06 20:56:14.292   675   675 I 9850ka_gc5025_m: 849, gc5025_m_drv_access_val: sensor gc5025_m: param_ptr->type=1e
08-06 20:56:14.292   675   675 I sns_drv_u: 1836, sensor_drv_get_sensor_type: is_4in1_supported 0, sensor_format = 4
08-06 20:56:14.292   675   675 I 9850ka_gc5025_m: 849, gc5025_m_drv_access_val: sensor gc5025_m: param_ptr->type=10
08-06 20:56:14.292   675   675 I sns_ic_drv: 279, sensor_ic_print_static_info: gc5025_m_mipi_raw: f_num: 200
08-06 20:56:14.292   675   675 I sns_ic_drv: 280, sensor_ic_print_static_info: gc5025_m_mipi_raw: max_fps: 30
08-06 20:56:14.292   675   675 I sns_ic_drv: 281, sensor_ic_print_static_info: gc5025_m_mipi_raw: max_adgain: 8
08-06 20:56:14.292   675   675 I sns_ic_drv: 282, sensor_ic_print_static_info: gc5025_m_mipi_raw: ois_supported: 0
08-06 20:56:14.292   675   675 I sns_ic_drv: 283, sensor_ic_print_static_info: gc5025_m_mipi_raw: pdaf_supported: 0
08-06 20:56:14.292   675   675 I sns_ic_drv: 285, sensor_ic_print_static_info: gc5025_m_mipi_raw: exp_valid_frame_num: 1
08-06 20:56:14.292   675   675 I sns_ic_drv: 286, sensor_ic_print_static_info: gc5025_m_mipi_raw: clam_level: 64
08-06 20:56:14.292   675   675 I sns_ic_drv: 288, sensor_ic_print_static_info: gc5025_m_mipi_raw: adgain_valid_frame_num: 1
08-06 20:56:14.292   675   675 I sns_ic_drv: 289, sensor_ic_print_static_info: gc5025_m_mipi_raw: sensor name is: gc5025_m_mipi_raw
08-06 20:56:14.292   675   675 I sns_ic_drv: 291, sensor_ic_print_static_info: gc5025_m_mipi_raw: sensor version info is: gc5025_m_v1
08-06 20:56:14.292   675   675 I sns_ic_drv: 292, sensor_ic_print_static_info: gc5025_m_mipi_raw: up2hori: 0
08-06 20:56:14.292   675   675 I sns_ic_drv: 293, sensor_ic_print_static_info: gc5025_m_mipi_raw: hori2down: 0
08-06 20:56:14.311   675   675 I 9850ka_gc5025_m: 498, gc5025_m_read_otp_info: GC5025_M_OTP_DD : flag_dd = 0x1
08-06 20:56:14.312   675   675 I 9850ka_gc5025_m: 507, gc5025_m_read_otp_info: GC5025_M_OTP_DD is Valid !!
08-06 20:56:14.314   686   765 D ComposerHal: destroying composer client
08-06 20:56:14.314   686   765 E SPRDHWComposer: SprdDisplayCore REGISTER_CALLBACK input para is NULL
08-06 20:56:14.314   686   765 I chatty  : uid=1000(system) HwBinder:686_1 identical 1 line
08-06 20:56:14.314   686   765 E SPRDHWComposer: SprdDisplayCore REGISTER_CALLBACK input para is NULL
08-06 20:56:14.314   686   765 W ComposerHal: destroying client resources for display 527743539344
08-06 20:56:14.314   686   765 W ComposerHal: performing a final presentDisplay
08-06 20:56:14.315   686   765 D ComposerHal: removed composer client
08-06 20:56:14.318   793   793 I ServiceManager: Waiting for service 'SurfaceFlinger' on '/dev/binder'...
08-06 20:56:14.319   675   675 I 9850ka_gc5025_m: 510, gc5025_m_read_otp_info: GC5025_M_OTP : total_number = 3
08-06 20:56:14.323   675   675 I 9850ka_gc5025_m: 530, gc5025_m_read_otp_info: GC5025_M_OTP_DD:index = 0, data[0] = cf , data[1] = 63 , data[2] = 35 ,data[3] = 10 
08-06 20:56:14.323   675   675 I 9850ka_gc5025_m: 530, gc5025_m_read_otp_info: GC5025_M_OTP_DD:index = 1, data[0] = e9 , data[1] = b2 , data[2] = 3f ,data[3] = 12 
08-06 20:56:14.323   675   675 I 9850ka_gc5025_m: 530, gc5025_m_read_otp_info: GC5025_M_OTP_DD:index = 2, data[0] = ad , data[1] = 83 , data[2] = 78 ,data[3] = 12 
08-06 20:56:14.331   675   675 I 9850ka_gc5025_m: 581, gc5025_m_read_otp_info: GC5025_M_OTP_CHIPVESION : flag_chipversion = 0x1
08-06 20:56:14.331   675   675 I 9850ka_gc5025_m: 589, gc5025_m_read_otp_info: GC5025_M_OTP_CHIPVERSION is Valid !!
08-06 20:56:14.340   728   728 D ENGPC   : wait_for_modem_alive: times:590, failed to open tty dev:  /dev/sdiag_lte, fd = -1
08-06 20:56:14.344   675   675 I 9850ka_gc5025_m: 616, gc5025_m_read_otp_info: double_reset_flag = 0x2! 
08-06 20:56:14.348   675   675 I 9850ka_gc5025_m: 794, gc5025_m_gcore_load_data: GC5025_M_OTP_GC val0 = 0x62 , val1 = 0x66 , val2 = 0x35 
08-06 20:56:14.349   675   675 I 9850ka_gc5025_m: 795, gc5025_m_gcore_load_data: GC5025_M_OTP_GC x = 1634 , y = 854 
08-06 20:56:14.349   675   675 I 9850ka_gc5025_m: 794, gc5025_m_gcore_load_data: GC5025_M_OTP_GC val0 = 0x47 , val1 = 0xb7 , val2 = 0x3f 
08-06 20:56:14.349   675   675 I 9850ka_gc5025_m: 795, gc5025_m_gcore_load_data: GC5025_M_OTP_GC x = 1863 , y = 1019 
08-06 20:56:14.350   675   675 I 9850ka_gc5025_m: 794, gc5025_m_gcore_load_data: GC5025_M_OTP_GC val0 = 0x83 , val1 = 0x86 , val2 = 0x78 
08-06 20:56:14.351   675   675 I 9850ka_gc5025_m: 795, gc5025_m_gcore_load_data: GC5025_M_OTP_GC x = 1667 , y = 1928 
08-06 20:56:14.351   675   675 I 9850ka_gc5025_m: 803, gc5025_m_gcore_load_data: GC5025_M_OTP_UPDATE_GC:gc_num = 0
08-06 20:56:14.354   675   675 I 9850ka_gc5025_m: 827, gc5025_m_gcore_load_data: GC5025_M double reset state:on! 
08-06 20:56:14.354   675   675 E sns_drv_xml: 178, sensor_drv_xml_parse_node_data: hal_err node VCM get null
08-06 20:56:14.354   675   675 I sns_drv_u: 3341, sensor_drv_vcm_load_library: don't config vcm in xml file
08-06 20:56:14.354   675   675 E sns_drv_xml: 178, sensor_drv_xml_parse_node_data: hal_err node E2prom get null
08-06 20:56:14.354   675   675 I sns_drv_u: 3291, sensor_drv_otp_load_library: don't config otp in xml file
08-06 20:56:14.354   675   675 I sns_drv_u: 1986, sensor_af_init: sensor gc5025_m_mipi_raw is focus enable 0
08-06 20:56:14.354   675   675 I sns_drv_u: 2000, sensor_af_init: af_drv_entry not configured:module:0xe59b6e70,entry:0x0,af_ops:0x0
08-06 20:56:14.354   675   675 I sns_drv_u: 2140, sensor_otp_module_init: in
08-06 20:56:14.354   675   675 I sns_drv_u: 2161, sensor_otp_module_init: otp_drv_entry is not configured in sensor_cfg.c
08-06 20:56:14.354   675   675 I sns_drv_u: 2163, sensor_otp_module_init: out
08-06 20:56:14.354   675   675 I sns_drv_u: 3088, sensor_drv_get_module_otp_data: otp_drv_entry not configured:mod:0xe59b6e70,otp_drv:0x0
08-06 20:56:14.355   675   675 I sns_drv_u: 2171, sensor_otp_module_deinit: in
08-06 20:56:14.355   675   675 I sns_drv_u: 2180, sensor_otp_module_deinit: Don't has otp instance,no need to release
08-06 20:56:14.355   675   675 I sns_drv_u: 2182, sensor_otp_module_deinit: out
08-06 20:56:14.355   675   675 I sns_drv_u: 2026, sensor_af_deinit: AF_DEINIT:Don't register af driver,return directly
08-06 20:56:14.355   675   675 D sns_drv_xml: 222, sensor_drv_xml_parse_node_data: index i = 0 xm_str = gc5025_m
08-06 20:56:14.355   675   675 D sns_drv_u: 3395, sensor_drv_tuning_load_library: tuning:libso_name libparam_gc5025_m.so
08-06 20:56:14.370   675   675 I sns_drv_u: 245, sensor_power_on: E:power_on = 0
08-06 20:56:14.371   675   675 I hw_sensor: 397, hw_sensor_set_mclk: mclk 0, ret 0 
08-06 20:56:14.372   675   675 I hw_sensor: 252, hw_sensor_set_avdd_val: vdd_val is 12, set result is =0 
08-06 20:56:14.372   675   675 I hw_sensor: 263, hw_sensor_set_dvdd_val: vdd_val is 12, set result is =0 
08-06 20:56:14.373   675   675 I hw_sensor: 274, hw_sensor_set_iovdd_val: vdd_val is 12, set result is =0 
08-06 20:56:14.373   675   675 I 9850ka_gc5025_m: 310, gc5025_m_drv_power_on: (1:on, 0:off): 0
08-06 20:56:14.373   675   675 I sns_drv_u: 541, sensor_i2c_deinit: i2c deinit ok
08-06 20:56:14.373   675   675 I sns_drv_u: 3479, sensor_drv_identify: sensor identify id 1 ok
08-06 20:56:14.373   675   675 I sns_drv_u: 3134, sensor_drv_store_version_info: E
08-06 20:56:14.373   675   675 I sns_drv_u: 3154, sensor_drv_store_version_info: X
08-06 20:56:14.373   675   675 I hw_sensor: 146, hw_sensor_drv_delete: hw dev delete
08-06 20:56:14.376   585   646 I zn-daemon64: zygote (64bit) (643) died, 0x9 signaled with KILL(9)
08-06 20:56:14.378   675   675 I sns_drv_u: 864, sensor_context_deinit: X
08-06 20:56:14.378   585   646 W zn-daemon64: zygote 643 died, temporarily disable anonymous memory for next repro
08-06 20:56:14.378   675   675 I sns_drv_u: 1948, sensor_rid_save_sensor_info: E
08-06 20:56:14.378   675   675 I sns_drv_u: 1950, sensor_rid_save_sensor_info: sensor_version_info info gc5025_m_v1 5M 
08-06 20:56:14.378   675   675 I sns_drv_u:  
08-06 20:56:14.379   585   646 I zn-daemon64: zygote bugreport written to /data/adb/zygisksu/bugreports/20260806-205614-zygote-643.txt
08-06 20:56:14.379   585   646 I zn-daemon64: ** write prop
08-06 20:56:14.380   675   675 I sns_drv_u: 1967, sensor_rid_save_sensor_info: X
08-06 20:56:14.380   675   675 I sns_drv_u: 3680, sensor_drv_scan_hw: scan physical number 2 logical number 4
08-06 20:56:14.380   675   675 I sns_drv_u: 3577, sensor_drv_scan_hw: driver has scaned physical number 2 logical_number 4
08-06 20:56:14.380   675   675 I Cam3Setting: wqwq  getNumberOfCameras:1
08-06 20:56:14.380   675   675 I Cam3DualTuning: 92, SprdDualCamera3Tuning:  E
08-06 20:56:14.380   675   675 I Cam3DualTuning: 120, SprdDualCamera3Tuning: X
08-06 20:56:14.380   675   675 I Cam3SingleFaceIdR: 91, SprdCamera3SingleFaceIdRegister: E
08-06 20:56:14.380   675   675 I Cam3SingleFaceIdR: 108, SprdCamera3SingleFaceIdRegister: X
08-06 20:56:14.380   675   675 I Cam3SingleFaceIdU: 91, SprdCamera3SingleFaceIdUnlock: E
08-06 20:56:14.380   675   675 I Cam3SingleFaceIdU: 108, SprdCamera3SingleFaceIdUnlock: X
08-06 20:56:14.380   675   675 I Cam33dZoomV1: 57, SprdCamera3OpticsZoomV1:  E
08-06 20:56:14.380   675   675 I Cam33dZoomV1: 740, TWPreviewMuxerThread: E
08-06 20:56:14.380   675   675 I Cam33dZoomV1: 743, TWPreviewMuxerThread: X
08-06 20:56:14.380   675   675 I Cam33dZoomV1: 947, TWCaptureThread: E
08-06 20:56:14.380   675   675 I Cam33dZoomV1: 953, TWCaptureThread: X
08-06 20:56:14.381   675   675 I Cam33dZoomV1: 74, SprdCamera3OpticsZoomV1: X
08-06 20:56:14.381   675   675 D Cam33dZoomV1: 107, getCamera3dZoomV1: gZoomV1: 0xe3646430 
08-06 20:56:14.381   675   675 I CamProvider@2.4-impl-sprd: Loaded "Sprd Camera HAL3" camera module
08-06 20:56:14.383   675   675 I CamProvider@2.4-impl-sprd: number of cameras: 1 
08-06 20:56:14.383   675   675 I Cam3Factory: 194, getCameraInfo: E, camera_id = 0
08-06 20:56:14.383   675   675 I Cam3Setting: 1051, getSensorStaticInfo: E
08-06 20:56:14.383   675   675 D sns_drv_u: 3759, sensorGetRole: can't find sensor role 0x300
08-06 20:56:14.383   675   675 D sns_drv_u: 3759, sensorGetRole: can't find sensor role 0x210
08-06 20:56:14.383   675   675 D Cam3Setting: 999, setLargestSensorSize: camera id = 0, max_width =0, max_height = 0
08-06 20:56:14.383   675   675 I Cam3Setting: 1090, getSensorStaticInfo: camera id = 0, sensor_max_height = 0, sensor_max_width = 0, module_id = 0x0 sensor_name =,pdaf_supported=0
08-06 20:56:14.383   675   675 I Cam3Setting: 1096, getSensorStaticInfo: sensor sensorFocusEnable = 0, fov physical size (3.500000, 2.625000), focal_lengths 3.750000
08-06 20:56:14.383   675   675 I Cam3Setting: 1101, getSensorStaticInfo: X
08-06 20:56:14.383   675   675 I Cam3Setting: 1360, setDefaultParaInfo: Camera 0, physical_size 3.500000, 2.625000
08-06 20:56:14.383   675   675 D Cam3Setting: 1666, initStaticParametersforLensInfo: log_parameters_lens_statics_info:0
08-06 20:56:14.383   675   675 D Cam3Setting: 1798, initStaticParametersforScalerInfo: cameraId=0, largest_sensor_w=0, largest_sensor_h=0
08-06 20:56:14.383   675   675 I Cam3Setting: 1968, initStaticParametersforScalerInfo: id=0 format=35
08-06 20:56:14.384   675   675 D sns_drv_u: 3759, sensorGetRole: can't find sensor role 0x300
08-06 20:56:14.384   675   675 D sns_drv_u: 3759, sensorGetRole: can't find sensor role 0x210
08-06 20:56:14.384   675   675 D Cam3Setting: 1988, initStaticParametersforScalerInfo: cameraId = 0, ultrawide_id = -1, max_digital_zoom = 4.000000
08-06 20:56:14.384   675   675 D Cam3Setting: 1126, isStl3dAvailable: Stl3d is not available
08-06 20:56:14.384   675   675 D Cam3Setting: 2003, initStaticParametersforScalerInfo: log_parameters_Scaler_statics_info:0
08-06 20:56:14.384   675   675 D Cam3Setting: 1610, initStaticParametersforSensorInfo: log_parameters_sensor_statics_info:0
08-06 20:56:14.384   675   675 I Cam3Setting: 988, getJpegStreamSize: jpeg_stream_size = 3928584
08-06 20:56:14.384   675   675 I Cam3Setting: 2336, initStaticParameters: cameraId:0, availabe_ai_scene:1,  sprd_ai_scene_type_current:0,pdaf_type=0
08-06 20:56:14.384   675   675 D sns_drv_u: 3759, sensorGetRole: can't find sensor role 0x300
08-06 20:56:14.384   675   675 I Cam3Setting: 2489, initStaticParameters: Auto set rear camera high resolution 0
08-06 20:56:14.384   675   675 I Cam3Setting: 2523, initStaticParameters: Auto set front camera high resolution 0
08-06 20:56:14.384   675   675 D Cam3Setting: 1126, isStl3dAvailable: Stl3d is not available
08-06 20:56:14.396   641   641 I ServiceManager: Waiting for service 'statscompanion' on '/dev/binder'...
08-06 20:56:14.405   585   655 I zn-daemon64: zygote_secondary (32bit) (644) died, 0x9 signaled with KILL(9)
08-06 20:56:14.411   585   655 I zn-daemon64: zygote bugreport written to /data/adb/zygisksu/bugreports/20260806-205614-zygote_secondary-644.txt
08-06 20:56:14.411   585   655 I zn-daemon64: ** write prop
08-06 20:56:14.419   793   793 I ServiceManager: Waiting for service 'SurfaceFlinger' on '/dev/binder'...
08-06 20:56:14.469   585   655 I zn-daemon64: ** new zygote process: 804 /system/bin/app_process64 name=zygote
08-06 20:56:14.476   675   675 D android.hardware.camera.provider@2.4-service: L 832, interface_init:interface_init start now
08-06 20:56:14.477   675   675 D android.hardware.camera.provider@2.4-service: L 883, interface_init:retrieve customer input len failed
08-06 20:56:14.477   675   675 D android.hardware.camera.provider@2.4-service: L 887, interface_init:size of customer input key now is 0
08-06 20:56:14.477   675   675 D android.hardware.camera.provider@2.4-service: L 902, interface_init:NO valid key
08-06 20:56:14.477   675   675 D android.hardware.camera.provider@2.4-service: L 820, handle_lib_name:interface with algo name = vendor/lib/libverify.so
08-06 20:56:14.478   585   677 I zn-daemon64: ** new zygote process: 805 /system/bin/app_process32 name=zygote_secondary
08-06 20:56:14.480   806   806 I zn-daemon64: ** run zygote-injector for 804: 806 ./bin/zygiskd64
08-06 20:56:14.481   675   759 I libloader: succeed to open lib 'libispalg.so' 0xeeeb5073
08-06 20:56:14.488   807   807 I zn-daemon64: ** run zygote-injector for 805: 807 ./bin/zygiskd32
08-06 20:56:14.491   803   803 I wificond: wificond is starting up...
08-06 20:56:14.497   641   641 I ServiceManager: Waiting for service 'statscompanion' on '/dev/binder'...
08-06 20:56:14.502   675   759 I libloader: succeed to open lib 'libjpeg_hw_sprd.so' 0xc2f5317f
08-06 20:56:14.502   675   759 I libloader: loading finished
08-06 20:56:14.505   803   803 I HidlServiceManagement: Registered android.system.wifi.keystore@1.0::IKeystore/default
08-06 20:56:14.510   806   806 I zn-injector64: injecting zygote 804 (injector 806)
08-06 20:56:14.519   793   793 I ServiceManager: Waiting for service 'SurfaceFlinger' on '/dev/binder'...
08-06 20:56:14.534   807   807 I zn-injector32: injecting zygote 805 (injector 807)
08-06 20:56:14.538   675   675 D android.hardware.camera.provider@2.4-service: L 820, handle_lib_name:interface with algo name = vendor/lib/libinfo.so
08-06 20:56:14.612   641   641 I ServiceManager: Waiting for service 'statscompanion' on '/dev/binder'...
08-06 20:56:14.634   675   675 D android.hardware.camera.provider@2.4-service: L 2369, check_property:interface persist is 0 atoi is 0
08-06 20:56:14.634   675   675 D android.hardware.camera.provider@2.4-service: L 2377, check_property:interface run DEMO now
08-06 20:56:14.634   675   675 D android.hardware.camera.provider@2.4-service: L 1055, interface_init:DEMO test now
08-06 20:56:14.634   675   675 D android.hardware.camera.provider@2.4-service: L 1195, interface_init:interface init finishing
08-06 20:56:14.634   675   675 I Cam3Setting: 2550, initStaticParameters: available_cam_features=23
08-06 20:56:14.634   675   675 D Cam3Setting: 2595, initStaticMetadataforLensInfo: log_Metadata_lens_statics_info:0
08-06 20:56:14.634   675   675 D Cam3Setting: 2643, initStaticMetadataforSensorInfo: log_Metadata_sensor_statics_info:0
08-06 20:56:14.635   675   675 I Cam3Setting: 2670, initStaticMetadataforScalerInfo: format=35 size=3
08-06 20:56:14.635   675   675 D Cam3Setting: 2692, initStaticMetadataforScalerInfo: log_Metadata_scaler_statics_info:0
08-06 20:56:14.636   793   793 I ServiceManager: Waiting for service 'SurfaceFlinger' on '/dev/binder'...
08-06 20:56:14.651   675   675 I Cam3Setting: 2984, initStaticMetadata: initStaticMetadata availabe_auto_3dnr =0,
08-06 20:56:14.651   675   675 D sns_drv_u: 3759, sensorGetRole: can't find sensor role 0x300
08-06 20:56:14.658   812   812 I installd: installd firing up
08-06 20:56:14.661   675   675 I ServiceManagement: Removing namespace from process name android.hardware.camera.provider@2.4-service to provider@2.4-service.
08-06 20:56:14.668   675   675 I android.hardware.camera.provider@2.4-service: Registration complete for android.hardware.camera.provider@2.4::ICameraProvider/legacy/0.
08-06 20:56:14.697   802   802 I mediaserver: ServiceManager: 0xf2e80970
08-06 20:56:14.698   802   802 D mediaserver: Time zone APEX ICU file found: /apex/com.android.tzdata/etc/icu/icu_tzdata.dat
08-06 20:56:14.703   732   732 D TrustyKernelBootcp: read rc = 4 
08-06 20:56:14.704   732   732 D TrustyKernelBootcp: trusty_kernelbootcp_disconnect enter
08-06 20:56:14.704   732   732 D TrustyKernelBootcp: kernel_bootcp_verify_all leave, ret = 4 
08-06 20:56:14.704   732   732 D MODEM_CTRL: [secure]secure_boot_verify_all: ret = 4
08-06 20:56:14.704   732   732 D MODEM_CTRL: modem_load_run: run = 1!
08-06 20:56:14.704   732   732 D MODEM_CTRL: modem_load_run: path = /proc/pmic/start
08-06 20:56:14.704   732   732 D MODEM_CTRL: write_proc_file: file is /proc/pmic/start, string is 1!
08-06 20:56:14.715   802   802 D mediaserver: I18n APEX ICU file found: /apex/com.android.i18n/etc/icu/icudt66l.dat
08-06 20:56:14.720   641   641 I ServiceManager: Waiting for service 'statscompanion' on '/dev/binder'...
08-06 20:56:14.723   802   802 W BatteryNotifier: batterystats service unavailable!
08-06 20:56:14.724   802   802 W BatteryNotifier: batterystats service unavailable!
08-06 20:56:14.736   793   793 I ServiceManager: Waiting for service 'SurfaceFlinger' on '/dev/binder'...
08-06 20:56:14.763   732   732 D MODEM_CTRL: modem_load_run: run = 1!
08-06 20:56:14.763   732   732 D MODEM_CTRL: modem_load_run: path = /proc/cptl/start
08-06 20:56:14.763   732   732 D MODEM_CTRL: write_proc_file: file is /proc/cptl/start, string is 1!
08-06 20:56:14.801   813   813 I iorapd  : iorapd (the prefetchening) firing up
08-06 20:56:14.812   226   226 I hwservicemanager: getTransport: Cannot find entry android.hardware.keymaster@4.0::IKeymasterDevice/default in either framework or device manifest.
08-06 20:56:14.820   641   641 I ServiceManager: Waiting for service 'statscompanion' on '/dev/binder'...
08-06 20:56:14.823   813   813 I iorapd  : Opened existing database at '/data/misc/iorapd/sqlite.db'
08-06 20:56:14.822   814   814 I keystore: found android.hardware.keymaster@3.0::IKeymasterDevice with interface name default and seclevel TRUSTED_ENVIRONMENT
08-06 20:56:14.834   813   813 W iorapd  : Reconnect to package manager service: 1 times
08-06 20:56:14.837   793   793 I ServiceManager: Waiting for service 'SurfaceFlinger' on '/dev/binder'...
08-06 20:56:14.852   828   828 D otpd    : main :start switchUser!!!
08-06 20:56:14.853   828   828 E otpd    : ro.vendor.camera.otptype = 
08-06 20:56:14.853   828   828 D otpd    : init_otp_parament:ro_prop ro.vendor.camera
08-06 20:56:14.853   828   828 D otpd    : init_otp_parament:otpdata_property is ro.vendor.camera.otpdata_size otpdata 784
08-06 20:56:14.853   828   828 D otpd    : otpdata_size 784
08-06 20:56:14.853   828   828 D otpd    : init_otp_parament:otpdata_ori_path /data/vendor/local/otpdata/otpdata.txt otpdata_golden_path /system/etc/otpdata/otpgoldendata.txt  otpdata_bak_path /mnt/vendor/productinfo/otpdata/otpbkdata.txt
08-06 20:56:14.860   828   828 D otpd    : ramDisk_Init:i = 0	0x1	/data/vendor/local/otpdata/otpdata.txt	/mnt/vendor/productinfo/otpdata/otpbkdata.txt	/system/etc/otpdata/otpgoldendata.txt	0x     100
08-06 20:56:14.860   828   828 D otpd    : ramDisk_Read:ramDisk_Read enter
08-06 20:56:14.860   828   828 D otpd    : ramDisk_Read:partId1:/data/vendor/local/otpdata/otpdata.txt open file failed!
08-06 20:56:14.860   813   813 I ServiceManager: Waiting for service 'package_native' on '/dev/binder'...
08-06 20:56:14.861   828   828 D otpd    : ramDisk_Read:partId1:/mnt/vendor/productinfo/otpdata/otpbkdata.txt open file failed!
08-06 20:56:14.861   828   828 D otpd    : ramDisk_Read:partId1:/system/etc/otpdata/otpgoldendata.txt read golden data write otp and otp_bk is ok!
08-06 20:56:14.861   816   816 V MediaUtils: physMem: 4097171456
08-06 20:56:14.861   816   816 V MediaUtils: requested limit: 134217728
08-06 20:56:14.862   816   816 I libc    : malloc_limit: Allocation limit enabled, max size 134217728 bytes
08-06 20:56:14.862   825   825 D sensor  : sensors_dw
08-06 20:56:14.863   816   816 D AudioPowerUsage: AudioPowerUsage
08-06 20:56:14.863   825   825 E sensor  : open /dev/input/mice fail , fd=-1
08-06 20:56:14.863   816   816 D AudioAnalytics: AudioAnalytics
08-06 20:56:14.863   816   816 D MediaMetricsService: MediaMetricsService
08-06 20:56:14.872   828   835 D OTPD    : otpd_listenaccept_thread: Waiting for new connect ...
08-06 20:56:14.883   732   732 D MODEM_CTRL: load_modem_img: wake lock bEnable = 0!
08-06 20:56:14.884   732   732 D MODEM_CTRL: wait_for_modem_alive: wake lock bEnable = 1!
08-06 20:56:14.884   828   839 D OTPD    : otpd_listen_read_thread: enter
08-06 20:56:14.884   828   839 D OTPD    : otpd_listen_read_thread: begin select
08-06 20:56:14.884   732   732 D MODEM_CTRL: wait_for_modem_alive: alive_dev = /dev/stty_lte0
08-06 20:56:14.893   817   817 I netdClient: Skipping libnetd_client init since *we* are netd
08-06 20:56:14.893   829   829 I PhaseCheckSrv: phasecheck_sprd Nativeserver - main() begin
08-06 20:56:14.894   829   829 I PhaseCheckSrv: phasecheck_sprd NativeService create
08-06 20:56:14.894   829   829 I PhaseCheckSrv: <phasecheck_srv> is created. fd = 5
08-06 20:56:14.894   829   829 I PhaseCheckSrv: wait connect....
08-06 20:56:14.905   817   817 I netd    : netd 1.0 starting
08-06 20:56:14.912   801   801 I cameraserver: ServiceManager: 0xf53c0770
08-06 20:56:14.913   801   801 I CameraService: CameraService started (pid=801)
08-06 20:56:14.913   801   801 I CameraService: CameraService process starting
08-06 20:56:14.914   801   801 W BatteryNotifier: batterystats service unavailable!
08-06 20:56:14.914   801   801 W BatteryNotifier: batterystats service unavailable!
08-06 20:56:14.921   641   641 I ServiceManager: Waiting for service 'statscompanion' on '/dev/binder'...
08-06 20:56:14.920   833   833 E SLOGCP  : main: slogmodem start ID=2000/2000, GID=1000/1000
08-06 20:56:14.921   833   833 E SLOGCP  : main: vendor process run on kali Linux,sleep...
08-06 20:56:14.923   801   801 I CameraProviderManager: Connecting to new camera provider: legacy/0, isRemote? 1
08-06 20:56:14.927   817   817 D TetherController: Setting IP forward enable = 0
08-06 20:56:14.927   801   801 E CameraProviderManager: Listing camera ID device@3.3/legacy/0
08-06 20:56:14.928   801   801 I CameraProviderManager: Enumerating new camera device: device@3.3/legacy/0
08-06 20:56:14.932   801   801 E CameraProviderManager: DeviceInfo3: Converted ICameraDevice instance to nullptr
08-06 20:56:14.932   801   801 I CameraProviderManager: Camera provider legacy/0 ready with 1 camera devices
08-06 20:56:14.932   801   841 W CameraProviderManager: addProviderLocked: Camera provider HAL with name 'legacy/0' already registered
08-06 20:56:14.933   801   841 I CameraService: onDeviceStatusChanged: Status changed for cameraId=0, newStatus=1
08-06 20:56:14.933   801   841 I CameraService: onDeviceStatusChanged: Unknown camera ID 0, a new camera is added
08-06 20:56:14.933   801   841 V CameraService: filterAPI1SystemCameraLocked: number of API1 compatible public cameras is 1
08-06 20:56:14.934   801   841 V CameraService: supportsCameraApi: for camera ID = 0
08-06 20:56:14.934   801   841 V CameraService: supportsCameraApi: Camera id 0 uses HAL3.2 or newer, supports api1/api2 directly
08-06 20:56:14.934   801   841 V CameraService: updateStatus: Status has changed for camera ID 0 from 0 to 0x1
08-06 20:56:14.935   801   801 I cameraserver: Waiting for activity service
08-06 20:56:14.938   793   793 I ServiceManager: Waiting for service 'SurfaceFlinger' on '/dev/binder'...
08-06 20:56:14.938   830   830 D refnotify: Enter RefNotify main 
08-06 20:56:14.938   830   830 D refnotify: get L_NOTIFY_DEV property path is: /dev/spipe_lte8 
08-06 20:56:14.939   830   830 E refnotify: RefNotify open /dev/spipe_lte8 failed, error: No such device
08-06 20:56:14.961   813   813 I ServiceManager: Waiting for service 'package_native' on '/dev/binder'...
08-06 20:56:14.967   777   784 W adbd    : timed out while waiting for FUNCTIONFS_BIND, trying again
08-06 20:56:14.967   777   784 I adbd    : UsbFfs: connection terminated: monitor thread finished
08-06 20:56:14.968   777   777 I adbd    : UsbFfs: already offline
08-06 20:56:14.968   777   777 I adbd    : destroying transport UsbFfs
08-06 20:56:14.968   777   777 I adbd    : UsbFfsConnection being destroyed
08-06 20:56:14.972   827   827 E MODEMLSV: main: modem_log_service start ID=2000/2000, GID=1000/1000
08-06 20:56:14.972   827   827 E MODEMLSV: parse_config_file: config file is /vendor/etc/mlogservice.conf
08-06 20:56:14.973   827   827 E MODEMLSV: parse_line: parse name = arm, mode = 0, index = 0
08-06 20:56:14.973   827   827 E MODEMLSV: parse_line: parse name = cap, mode = 0, index = 1
08-06 20:56:14.973   827   827 E MODEMLSV: parse_line: parse name = armpcm, mode = 0, index = 2
08-06 20:56:14.973   827   827 E MODEMLSV: parse_line: parse name = etb, mode = 0, index = 3
08-06 20:56:14.973   827   827 E MODEMLSV: parse_line: parse name = dsp, mode = 0, index = 4
08-06 20:56:14.973   827   827 E MODEMLSV: parse_line: parse name = loglevel, mode = 0, index = 5
08-06 20:56:14.973   827   827 E MODEMLSV: parse_line: parse name = event, mode = 0, index = 6
08-06 20:56:15.004   777   782 I adbd    : opening control endpoint /dev/usb-ffs/adb/ep0
08-06 20:56:15.004   777   782 I adbd    : UsbFfsConnection constructed
08-06 20:56:15.011   824   824 I android.hardware.media.omx@1.0-service: mediacodecservice starting
08-06 20:56:15.020   848   848 D systemDebuggerd: start SystemDebuggerd 1
08-06 20:56:15.020   848   848 D systemDebuggerd: get prop ok : vendor.debug.sysdump.enabled : error  
08-06 20:56:15.020   848   848 D systemDebuggerd:  invalid ops  : error , do nothing  
08-06 20:56:15.020   848   848 D systemDebuggerd: modify_flag : 0 , need do other ops ...... 
08-06 20:56:15.020   848   848 D systemDebuggerd:  not GSI version, no need  minidump_init 
08-06 20:56:15.020   848   848 D systemDebuggerd: sysdump_conf is off
08-06 20:56:15.021   824   824 W android.hardware.media.omx@1.0-service: Could not read additional policy file '/vendor/etc/seccomp_policy/mediacodec.policy'
08-06 20:56:15.021   824   824 W android.hardware.media.omx@1.0-service: libminijail[824]: failed to get path of fd 5: No such file or directory
08-06 20:56:15.021   824   824 W android.hardware.media.omx@1.0-service: libminijail[824]: allowing syscall: clock_gettime
08-06 20:56:15.021   824   824 W android.hardware.media.omx@1.0-service: libminijail[824]: allowing syscall: connect
08-06 20:56:15.021   824   824 W android.hardware.media.omx@1.0-service: libminijail[824]: allowing syscall: fcntl64
08-06 20:56:15.022   824   824 W android.hardware.media.omx@1.0-service: libminijail[824]: allowing syscall: socket
08-06 20:56:15.022   824   824 W android.hardware.media.omx@1.0-service: libminijail[824]: allowing syscall: writev
08-06 20:56:15.025   641   641 I ServiceManager: Waiting for service 'statscompanion' on '/dev/binder'...
08-06 20:56:15.025   824   824 W android.hardware.media.omx@1.0-service: libminijail[824]: logging seccomp filter failures
08-06 20:56:15.036   777   854 I adbd    : UsbFfs-monitor thread spawned
08-06 20:56:15.038   793   793 I ServiceManager: Waiting for service 'SurfaceFlinger' on '/dev/binder'...
08-06 20:56:15.047   824   824 W MediaCodecsXmlParser: unable to open media codecs configuration xml file: /data/misc/media/media_codecs_profiling_results.xml
08-06 20:56:15.047   824   824 W MediaCodecsXmlParser: parseTopLevelXMLFile(/data/misc/media/media_codecs_profiling_results.xml) failed
08-06 20:56:15.047   824   824 E MediaCodecsXmlParser: Cannot find the role for a decoder of type audio/ima-adpcm
08-06 20:56:15.047   824   824 E MediaCodecsXmlParser: Cannot find the role for a decoder of type video/mjpg
08-06 20:56:15.048   840   840 E GnssHAL_GnssExt: GnssExt: this is vendor ext HIDL_harry
08-06 20:56:15.048   824   824 I ServiceManagement: Removing namespace from process name android.hardware.media.omx@1.0-service to omx@1.0-service.
08-06 20:56:15.053   838   838 I Thermald: thermal start...
08-06 20:56:15.054   838   838 I ThermalXmlParser: using encrypt config file...
08-06 20:56:15.055   840   840 I ServiceManagement: Removing namespace from process name vendor.sprd.hardware.gnss@2.0-service to gnss@2.0-service.
08-06 20:56:15.060   840   840 I vendor.sprd.hardware.gnss@2.0-service: Registration complete for vendor.sprd.hardware.gnss@2.0::IGnssExt/default.
08-06 20:56:15.062   813   813 I ServiceManager: Waiting for service 'package_native' on '/dev/binder'...
08-06 20:56:15.065   824   824 I ums312.libstagefright: OMX IL core libsprd_omx_core.so: declares component OMX.sprd.h263.decoder
08-06 20:56:15.066   824   824 I ums312.libstagefright: OMX IL core libsprd_omx_core.so: declares component OMX.sprd.mpeg4.decoder
08-06 20:56:15.066   824   824 I ums312.libstagefright: OMX IL core libsprd_omx_core.so: declares component OMX.sprd.h264.decoder
08-06 20:56:15.066   824   824 I ums312.libstagefright: OMX IL core libsprd_omx_core.so: declares component OMX.sprd.mp3.decoder
08-06 20:56:15.066   824   824 I ums312.libstagefright: OMX IL core libsprd_omx_core.so: declares component OMX.sprd.mp3l1.decoder
08-06 20:56:15.066   824   824 I ums312.libstagefright: OMX IL core libsprd_omx_core.so: declares component OMX.sprd.mp3l2.decoder
08-06 20:56:15.066   824   824 I ums312.libstagefright: OMX IL core libsprd_omx_core.so: declares component OMX.sprd.mp3.encoder
08-06 20:56:15.066   824   824 I ums312.libstagefright: OMX IL core libsprd_omx_core.so: declares component OMX.sprd.h264.encoder
08-06 20:56:15.066   824   824 I ums312.libstagefright: OMX IL core libsprd_omx_core.so: declares component OMX.google.mjpg.decoder
08-06 20:56:15.067   824   824 I ums312.libstagefright: OMX IL core libsprd_omx_core.so: declares component OMX.google.imaadpcm.decoder
08-06 20:56:15.067   824   824 I ums312.libstagefright: OMX IL core libsprd_omx_core.so: declares component OMX.sprd.mpeg4.encoder
08-06 20:56:15.067   824   824 I ums312.libstagefright: OMX IL core libsprd_omx_core.so: declares component OMX.sprd.h263.encoder
08-06 20:56:15.067   824   824 I ums312.libstagefright: OMX IL core libsprd_omx_core.so: declares component OMX.sprd.vpx.decoder
08-06 20:56:15.067   817   817 I netd    : Creating child chains: 98557us
08-06 20:56:15.067   817   817 I netd    : Setting up OEM hooks: 322us
08-06 20:56:15.067   817   817 I netd    : Setting up FirewallController hooks: 107us
08-06 20:56:15.067   824   824 I ums312.libstagefright: OMX IL core libsprd_omx_core.so: declares component OMX.sprd.hevc.decoder
08-06 20:56:15.068   824   824 I ums312.libstagefright: OMX IL core libsprd_omx_core.so: declares component OMX.sprd.vp9.decoder
08-06 20:56:15.068   824   824 I ums312.libstagefright: OMX IL core libsprd_omx_core.so: declares component OMX.sprd.h265.encoder
08-06 20:56:15.068   824   824 I ums312.libstagefright: OMX IL core libsprd_omx_core.so: contains 16 components
08-06 20:56:15.071   817   817 I netd    : Setting up TetherController hooks: 3666us
08-06 20:56:15.072   838   838 I ThermalDecryptCbc: GetDecryptFile: fsize_en size is:4352
08-06 20:56:15.073   838   838 I ThermalDecryptCbc: GetDecryptFile: succeed in Decrypting whole file
08-06 20:56:15.074   838   838 I ThermalDecryptCbc: decrypt_file: succeed in removing /data/vendor/thermald/thermalSensorsConfig.xml
08-06 20:56:15.074   838   838 I ThermalXmlParser: using encrypt config file successfully!
08-06 20:56:15.074   838   838 I ThermalXmlParser: sensor_type=board-thmzone
08-06 20:56:15.074   838   838 I ThermalXmlParser: get thermal_zone0 type: soc-thmzone
08-06 20:56:15.075   838   838 I ThermalXmlParser: get thermal_zone1 type: prometheus-thmz
08-06 20:56:15.075   838   838 I ThermalXmlParser: get thermal_zone2 type: ank1-thmzone
08-06 20:56:15.075   838   838 I ThermalXmlParser: get thermal_zone3 type: ank2-thmzone
08-06 20:56:15.075   838   838 I ThermalXmlParser: get thermal_zone4 type: prometheus0-thm
08-06 20:56:15.075   838   838 I ThermalXmlParser: get thermal_zone5 type: ank-thmzone
08-06 20:56:15.075   838   838 I ThermalXmlParser: get thermal_zone6 type: ank0-thmzone
08-06 20:56:15.075   838   838 I ThermalXmlParser: get thermal_zone7 type: gpu-thmzone
08-06 20:56:15.075   838   838 I ThermalXmlParser: get thermal_zone8 type: cluster0-thmzon
08-06 20:56:15.075   838   838 I ThermalXmlParser: get thermal_zone9 type: cluster1-thmzon
08-06 20:56:15.076   838   838 I ThermalXmlParser: get thermal_zone10 type: osctsen-thmzone
08-06 20:56:15.076   838   838 I ThermalXmlParser: get thermal_zone11 type: outtsen-thmzone
08-06 20:56:15.076   838   838 I ThermalXmlParser: get thermal_zone12 type: board-thmzone
08-06 20:56:15.077   838   838 I ThermalXmlParser: sensor: board-thmzone is thermal_zone12
08-06 20:56:15.077   838   838 I ThermalXmlParser: polling_delay=2000
08-06 20:56:15.077   838   838 I ThermalXmlParser: AvgPeriod=60000
08-06 20:56:15.077   838   838 I ThermalXmlParser: zone_level=(null)
08-06 20:56:15.077   838   838 I ThermalXmlParser: type=active
08-06 20:56:15.077   838   838 I ThermalXmlParser: temp=50000
08-06 20:56:15.077   838   838 I ThermalXmlParser: name = swtich_on_temp
08-06 20:56:15.077   838   838 I ThermalXmlParser: arg = 70000
08-06 20:56:15.077   838   838 I ThermalXmlParser: file = /sys/class/thermal/thermal_zone0/trip_point_0_temp
08-06 20:56:15.077   838   838 I ThermalXmlParser: name = control_temp
08-06 20:56:15.077   838   838 I ThermalXmlParser: arg = 85000
08-06 20:56:15.077   838   838 I ThermalXmlParser: file = /sys/class/thermal/thermal_zone0/trip_point_1_temp
08-06 20:56:15.077   838   838 I ThermalXmlParser: name = brightness
08-06 20:56:15.077   838   838 I ThermalXmlParser: arg = 255
08-06 20:56:15.077   838   838 I ThermalXmlParser: file = /sys/class/backlight/sprd_backlight/max_brightness
08-06 20:56:15.077   838   838 I ThermalXmlParser: name = swtich_on_temp
08-06 20:56:15.077   838   838 I ThermalXmlParser: arg = 60000
08-06 20:56:15.078   838   838 I ThermalXmlParser: file = /sys/class/thermal/thermal_zone0/trip_point_0_temp
08-06 20:56:15.078   838   838 I ThermalXmlParser: name = control_temp
08-06 20:56:15.078   838   838 I ThermalXmlParser: arg = 75000
08-06 20:56:15.078   838   838 I ThermalXmlParser: file = /sys/class/thermal/thermal_zone0/trip_point_1_temp
08-06 20:56:15.078   838   838 I ThermalXmlParser: zone_level=(null)
08-06 20:56:15.078   838   838 I ThermalXmlParser: type=critical
08-06 20:56:15.078   838   838 I ThermalXmlParser: temp=110000
08-06 20:56:15.078   838   838 I ThermalXmlParser: name = shutdown
08-06 20:56:15.078   838   838 I ThermalXmlParser: arg = 
08-06 20:56:15.078   838   838 I ThermalXmlParser: file = 
08-06 20:56:15.078   838   838 I ThermalXmlParser: sensor_type=chg-thmzone
08-06 20:56:15.078   838   838 I ThermalXmlParser: get thermal_zone0 type: soc-thmzone
08-06 20:56:15.078   838   838 I ThermalXmlParser: get thermal_zone1 type: prometheus-thmz
08-06 20:56:15.078   838   838 I ThermalXmlParser: get thermal_zone2 type: ank1-thmzone
08-06 20:56:15.078   838   838 I ThermalXmlParser: get thermal_zone3 type: ank2-thmzone
08-06 20:56:15.078   815   815 V MediaUtils: physMem: 4097171456
08-06 20:56:15.079   838   838 I ThermalXmlParser: get thermal_zone4 type: prometheus0-thm
08-06 20:56:15.079   815   815 V MediaUtils: requested limit: 819434280
08-06 20:56:15.079   838   838 I ThermalXmlParser: get thermal_zone5 type: ank-thmzone
08-06 20:56:15.079   838   838 I ThermalXmlParser: get thermal_zone6 type: ank0-thmzone
08-06 20:56:15.079   838   838 I ThermalXmlParser: get thermal_zone7 type: gpu-thmzone
08-06 20:56:15.079   838   838 I ThermalXmlParser: get thermal_zone8 type: cluster0-thmzon
08-06 20:56:15.079   838   838 I ThermalXmlParser: get thermal_zone9 type: cluster1-thmzon
08-06 20:56:15.079   838   838 I ThermalXmlParser: get thermal_zone10 type: osctsen-thmzone
08-06 20:56:15.079   838   838 I ThermalXmlParser: get thermal_zone11 type: outtsen-thmzone
08-06 20:56:15.079   838   838 I ThermalXmlParser: get thermal_zone12 type: board-thmzone
08-06 20:56:15.080   838   838 I ThermalXmlParser: get thermal_zone13 type: sc27xx-fgu
08-06 20:56:15.080   838   838 I ThermalXmlParser: can't find chg-thmzone
08-06 20:56:15.080   838   838 I ThermalXmlParser: search backup sensor: board-thmzone
08-06 20:56:15.080   838   838 I ThermalXmlParser: get thermal_zone0 type: soc-thmzone
08-06 20:56:15.080   838   838 I ThermalXmlParser: get thermal_zone1 type: prometheus-thmz
08-06 20:56:15.080   838   838 I ThermalXmlParser: get thermal_zone2 type: ank1-thmzone
08-06 20:56:15.080   838   838 I ThermalXmlParser: get thermal_zone3 type: ank2-thmzone
08-06 20:56:15.080   838   838 I ThermalXmlParser: get thermal_zone4 type: prometheus0-thm
08-06 20:56:15.080   838   838 I ThermalXmlParser: get thermal_zone5 type: ank-thmzone
08-06 20:56:15.080   838   838 I ThermalXmlParser: get thermal_zone6 type: ank0-thmzone
08-06 20:56:15.081   838   838 I ThermalXmlParser: get thermal_zone7 type: gpu-thmzone
08-06 20:56:15.081   838   838 I ThermalXmlParser: get thermal_zone8 type: cluster0-thmzon
08-06 20:56:15.081   838   838 I ThermalXmlParser: get thermal_zone9 type: cluster1-thmzon
08-06 20:56:15.081   838   838 I ThermalXmlParser: get thermal_zone10 type: osctsen-thmzone
08-06 20:56:15.081   838   838 I ThermalXmlParser: get thermal_zone11 type: outtsen-thmzone
08-06 20:56:15.081   838   838 I ThermalXmlParser: get thermal_zone12 type: board-thmzone
08-06 20:56:15.084   817   817 I netd    : Setting up BandwidthController hooks: 13589us
08-06 20:56:15.085   817   817 I netd    : Setting up IdletimerController hooks: 246us
08-06 20:56:15.085   852   852 I android.hardware.biometrics.fingerprint@2.1-service.realme_sdm710: Fingerprint HAL Adapter service is starting.
08-06 20:56:15.088   815   815 I libc    : malloc_limit: Allocation limit enabled, max size 819434280 bytes
08-06 20:56:15.090   824   824 W MediaCodecsXmlParser: unable to open media codecs configuration xml file: /data/misc/media/media_codecs_profiling_results.xml
08-06 20:56:15.090   824   824 W MediaCodecsXmlParser: parseTopLevelXMLFile(/data/misc/media/media_codecs_profiling_results.xml) failed
08-06 20:56:15.091   824   824 I ServiceManagement: Removing namespace from process name android.hardware.media.omx@1.0-service to omx@1.0-service.
08-06 20:56:15.093   824   824 I android.hardware.media.omx@1.0-service: IOmx HAL service created.
08-06 20:56:15.096   825   825 D sensor  : numSensors=1, AccSensor::numSensors=1
08-06 20:56:15.096   825   825 D sensor  : no OriSensor
08-06 20:56:15.096   825   825 E sensor  : open /dev/input/mice fail , fd=-1
08-06 20:56:15.099   838   838 I ThermalXmlParser: sensor: board-thmzone is thermal_zone12
08-06 20:56:15.099   838   838 I ThermalXmlParser: backup_sensor=board-thmzone
08-06 20:56:15.099   838   838 I ThermalXmlParser: polling_delay=2000
08-06 20:56:15.100   838   838 I ThermalXmlParser: AvgPeriod=30000
08-06 20:56:15.100   838   838 I ThermalXmlParser: zone_level=(null)
08-06 20:56:15.100   838   838 I ThermalXmlParser: type=active
08-06 20:56:15.100   838   838 I ThermalXmlParser: temp=50000
08-06 20:56:15.099   851   851 I android.hardware.biometrics.fingerprint@2.1-service.realme_sdm710: Fingerprint HAL Adapter service is starting.
08-06 20:56:15.100   838   838 I ThermalXmlParser: name = charge
08-06 20:56:15.100   838   838 I ThermalXmlParser: arg = 3000000
08-06 20:56:15.100   838   838 I ThermalXmlParser: file = /sys/class/power_supply/battery/charge_control_limit
08-06 20:56:15.100   838   838 I ThermalXmlParser: name = charge
08-06 20:56:15.100   838   838 I ThermalXmlParser: arg = 1500000
08-06 20:56:15.100   838   838 I ThermalXmlParser: file = /sys/class/power_supply/battery/charge_control_limit
08-06 20:56:15.100   838   838 I ThermalXmlParser: name = charge
08-06 20:56:15.100   838   838 I ThermalXmlParser: arg = 900000
08-06 20:56:15.100   838   838 I ThermalXmlParser: file = /sys/class/power_supply/battery/charge_control_limit
08-06 20:56:15.100   838   838 I ThermalXmlParser: zone_level=(null)
08-06 20:56:15.100   838   838 I ThermalXmlParser: type=critical
08-06 20:56:15.100   838   838 I ThermalXmlParser: temp=110000
08-06 20:56:15.100   838   838 I ThermalXmlParser: name = shutdown
08-06 20:56:15.100   838   838 I ThermalXmlParser: arg = 
08-06 20:56:15.100   838   838 I ThermalXmlParser: file = 
08-06 20:56:15.100   838   838 I ThermalXmlParser: sensor_type=soc-thmzone
08-06 20:56:15.100   838   838 I ThermalXmlParser: get thermal_zone0 type: soc-thmzone
08-06 20:56:15.100   838   838 I ThermalXmlParser: sensor: soc-thmzone is thermal_zone0
08-06 20:56:15.100   838   838 I ThermalXmlParser: polling_delay=2000
08-06 20:56:15.100   838   838 I ThermalXmlParser: AvgPeriod=30000
08-06 20:56:15.100   838   838 I ThermalXmlParser: zone_level=(null)
08-06 20:56:15.100   838   838 I ThermalXmlParser: type=active
08-06 20:56:15.100   838   838 I ThermalXmlParser: temp=95000
08-06 20:56:15.100   838   838 I ThermalXmlParser: name = min_core
08-06 20:56:15.100   838   838 I ThermalXmlParser: arg = 3
08-06 20:56:15.100   838   838 I ThermalXmlParser: file = /sys/class/thermal/cooling_device1/min_core_num
08-06 20:56:15.100   838   838 I ThermalXmlParser: name = min_freq
08-06 20:56:15.100   838   838 I ThermalXmlParser: arg = 768000
08-06 20:56:15.100   838   838 I ThermalXmlParser: file = /sys/class/thermal/cooling_device1/min_freq
08-06 20:56:15.100   838   838 I ThermalXmlParser: name = min_core
08-06 20:56:15.100   838   838 I ThermalXmlParser: arg = 2
08-06 20:56:15.100   838   838 I ThermalXmlParser: file = /sys/class/thermal/cooling_device1/min_core_num
08-06 20:56:15.100   838   838 I ThermalXmlParser: zone_level=(null)
08-06 20:56:15.100   838   838 I ThermalXmlParser: type=hot
08-06 20:56:15.100   838   838 I ThermalXmlParser: temp=100000
08-06 20:56:15.100   838   838 I ThermalXmlParser: name = min_core
08-06 20:56:15.100   838   838 I ThermalXmlParser: arg = 1
08-06 20:56:15.100   838   838 I ThermalXmlParser: file = /sys/class/thermal/cooling_device1/min_core_num
08-06 20:56:15.100   838   838 I ThermalXmlParser: zone_level=(null)
08-06 20:56:15.100   838   838 I ThermalXmlParser: type=critical
08-06 20:56:15.100   838   838 I ThermalXmlParser: temp=110000
08-06 20:56:15.100   838   838 I ThermalXmlParser: name = shutdown
08-06 20:56:15.100   838   838 I ThermalXmlParser: arg = 
08-06 20:56:15.100   838   838 I ThermalXmlParser: file = 
08-06 20:56:15.100   838   838 I ThermalXmlParser: sensor_type=pa-thmzone
08-06 20:56:15.100   838   838 I ThermalXmlParser: get thermal_zone0 type: soc-thmzone
08-06 20:56:15.100   838   838 I ThermalXmlParser: get thermal_zone1 type: prometheus-thmz
08-06 20:56:15.100   838   838 I ThermalXmlParser: get thermal_zone2 type: ank1-thmzone
08-06 20:56:15.100   838   838 I ThermalXmlParser: get thermal_zone3 type: ank2-thmzone
08-06 20:56:15.100   838   838 I ThermalXmlParser: get thermal_zone4 type: prometheus0-thm
08-06 20:56:15.100   838   838 I ThermalXmlParser: get thermal_zone5 type: ank-thmzone
08-06 20:56:15.100   838   838 I ThermalXmlParser: get thermal_zone6 type: ank0-thmzone
08-06 20:56:15.100   838   838 I ThermalXmlParser: get thermal_zone7 type: gpu-thmzone
08-06 20:56:15.101   838   838 I ThermalXmlParser: get thermal_zone8 type: cluster0-thmzon
08-06 20:56:15.101   838   838 I ThermalXmlParser: get thermal_zone9 type: cluster1-thmzon
08-06 20:56:15.101   838   838 I ThermalXmlParser: get thermal_zone10 type: osctsen-thmzone
08-06 20:56:15.101   838   838 I ThermalXmlParser: get thermal_zone11 type: outtsen-thmzone
08-06 20:56:15.101   838   838 I ThermalXmlParser: get thermal_zone12 type: board-thmzone
08-06 20:56:15.101   838   838 I ThermalXmlParser: get thermal_zone13 type: sc27xx-fgu
08-06 20:56:15.101   838   838 I ThermalXmlParser: can't find pa-thmzone
08-06 20:56:15.101   838   838 I ThermalXmlParser: can't match any sensor, don't use these parameters!
08-06 20:56:15.101   838   838 I ThermalManager: board-thmzone: create thermal monitor pthread
08-06 20:56:15.101   226   226 E SELinux : avc:  denied  { find } for interface=vendor.oppo.hardware.biometrics.fingerprint::IBiometricsFingerprint sid=u:r:hal_fingerprint_oppo_compat:s0 pid=852 scontext=u:r:hal_fingerprint_oppo_compat:s0 tcontext=u:object_r:default_android_hwservice:s0 tclass=hwservice_manager permissive=0
08-06 20:56:15.101   226   226 I auditd  : avc:  denied  { find } for interface=vendor.oppo.hardware.biometrics.fingerprint::IBiometricsFingerprint sid=u:r:hal_fingerprint_oppo_compat:s0 pid=852 scontext=u:r:hal_fingerprint_oppo_compat:s0 tcontext=u:object_r:default_android_hwservice:s0 tclass=hwservice_manager permissive=0
08-06 20:56:15.101   838   838 I ThermalManager: board-thmzone-backup: create thermal monitor pthread
08-06 20:56:15.102   838   838 I ThermalManager: soc-thmzone: create thermal monitor pthread
08-06 20:56:15.103   838   838 I ThermalChargeDetect: checkPathValid:/sys/class/power_supply/battery/charge_control_limit is InValid!
08-06 20:56:15.103   838   838 E ThermalChargeDetect: open /sys/class/power_supply/battery/status failed: -1
08-06 20:56:15.103   838   838 I ThermalChargeDetect: init status: ChargeEn=1, IsCharging=1
08-06 20:56:15.103   838   838 I ThermalManager: boardScore enable and no scenario.conf, it's GSI version. Disable thermal.
08-06 20:56:15.103   838   838 I ThermalManager: send 0x2, sensor=board-thmzone
08-06 20:56:15.103   838   838 I ThermalManager: send 0x2, sensor=board-thmzone-backup
08-06 20:56:15.103   815   815 W mediaextractor: libminijail[815]: failed to get path of fd 5: No such file or directory
08-06 20:56:15.103   815   815 W mediaextractor: libminijail[815]: allowing syscall: connect
08-06 20:56:15.103   838   838 I ThermalManager: send 0x2, sensor=soc-thmzone
08-06 20:56:15.103   815   815 W mediaextractor: libminijail[815]: allowing syscall: fcntl
08-06 20:56:15.103   838   838 I ThermalManager: send 0x8, sensor=board-thmzone
08-06 20:56:15.103   838   838 I ThermalManager: send 0x8, sensor=board-thmzone-backup
08-06 20:56:15.103   838   838 I ThermalManager: send 0x8, sensor=soc-thmzone
08-06 20:56:15.103   815   815 W mediaextractor: libminijail[815]: allowing syscall: sendto
08-06 20:56:15.103   815   815 W mediaextractor: libminijail[815]: allowing syscall: socket
08-06 20:56:15.103   838   838 I ThermalManager: received EVENT_GOVDIS, sensor=board-thmzone, GovEnCnt=0
08-06 20:56:15.103   226   226 E SELinux : avc:  denied  { find } for interface=vendor.oplus.hardware.biometrics.fingerprint::IBiometricsFingerprint sid=u:r:hal_fingerprint_oppo_compat:s0 pid=851 scontext=u:r:hal_fingerprint_oppo_compat:s0 tcontext=u:object_r:default_android_hwservice:s0 tclass=hwservice_manager permissive=0
08-06 20:56:15.103   226   226 I auditd  : avc:  denied  { find } for interface=vendor.oplus.hardware.biometrics.fingerprint::IBiometricsFingerprint sid=u:r:hal_fingerprint_oppo_compat:s0 pid=851 scontext=u:r:hal_fingerprint_oppo_compat:s0 tcontext=u:object_r:default_android_hwservice:s0 tclass=hwservice_manager permissive=0
08-06 20:56:15.103   815   815 W mediaextractor: libminijail[815]: allowing syscall: writev
08-06 20:56:15.104   838   838 I ThermalCvtGovernor: board-thmzone: get current level: 0, current trip: 0
08-06 20:56:15.104   838   838 I ThermalCvtGovernor: board-thmzone set default level: 0 trip: 0
08-06 20:56:15.104   838   838 I ThermalActionCommon: do,===>swtich_on_temp, mArg:70000, mFileNode:/sys/class/thermal/thermal_zone0/trip_point_0_temp
08-06 20:56:15.104   838   838 I ThermalActionCommon: do,===>control_temp, mArg:85000, mFileNode:/sys/class/thermal/thermal_zone0/trip_point_1_temp
08-06 20:56:15.104   838   838 I ThermalActionCommon: do,===>brightness, mArg:255, mFileNode:/sys/class/backlight/sprd_backlight/max_brightness
08-06 20:56:15.104   838   838 I ThermalManager: received EVENT_GOVDIS, sensor=board-thmzone-backup, GovEnCnt=0
08-06 20:56:15.104   838   838 I ThermalCvtGovernor: board-thmzone-backup: get current level: 0, current trip: 0
08-06 20:56:15.104   838   838 I ThermalCvtGovernor: board-thmzone-backup set default level: 0 trip: 0
08-06 20:56:15.104   838   838 E ThermalActionCharge: open /sys/class/power_supply/battery/charge_control_limit failed!
08-06 20:56:15.104   838   838 I ThermalManager: received EVENT_GOVDIS, sensor=soc-thmzone, GovEnCnt=0
08-06 20:56:15.104   838   838 I ThermalCvtGovernor: soc-thmzone: get current level: 0, current trip: 0
08-06 20:56:15.104   838   838 I ThermalCvtGovernor: soc-thmzone set default level: 0 trip: 0
08-06 20:56:15.104   838   838 I ThermalActionCommon: do,===>min_core, mArg:3, mFileNode:/sys/class/thermal/cooling_device1/min_core_num
08-06 20:56:15.104   838   838 I ThermalActionCommon: do,===>min_freq, mArg:768000, mFileNode:/sys/class/thermal/cooling_device1/min_freq
08-06 20:56:15.104   838   838 I ThermalManager: received EVENT_LIMEN, sensor=board-thmzone
08-06 20:56:15.104   838   838 I ThermalCvtGovernor: board-thmzone limit enabled = 0
08-06 20:56:15.104   838   838 I ThermalManager: received EVENT_LIMEN, sensor=board-thmzone-backup
08-06 20:56:15.104   838   838 I ThermalCvtGovernor: board-thmzone-backup limit enabled = 0
08-06 20:56:15.104   838   838 I ThermalManager: received EVENT_LIMEN, sensor=soc-thmzone
08-06 20:56:15.104   838   838 I ThermalCvtGovernor: soc-thmzone limit enabled = 0
08-06 20:56:15.107   815   815 W mediaextractor: libminijail[815]: compile_file: <fd>(52): nonexistent syscall 'statfs64'
08-06 20:56:15.107   815   815 W mediaextractor: libminijail[815]: logging seccomp filter failures
08-06 20:56:15.130   641   641 I ServiceManager: Waiting for service 'statscompanion' on '/dev/binder'...
08-06 20:56:15.131   838   863 I ThermalCvtGovernor: board-thmzone curTemp: 58105 tripTemp: 105000 setPollingDelay: 6000
08-06 20:56:15.132   838   863 I ThermalCvtGovernor: board-thmzone start calculate temperature.
08-06 20:56:15.132   838   863 I ThermalCvtGovernor: board-thmzone setPollingDelay: 2000
08-06 20:56:15.132   838   864 I ThermalCvtGovernor: board-thmzone-backup curTemp: 58105 tripTemp: 105000 setPollingDelay: 6000
08-06 20:56:15.132   838   864 I ThermalCvtGovernor: board-thmzone-backup start calculate temperature.
08-06 20:56:15.132   838   864 I ThermalCvtGovernor: board-thmzone-backup setPollingDelay: 2000
08-06 20:56:15.132   838   866 I ThermalManager: listen socket ...
08-06 20:56:15.132   838   865 I ThermalCvtGovernor: soc-thmzone curTemp: 48304 tripTemp: 105000 setPollingDelay: 6000
08-06 20:56:15.132   838   865 I ThermalCvtGovernor: soc-thmzone start calculate temperature.
08-06 20:56:15.132   838   865 I ThermalCvtGovernor: soc-thmzone setPollingDelay: 2000
08-06 20:56:15.136   226   226 I hwservicemanager: getTransport: Cannot find entry android.hardware.usb.gadget@1.0::IUsbGadget/default in either framework or device manifest.
08-06 20:56:15.137   848   848 D systemDebuggerd: set_dump_status in
08-06 20:56:15.138   848   848 D systemDebuggerd: sysdumpdb_read open Ok sysdumpdb_path = /dev/block/platform/soc/soc:ap-apb/71400000.sdio/by-name/sysdumpdb 
08-06 20:56:15.139   793   793 I ServiceManager: Waiting for service 'SurfaceFlinger' on '/dev/binder'...
08-06 20:56:15.141   848   848 D systemDebuggerd: sysdumpdb_write open Ok sysdumpdb_path = /dev/block/platform/soc/soc:ap-apb/71400000.sdio/by-name/sysdumpdb 
08-06 20:56:15.141   853   853 I gatekeeperd: Starting gatekeeperd...
08-06 20:56:15.141   858   858 I usbd    : Usb HAL not found
08-06 20:56:15.149   848   848 D systemDebuggerd: set persist.vendor.sysdump off
08-06 20:56:15.157   861   861 I storageproxyd: ss filesystem: ns
08-06 20:56:15.157   861   861 I storageproxyd: trusty dev: /dev/trusty-ipc-dev0
08-06 20:56:15.163   813   813 I ServiceManager: Waiting for service 'package_native' on '/dev/binder'...
08-06 20:56:15.163   861   861 I storageproxyd: start proxyd in fs ns
08-06 20:56:15.177   869   869 I KernelSU: ksud::android::cli: command: Services
08-06 20:56:15.177   869   869 I KernelSU: ksud::android::init_event: on_services triggered!
08-06 20:56:15.177   869   869 I KernelSU: ksud::android::utils: safemode: false
08-06 20:56:15.177   869   869 I KernelSU: ksud::android::utils: kernel_safemode: false
08-06 20:56:15.184   869   869 I KernelSU: ksud::android::module: exec /data/adb/service.d/.zn_cleanup.sh
08-06 20:56:15.189   585   586 I zn-daemon64: [zn-zygisk-loader32,0,805,805]Zygisk library injected, version 1.4.4-831-98fd9c6-release, tango=false,exp_hook
08-06 20:56:15.190   585   586 I zn-daemon64: [zn-zygisk-loader32,0,805,805]Start hooking
08-06 20:56:15.197   585   586 I zn-daemon64: [zn-zygisk-loader64,0,804,804]Zygisk library injected, version 1.4.4-831-98fd9c6-release,exp_hook
08-06 20:56:15.197   585   586 I zn-daemon64: [zn-zygisk-loader64,0,804,804]Start hooking
08-06 20:56:15.214   815   815 E MediaExtractorFactory: couldn't opendir(/system/lib64/extractors)
08-06 20:56:15.214   815   815 E MediaExtractorFactory: couldn't opendir(/system_ext/lib64/extractors)
08-06 20:56:15.223   860   860 D android.hardware.biometrics.fingerprint@2.1-service: Opening fingerprint hal library...
08-06 20:56:15.224   860   860 D android.hardware.biometrics.fingerprint@2.1-service: fingerprint open hal the varient_key is: fingerprint
08-06 20:56:15.226   732   745 D MODEM_CTRL: modem_ctrl_listen_sp: open /dev/sctl_pm success
08-06 20:56:15.226   732   745 D MODEM_CTRL: modem_ctrl_listen_sp: enter read ...
08-06 20:56:15.236   641   641 I ServiceManager: Waiting for service 'statscompanion' on '/dev/binder'...
08-06 20:56:15.237   867   867 D WCND    : check_kernel_cmdline
08-06 20:56:15.238   867   867 D WCND    : kernel cmd line: earlycon=sprd_serial,0x70100000,115200n8 console=ttyS1,115200n8 loop.max_part=7 loglevel=1  swiotlb=1 init=/init root=/dev/mmcblk0p33 rootfstype=ext4 ro rootwait androidboot.hardware=uws6152_1h10_go androidboot.dtbo_idx=0 printk.devkmsg=on lcd_id=ID5300 lcd_name=lcd_co5300_mipi_410x502_qc_hd lcd_base=9eb0c000 lcd_size=502x408 pixel_clock=13800000 logo_bpix=8  sysdump_magic=85500000 modem=shutdown ltemode=lcsfb rfboard.id=0 rfhw.id=40 crystal=4 32k.less=0 androidboot.pmic.chipid=2730 modemboot.method=emmcboot  androidboot.verifiedbootstate=green androidboot.flash.locked=1  androidboot.serialno=59494650307722
08-06 20:56:15.244   867   867 D WCND    : uid: 1000,
08-06 20:56:15.244   867   867 D WCND    : gid: 1000,
08-06 20:56:15.244   867   867 D WCND    : group id 0: 1002,
08-06 20:56:15.244   867   867 D WCND    : group id 1: 1010,
08-06 20:56:15.245   867   867 D WCND    : group id 2: 2000,
08-06 20:56:15.245   867   867 D WCND    : group id 3: 3001,
08-06 20:56:15.245   867   867 D WCND    : group id 4: 3003,
08-06 20:56:15.245   867   867 D WCND    : group id 5: 3009,
08-06 20:56:15.245   867   867 D WCND    : capget version=20080522, pid=0
08-06 20:56:15.245   867   867 D WCND    : cap[0] = 3020, cap[1] = 8
08-06 20:56:15.245   867   867 D WCND    :  WCN ASSERT Interface: /proc/mdbg/assert 
08-06 20:56:15.245   867   867 D WCND    :   WCN LOOP Interface: /proc/mdbg/loopcheck 
08-06 20:56:15.245   867   867 D WCND    :  WCN START Interface: NOT-USED 
08-06 20:56:15.245   867   867 D WCND    : WCN STOP Interface: NOT-USED 
08-06 20:56:15.245   867   867 D WCND    :  WCN DOWNLAOD Interface: NOT-USED 
08-06 20:56:15.245   867   867 D WCND    :  WCN IMAGE File:  
08-06 20:56:15.245   867   867 D WCND    :  WCN ATCMD Interface: /proc/mdbg/at_cmd
08-06 20:56:15.245   867   867 D WCND    : check_boot_mode
08-06 20:56:15.245   867   867 E WCND    : open /proc/cmdline failed, error: Permission denied
08-06 20:56:15.245   867   867 D WCND    : wcnd_cp2_log_init: CP2 log level: 3
08-06 20:56:15.246   867   867 D WCND    : wcnd_cp2_log_init: CP2 log : 0
08-06 20:56:15.248   860   860 D MICROARRAY: [fingerprint_open:168] 
08-06 20:56:15.249   728   728 D ENGPC   : wait_for_modem_alive: times:581, succ open tty dev:  /dev/sdiag_lte, fd = 5
08-06 20:56:15.249   860   860 D MICROARRAY: [bio_init:42] start,is inited = 0
08-06 20:56:15.249   860   860 D MICROARRAY: [bio_init:47] ============= MICROARRAY FP OPEN ==============
08-06 20:56:15.249   860   860 D MICROARRAY: [bio_init:49] ca version: version :Android_A48_N&A64_N_v4.1.8-362-g594317a6c_594317a6c
08-06 20:56:15.249   860   860 D MICROARRAY: [bio_init:50] [info] git tag: 594317a6caaccd0b298ba803463505215daddc8f
08-06 20:56:15.250   860   860 D MICROARRAY: [bio_init:51] [info] git banch: refs/heads/trusty_ree
08-06 20:56:15.250   860   860 D MICROARRAY: [bio_init:52] [info] git user: liu
08-06 20:56:15.250   860   860 D MICROARRAY: [bio_init:53] [info] git working directory clean: false
08-06 20:56:15.250   860   860 D MICROARRAY: [bio_init:54] [info] platform: Android
08-06 20:56:15.250   860   860 D MICROARRAY: [bio_init:55] [info] operation_system: Android8.0
08-06 20:56:15.250   860   860 D MICROARRAY: [bio_init:56] [info] app_abi: arm64-v8a armeabi-v7a
08-06 20:56:15.250   793   793 I ServiceManager: Waiting for service 'SurfaceFlinger' on '/dev/binder'...
08-06 20:56:15.250   860   860 D MICROARRAY: [bio_init:57] [info] compile date: Jan  9 2026 11:57:05
08-06 20:56:15.250   860   860 D MICROARRAY: [bio_init:58] [info] compile user: lwx
08-06 20:56:15.250   860   860 D MICROARRAY: [bio_init:59] [info] oem: Android
08-06 20:56:15.250   860   860 D MICROARRAY: [bio_init:60] [info] product: Default
08-06 20:56:15.250   860   860 D MICROARRAY: [bio_init:61] [info] support_sensor: A48_N&A64_N
08-06 20:56:15.250   860   860 D MICROARRAY: [init_device:131] start open madev
08-06 20:56:15.250   860   860 E MICROARRAY: [init_device:136] init_device can't open device
08-06 20:56:15.250   860   860 E MICROARRAY: [bio_init:67] init_device error, ret=-3196
08-06 20:56:15.250   860   860 E MICROARRAY: [fingerprint_open:171] init faile on open, ret=-3196
08-06 20:56:15.250   860   860 E android.hardware.biometrics.fingerprint@2.1-service: Can't open fingerprint methods, error: -3196
08-06 20:56:15.250   860   860 D android.hardware.biometrics.fingerprint@2.1-service: fingerprint open hal the varient_key is: swfingerprint
08-06 20:56:15.250   860   860 E android.hardware.biometrics.fingerprint@2.1-service: Can't open fingerprint HW Module, error: -2
08-06 20:56:15.250   860   860 D android.hardware.biometrics.fingerprint@2.1-service: fingerprint open hal the varient_key is: microarray.fingerprint
08-06 20:56:15.251   728   728 D ENGPC   : open data/vendor/local/englog/file_lock.test fd = 5
08-06 20:56:15.251   728   728 D ENGPC   : lock /data/vendor/local/englog/file_lock.test 
08-06 20:56:15.251   728   728 D ENGPC   : vendor.flag.engpc.onemodem.enable = not_find
08-06 20:56:15.252   728   728 D ENGPC   : unlock /data/vendor/file_lock.test 
08-06 20:56:15.254   728   728 D ENGPC   : eng_sqlite_create: open /mnt/vendor/engtest.db success
08-06 20:56:15.254   728   728 D ENGPC   : eng_sqlite_create: str2int already exists
08-06 20:56:15.254   728   728 D ENGPC   : eng_sqlite_create: str2str already exists
08-06 20:56:15.262   869   869 I KernelSU: ksud::android::module: exec /data/adb/modules/zygisksu/service.sh
08-06 20:56:15.266   867   875 E WCND    : cp2_loop_check_thread :Check marlin2 Status!!
08-06 20:56:15.266   813   813 I ServiceManager: Waiting for service 'package_native' on '/dev/binder'...
08-06 20:56:15.267   867   874 D WCND    : cp2_listen_thread: open assert dev: /proc/mdbg/assert, fd = 9
08-06 20:56:15.268   867   874 D WCND    : assert_fd = 9, max=9
08-06 20:56:15.268   860   860 D MICROARRAY: [fingerprint_open:168] 
08-06 20:56:15.268   860   860 D MICROARRAY: [bio_init:42] start,is inited = 0
08-06 20:56:15.268   860   860 D MICROARRAY: [bio_init:47] ============= MICROARRAY FP OPEN ==============
08-06 20:56:15.268   860   860 D MICROARRAY: [bio_init:49] ca version: version :Android_A48_N&A64_N_v4.1.8-362-g594317a6c_594317a6c
08-06 20:56:15.268   860   860 D MICROARRAY: [bio_init:50] [info] git tag: 594317a6caaccd0b298ba803463505215daddc8f
08-06 20:56:15.268   860   860 D MICROARRAY: [bio_init:51] [info] git banch: refs/heads/trusty_ree
08-06 20:56:15.268   860   860 D MICROARRAY: [bio_init:52] [info] git user: liu
08-06 20:56:15.268   860   860 D MICROARRAY: [bio_init:53] [info] git working directory clean: false
08-06 20:56:15.268   860   860 D MICROARRAY: [bio_init:54] [info] platform: Android
08-06 20:56:15.268   860   860 D MICROARRAY: [bio_init:55] [info] operation_system: Android8.0
08-06 20:56:15.268   860   860 D MICROARRAY: [bio_init:56] [info] app_abi: arm64-v8a armeabi-v7a
08-06 20:56:15.268   860   860 D MICROARRAY: [bio_init:57] [info] compile date: Jan  9 2026 11:57:05
08-06 20:56:15.268   860   860 D MICROARRAY: [bio_init:58] [info] compile user: lwx
08-06 20:56:15.268   860   860 D MICROARRAY: [bio_init:59] [info] oem: Android
08-06 20:56:15.268   860   860 D MICROARRAY: [bio_init:60] [info] product: Default
08-06 20:56:15.268   860   860 D MICROARRAY: [bio_init:61] [info] support_sensor: A48_N&A64_N
08-06 20:56:15.268   860   860 D MICROARRAY: [init_device:131] start open madev
08-06 20:56:15.269   860   860 E MICROARRAY: [init_device:136] init_device can't open device
08-06 20:56:15.269   860   860 E MICROARRAY: [bio_init:67] init_device error, ret=-3196
08-06 20:56:15.269   860   860 E MICROARRAY: [fingerprint_open:171] init faile on open, ret=-3196
08-06 20:56:15.269   860   860 E android.hardware.biometrics.fingerprint@2.1-service: Can't open fingerprint methods, error: -3196
08-06 20:56:15.269   860   860 E android.hardware.biometrics.fingerprint@2.1-service: fingerprint HAL can't initialized
08-06 20:56:15.269   860   860 E android.hardware.biometrics.fingerprint@2.1-service: Can't open HAL module
08-06 20:56:15.270   860   860 I ServiceManagement: Removing namespace from process name android.hardware.biometrics.fingerprint@2.1-service to fingerprint@2.1-service.
08-06 20:56:15.272   867   873 D WCND    : listen_fd = 5, max=7
08-06 20:56:15.272   867   873 D WCND    : dispatch_command2: arg[0] = 'wcn'
08-06 20:56:15.272   867   873 D WCND    : dispatch_command2: arg[1] = 'poweron'
08-06 20:56:15.272   867   873 D WCND    : wcnd_runcommand: arg[0] = 'poweron'
08-06 20:56:15.272   867   873 D WCND    : send_atcmd: Receive AT CMD: startwcn, len = 8
08-06 20:56:15.272   867   873 D WCND    : send_atcmd: open at cmd interface: /proc/mdbg/at_cmd, fd = 10
08-06 20:56:15.279   869   869 I KernelSU: ksud::android::module: exec /data/adb/modules/zygisk_lsposed/service.sh
08-06 20:56:15.300   869   869 I KernelSU: ksud::android::module: exec /data/adb/modules/Systemfalseencryption/service.sh
08-06 20:56:15.337   641   641 I ServiceManager: Waiting for service 'statscompanion' on '/dev/binder'...
08-06 20:56:15.339   825   825 E sensor  : couldn't find 'step_counter' input devicei fd=-1
08-06 20:56:15.340   825   825 D ScSensor: ScSensor start
08-06 20:56:15.340   825   825 D sensor  : numSensors=2; ScSensor::numSensors=1, sc = 1
08-06 20:56:15.340   825   825 E sensor  : open /dev/input/mice fail , fd=-1
08-06 20:56:15.350   793   793 I ServiceManager: Waiting for service 'SurfaceFlinger' on '/dev/binder'...
08-06 20:56:15.351   843   843 I mediaswcodec: media swcodec service starting
08-06 20:56:15.358   869   869 I KernelSU: ksud::android::module: exec /data/adb/modules/GALACTICForcedDeepSleepMod/service.sh
08-06 20:56:15.364   843   843 W mediaswcodec: Could not read additional policy file '/vendor/etc/seccomp_policy/mediaswcodec.policy'
08-06 20:56:15.365   843   843 W mediaswcodec: libminijail[843]: failed to get path of fd 5: No such file or directory
08-06 20:56:15.365   843   843 W mediaswcodec: libminijail[843]: allowing syscall: connect
08-06 20:56:15.365   843   843 W mediaswcodec: libminijail[843]: allowing syscall: fcntl
08-06 20:56:15.365   843   843 W mediaswcodec: libminijail[843]: allowing syscall: sendto
08-06 20:56:15.365   843   843 W mediaswcodec: libminijail[843]: allowing syscall: socket
08-06 20:56:15.365   843   843 W mediaswcodec: libminijail[843]: allowing syscall: writev
08-06 20:56:15.367   813   813 I ServiceManager: Waiting for service 'package_native' on '/dev/binder'...
08-06 20:56:15.369   843   843 W mediaswcodec: libminijail[843]: logging seccomp filter failures
08-06 20:56:15.370   843   843 I CodecServiceRegistrant: Creating software Codec2 service...
08-06 20:56:15.371   843   843 D C2Store : Default ION heapmask = -1
08-06 20:56:15.371   843   843 D C2Store : Default ION flags = 0
08-06 20:56:15.371   843   843 D C2Store : Default ION align = 0
08-06 20:56:15.373   728   728 D ENGPC   : dcxsrv start............111
08-06 20:56:15.374   728   728 D ENGPC   : eng_sql_string2int_get: name=engtestmode;
08-06 20:56:15.374   728   728 D ENGPC   : eng_sql_string2int_get: open /mnt/vendor/engtest.db success
08-06 20:56:15.374   728   728 D ENGPC   : eng_sql_string2int_get: sqlbuf=SELECT * FROM str2int WHERE name='engtestmode'
08-06 20:56:15.375   728   728 D ENGPC   : eng_sql_string2int_get: select table str2int success, ret=0x7fffffff
08-06 20:56:15.376   728   728 D ENGPC   : eng_check_factorymode: status=7fffffff
08-06 20:56:15.376   728   728 D ENGPC   : eng_check_factorymode: build_type: user
08-06 20:56:15.376   728   728 D ENGPC   : eng_check_factorymode: write 2 bytes to /mnt/vendor/factorymode.file
08-06 20:56:15.376   728   728 D ENGPC   : cplogctrl_init persist.vendor.modem.log_dest=0, persist.vendor.wcn.log_dest=0
08-06 20:56:15.377   728   728 D ENGPC   : cplogctrl_init modemlog_to_pc=0, wcnlog_to_pc=0
08-06 20:56:15.377   728   728 D ENGPC   : cmd_server_init start
08-06 20:56:15.377   728   894 D ENGPC   : open serial
08-06 20:56:15.377   728   728 D ENGPC   : cmd_server_init end!
08-06 20:56:15.377   728   728 D ENGPC   : pc_sock_diag_init: ...
08-06 20:56:15.378   728   728 D ENGPC   : pc_sock_diag_init succ:
08-06 20:56:15.384   843   843 I HidlServiceManagement: Registered android.hardware.media.c2@1.1::IComponentStore/software
08-06 20:56:15.385   226   226 I hwservicemanager: getTransport: Cannot find entry android.hardware.media.c2@1.0::IComponentStore/default in either framework or device manifest.
08-06 20:56:15.385   843   843 I CodecServiceRegistrant: Preferred Codec2 store is defaulted to "software".
08-06 20:56:15.385   843   843 I CodecServiceRegistrant: Software Codec2 service created and registered.
08-06 20:56:15.386   728   895 D ENGPC   : create_socket done! fd=8 ,name=engpc_cmd_server
08-06 20:56:15.386   728   895 D ENGPC   : cmd_server_thread: accept client_fd =0
08-06 20:56:15.388   869   869 I KernelSU: ksud::android::module: exec /data/adb/modules/tcpboost/service.sh
08-06 20:56:15.395   728   896 D ENGPC   : pc_sock_vdiag_wthread: dev_diag=/dev/vser
08-06 20:56:15.395   728   896 D ENGPC   : pc_sock_diag_open: ...
08-06 20:56:15.396   728   896 D ENGPC   : pc_sock_diag_open: accept...
08-06 20:56:15.396   728   892 D ENGPC   : eng_vdiag_r thread start
08-06 20:56:15.396   728   892 D ENGPC   : eng_vdiag_r open serial...
08-06 20:56:15.396   728   892 D ENGPC   : eng_vdiag_r s_dev_info->host_int.dev_diag=/dev/vser
08-06 20:56:15.396   728   892 D ENGPC   : eng_vdiag_r:  ser_fd = 11
08-06 20:56:15.396   728   892 D ENGPC   : eng_vdiag_r open SIPC channel...
08-06 20:56:15.396   728   892 D ENGPC   : eng_vdiag_r open /dev/sdiag_lte success, the first 0 times fail
08-06 20:56:15.396   728   892 D ENGPC   : eng_vdiag_r put log data from SIPC to serial
08-06 20:56:15.396   728   892 D ENGPC   : eng_vdiag_r thread end
08-06 20:56:15.396   728   886 D ENGPC   : eng_timesync thread start
08-06 20:56:15.396   728   886 D ENGPC   : try_connect: connect modemd socket poll_num=1, sock->fd=11, sock->index=0
08-06 20:56:15.396   728   886 D ENGPC   : try_connect: connect modemd socket success, try_num=0
08-06 20:56:15.396   728   886 D ENGPC   : try_connect: connect cp_time_sync_server socket error(Connection refused), try_num=1
08-06 20:56:15.396   728   886 D ENGPC   : eng_timesync_thread: total_conn=1
08-06 20:56:15.396   733   738 D MODEMD  : modemd_listenaccept_thread: accept client n=9
08-06 20:56:15.396   733   738 D MODEMD  : modemd_listenaccept_thread: fill9 to client[1]
08-06 20:56:15.396   733   740 D MODEMD  : modemd_listen_read_thread: after  select n = 1
08-06 20:56:15.396   733   738 D MODEMD  : modemd_listenaccept_thread: Waiting for new connect ...
08-06 20:56:15.396   733   740 D MODEMD  : modemd_listen_read_thread: client cnct to modemd num = 1, buf = 0
08-06 20:56:15.396   733   740 D MODEMD  : modemd_listen_read_thread: begin select
08-06 20:56:15.411   869   869 I KernelSU: ksud::android::module: exec /data/adb/modules/AWatchBooster/service.sh
08-06 20:56:15.432   817   817 I netd    : Setting up StrictController hooks: 347579us
08-06 20:56:15.433   817   817 I ClatdController: 4.9+ kernel and device shipped with P - clat ebpf might work.
08-06 20:56:15.433   817   817 I netd    : Initializing ClatdController: 271us
08-06 20:56:15.434   817   817 I netd    : Initializing traffic control: 1211us
08-06 20:56:15.437   641   641 I ServiceManager: Waiting for service 'statscompanion' on '/dev/binder'...
08-06 20:56:15.442   823   823 W storaged: health: invalid battery status
08-06 20:56:15.449   728   900 D ENGPC   : eng_readmodemat_thread: wait pcfd=5
08-06 20:56:15.451   793   793 I ServiceManager: Waiting for service 'SurfaceFlinger' on '/dev/binder'...
08-06 20:56:15.454   823   823 I ServiceManager: Waiting for service 'package_native' on '/dev/binder'...
08-06 20:56:15.457   728   897 D ENGPC   : wait for command / byte stream
08-06 20:56:15.464   728   891 D ENGPC   : eng_vdiag_wthread: dev_diag=/dev/vser
08-06 20:56:15.464   728   891 D ENGPC   : eng_vdiag open /dev/sdiag_lte success, the first 0 times fail
08-06 20:56:15.464   728   891 D ENGPC   : eng_vdiag put diag data from serial to SIPC
08-06 20:56:15.464   728   891 D ENGPC   : eng_vdiag_wthread: ser_fd = 12
08-06 20:56:15.464   728   891 D ENGPC   : readframe: readframe size = 65536
08-06 20:56:15.469   813   813 I ServiceManager: Waiting for service 'package_native' on '/dev/binder'...
08-06 20:56:15.485   817   817 I netd    : Enabling bandwidth control: 50802us
08-06 20:56:15.488   817   817 E Netd    : Error adding route 0.0.0.0/0 -> (null) dummy0 to table 1002: File exists
08-06 20:56:15.489   817   817 I netd    : Initializing RouteController: 4142us
08-06 20:56:15.489   817   817 D XfrmController: XfrmController::ipSecAddXfrmInterface, line=1377
08-06 20:56:15.489   817   817 D XfrmController: XfrmController::ipSecRemoveTunnelInterface, line=1590
08-06 20:56:15.489   817   817 D XfrmController: deviceName=ipsec_test
08-06 20:56:15.490   817   817 D XfrmController: Sending Netlink XFRM Message: XFRM_MSG_FLUSHSA
08-06 20:56:15.490   817   817 D XfrmController: Sending Netlink XFRM Message: XFRM_MSG_FLUSHPOLICY
08-06 20:56:15.490   817   817 I netd    : Initializing XfrmController: 1035us
08-06 20:56:15.500   817   817 I libnetd_resolv: resolv_init: Initializing resolver
08-06 20:56:15.518   908   908 I LSPosed : starting lspd 
08-06 20:56:15.526   728   890 D ENGPC   : eng_vlog thread start
08-06 20:56:15.526   728   890 D ENGPC   : eng_vlog open serial...
08-06 20:56:15.526   728   890 D ENGPC   : eng_vlog open serial failed, error: No such file or directory
08-06 20:56:15.528   728   889 D ENGPC   : eng_usb_state: usb state: DISCONNECTED
08-06 20:56:15.528   728   889 D ENGPC   : 
08-06 20:56:15.532   728   888 D ENGPC   : eng_socket_thread eng_connect_fd=-1
08-06 20:56:15.535   825   825 E sensor  : couldn't find 'madev' input devicei fd=-1
08-06 20:56:15.536   825   825 D WheelSensors:  open 'mice'
08-06 20:56:15.536   825   825 D WheelSensors:  open 'event5'
08-06 20:56:15.536   825   825 D WheelSensors:  get 'sprdphone-sc2730 Headset Keyboard'
08-06 20:56:15.538   641   641 I ServiceManager: Waiting for service 'statscompanion' on '/dev/binder'...
08-06 20:56:15.545   869   869 I KernelSU: ksud::android::module: exec /data/adb/modules/AWatchFixer/service.sh
08-06 20:56:15.551   825   825 D WheelSensors:  open 'event3'
08-06 20:56:15.551   825   825 D WheelSensors:  get 'gpio-keys'
08-06 20:56:15.552   793   793 I ServiceManager: Waiting for service 'SurfaceFlinger' on '/dev/binder'...
08-06 20:56:15.559   823   823 I ServiceManager: Waiting for service 'package_native' on '/dev/binder'...
08-06 20:56:15.568   869   869 I KernelSU: ksud::android::module: exec /data/adb/modules/template/service.sh
08-06 20:56:15.570   813   813 I ServiceManager: Waiting for service 'package_native' on '/dev/binder'...
08-06 20:56:15.571   825   825 D WheelSensors:  open 'event4'
08-06 20:56:15.571   825   825 D WheelSensors:  get 'sprdphone-sc2730 Headset Jack'
08-06 20:56:15.605   922   922 I LSPosed : started lspd 921
08-06 20:56:15.616   825   825 D WheelSensors:  open 'event0'
08-06 20:56:15.616   825   825 D WheelSensors:  get 'sc27xx:vibrator'
08-06 20:56:15.639   641   641 I ServiceManager: Waiting for service 'statscompanion' on '/dev/binder'...
08-06 20:56:15.652   793   793 I ServiceManager: Waiting for service 'SurfaceFlinger' on '/dev/binder'...
08-06 20:56:15.662   937   937 I livelock: started
08-06 20:56:15.667   825   825 D WheelSensors:  open 'event2'
08-06 20:56:15.667   825   825 D WheelSensors:  get 'accelerometer'
08-06 20:56:15.669   937   937 W livelock: [khungtaskd] not configurable
08-06 20:56:15.669   823   823 I ServiceManager: Waiting for service 'package_native' on '/dev/binder'...
08-06 20:56:15.671   813   813 I ServiceManager: Waiting for service 'package_native' on '/dev/binder'...
08-06 20:56:15.682   937   937 I livelock: ro.config.low_ram=true
08-06 20:56:15.682   937   937 I livelock: ro.llk.sysrq_t=true
08-06 20:56:15.682   937   937 I livelock: ro.llk.enable=true
08-06 20:56:15.682   937   937 I livelock: ro.khungtask.enable=true
08-06 20:56:15.682   937   937 I livelock: ro.llk.mlockall=true
08-06 20:56:15.682   937   937 I livelock: ro.llk.killtest=true
08-06 20:56:15.682   937   937 I livelock: ro.khungtask.timeout=720s
08-06 20:56:15.682   937   937 I livelock: ro.llk.timeout_ms=600.000s
08-06 20:56:15.682   937   937 I livelock: ro.llk.D.timeout_ms=600.000s
08-06 20:56:15.682   937   937 I livelock: ro.llk.Z.timeout_ms=600.000s
08-06 20:56:15.682   937   937 I livelock: ro.llk.stack.timeout_ms=600.000s
08-06 20:56:15.682   937   937 I livelock: ro.llk.check_ms=120.000s
08-06 20:56:15.682   937   937 I livelock: ro.llk.stack=wait_on_page_bit_killable,bit_wait_io,__get_user_pages,cma_alloc
08-06 20:56:15.682   937   937 I livelock: ro.llk.ignorelist.process.stack=llkd,lmkd.llkd,apexd,ueventd,keystore,init
08-06 20:56:15.682   937   937 I livelock: ro.llk.ignorelist.process=[watchdog/3],[watchdog/2],[watchdog/1],[watchdogd/0],2,[watchdogd],watchdogd,llkd,lmkd,[khungtaskd],[kthreadd],init,937,1,0
08-06 20:56:15.682   937   937 I livelock: ro.llk.ignorelist.parent=[kthreadd],2,0,adbd&[setsid]
08-06 20:56:15.682   937   937 I livelock: ro.llk.ignorelist.uid=
08-06 20:56:15.696   825   825 D WheelSensors:  open 'event1'
08-06 20:56:15.696   825   825 D WheelSensors:  get 'hyn_ts'
08-06 20:56:15.728   825   825 D WheelSensors: 'madev' fd = -1 input device
08-06 20:56:15.728   825   825 D WheelSensors:  open 'mice'
08-06 20:56:15.728   825   825 D WheelSensors:  open 'event5'
08-06 20:56:15.728   825   825 D WheelSensors:  get 'sprdphone-sc2730 Headset Keyboard'
08-06 20:56:15.740   641   641 I ServiceManager: Waiting for service 'statscompanion' on '/dev/binder'...
08-06 20:56:15.747   825   825 D WheelSensors:  open 'event3'
08-06 20:56:15.748   825   825 D WheelSensors:  get 'gpio-keys'
08-06 20:56:15.753   793   793 I ServiceManager: Waiting for service 'SurfaceFlinger' on '/dev/binder'...
08-06 20:56:15.767   825   825 D WheelSensors:  open 'event4'
08-06 20:56:15.768   825   825 D WheelSensors:  get 'sprdphone-sc2730 Headset Jack'
08-06 20:56:15.772   813   813 I ServiceManager: Waiting for service 'package_native' on '/dev/binder'...
08-06 20:56:15.773   823   823 I ServiceManager: Waiting for service 'package_native' on '/dev/binder'...
08-06 20:56:15.807   825   825 D WheelSensors:  open 'event0'
08-06 20:56:15.808   825   825 D WheelSensors:  get 'sc27xx:vibrator'
08-06 20:56:15.839   825   825 D WheelSensors:  open 'event2'
08-06 20:56:15.840   825   825 D WheelSensors:  get 'accelerometer'
08-06 20:56:15.841   641   641 I ServiceManager: Waiting for service 'statscompanion' on '/dev/binder'...
08-06 20:56:15.849   585   628 I zn-daemon64: zygote 805 hook status: 1
08-06 20:56:15.854   793   793 I ServiceManager: Waiting for service 'SurfaceFlinger' on '/dev/binder'...
08-06 20:56:15.855   825   825 D WheelSensors:  open 'event1'
08-06 20:56:15.856   825   825 D WheelSensors:  get 'hyn_ts'
08-06 20:56:15.873   813   813 I ServiceManager: Waiting for service 'package_native' on '/dev/binder'...
08-06 20:56:15.873   823   823 I ServiceManager: Waiting for service 'package_native' on '/dev/binder'...
08-06 20:56:15.884   732   732 D MODEM_CTRL: wait_for_modem_alive: wait for alive info from : 6
08-06 20:56:15.885   732   732 D MODEM_CTRL: wait_for_modem_alive: read response Modem Alive from 6
08-06 20:56:15.885   732   732 D MODEM_CTRL: wait_for_modem_alive: wake lock bEnable = 0!
08-06 20:56:15.886   732   963 D MODEM_CTRL: Enter modem_ctrl_listen_modem !
08-06 20:56:15.886   732   963 D MODEM_CTRL: modem_ctrl_listen_modem: ro.vendor.modem.assert = /dev/spipe_lte2
08-06 20:56:15.886   732   963 D MODEM_CTRL: modem_ctrl_listen_modem: /dev/spipe_lte2wdtirq = /dev/spipe_lte2wdtirq
08-06 20:56:15.886   732   963 D MODEM_CTRL: modem_setup_modemd_connect: wait modemd accept...
08-06 20:56:15.887   825   825 D WheelSensors: 'madev' fd = -1 input device
08-06 20:56:15.888   733   739 D MODEMD  : detect_modem_control: connect control_modem success
08-06 20:56:15.888   733   739 D MODEMD  : detect_modem_control: Monioring modem state on socket control_modem...
08-06 20:56:15.888   732   963 D MODEM_CTRL: modem_setup_modemd_connect: accept client_modemd =7
08-06 20:56:15.888   732   963 D MODEM_CTRL: modem_ctrl_listen_modem: open assert dev: /dev/spipe_lte2, fd = 8
08-06 20:56:15.888   732   963 D MODEM_CTRL: modem_ctrl_listen_modem: open watchdog dev: /dev/spipe_lte2wdtirq, fd = -1
08-06 20:56:15.888   732   963 D MODEM_CTRL: open /dev/spipe_lte2wdtirq unsupport watchdog, errno: No such file or directory
08-06 20:56:15.888   732   963 D MODEM_CTRL: modem_ctrl_listen_modem: wait for modem assert/hangup event ...
08-06 20:56:15.890   732   964 D MODEM_CTRL: modem_ctrl_listen_modemd: start listen modemd...
08-06 20:56:15.890   733   739 D MODEMD  : read 11 from fd 11, erro Connection refused
08-06 20:56:15.890   733   739 D MODEMD  : detect_modem_control: read numRead = 11, buf = Modem Alive
08-06 20:56:15.890   733   739 D MODEMD  : Info modem alive to all clients.
08-06 20:56:15.890   733   739 D MODEMD  : write 11 bytes to s_clientFd[0]: 8
08-06 20:56:15.890   733   739 D MODEMD  : write 11 bytes to s_clientFd[1]: 9
08-06 20:56:15.890   733   739 D MODEMD  : protect_check_apcp!
08-06 20:56:15.890   733   739 D MODEMDVERIFY: rsa_check_apcp
08-06 20:56:15.890   733   739 D MODEMDVERIFY: init_ap
08-06 20:56:15.890   728   886 D ENGPC   : eng_timesync_thread: notify_buf=Modem Alive
08-06 20:56:15.890   728   886 D ENGPC   : try_connect: connect cp_time_sync_server socket error(Connection refused), try_num=2
08-06 20:56:15.890   728   886 D ENGPC   : eng_timesync_thread: total_conn=1
08-06 20:56:15.891   733   739 D MODEMDVERIFY: init_ap done
08-06 20:56:15.891   696   723 D NetworkHAL:  get event from modemd **
08-06 20:56:15.891   696   723 D NetworkHAL: NetworkControl :: doCmd() comes:Modem Alive
08-06 20:56:15.891   696   723 E NetworkHAL: callback is null,no result return
08-06 20:56:15.892   732   964 D MODEM_CTRL: modem_ctrl_listen_modemd: write to modemd len = 11,str=Modem Alive
08-06 20:56:15.893   733   965 D MODEMDVERIFY: enter. pth_run_flag: 1, pth_exit_flag: 0
08-06 20:56:15.893   733   965 D MODEMDVERIFY: set pkt
08-06 20:56:15.893   733   965 D MODEMDVERIFY: set pld
08-06 20:56:15.893   733   965 D MODEMDVERIFY: gen_rand
08-06 20:56:15.893   733   965 D MODEMDVERIFY: calc sha1
08-06 20:56:15.893   733   965 D MODEMDVERIFY: comb ts
08-06 20:56:15.893   733   965 D MODEMDVERIFY: len 3 ts 1786020975
08-06 20:56:15.893   733   965 D MODEMDVERIFY: gen cert
08-06 20:56:15.899   807   807 I zn-injector32: inject zygote 805 succeed
08-06 20:56:15.900   805   805 D AndroidRuntime: >>>>>> START com.android.internal.os.ZygoteInit uid 0 <<<<<<
08-06 20:56:15.900   585   677 I zn-daemon64: ** inject success for 805
08-06 20:56:15.900   585   677 I zn-daemon64: ** write prop
08-06 20:56:15.922   585   677 I zn-daemon64: zygote 804 hook status: 1
08-06 20:56:15.939   830   830 D refnotify: RefNotify open /dev/spipe_lte8 success
08-06 20:56:15.940   830   830 D refnotify: RefNotify main: wait for modem notify event ...
08-06 20:56:15.940   830   830 D refnotify: RefNotify ready to do cmd 
08-06 20:56:15.940   830   830 D refnotify: RefNotify_DoCmd, 3 
08-06 20:56:15.940   830   830 D refnotify: RefNotify open /dev/rtc0 success
08-06 20:56:15.940   830   830 D refnotify: RefNotify main: wait for modem notify event ...
08-06 20:56:15.941   641   641 I ServiceManager: Waiting for service 'statscompanion' on '/dev/binder'...
08-06 20:56:15.942   806   806 I zn-injector64: inject zygote 804 succeed
08-06 20:56:15.943   804   804 D AndroidRuntime: >>>>>> START com.android.internal.os.ZygoteInit uid 0 <<<<<<
08-06 20:56:15.943   804   804 I boot_progress_start: 46263
08-06 20:56:15.944   585   655 I zn-daemon64: ** inject success for 804
08-06 20:56:15.945   585   655 I zn-daemon64: ** write prop
08-06 20:56:15.947   830   966 E refnotify: Couldn't open file/sys/power/wait_for_fb_sleep
08-06 20:56:15.952   830   967 D refnotify: refnotify_recv_wcn_msgs: sock =  6
08-06 20:56:15.952   830   967 E refnotify: Failed to access, error /vendor/etc/wcn_to_mipi.xml: No such file or directory
08-06 20:56:15.955   793   793 I ServiceManager: Waiting for service 'SurfaceFlinger' on '/dev/binder'...
08-06 20:56:15.963   921   921 D AndroidRuntime: >>>>>> START com.android.internal.os.RuntimeInit uid 0 <<<<<<
08-06 20:56:15.973   813   813 I ServiceManager: Waiting for service 'package_native' on '/dev/binder'...
08-06 20:56:15.974   921   921 I AndroidRuntime: Using default boot image
08-06 20:56:15.974   921   921 I AndroidRuntime: Leaving lock profiling enabled
08-06 20:56:15.979   823   823 I ServiceManager: Waiting for service 'package_native' on '/dev/binder'...
08-06 20:56:15.985   921   921 I lspd    : Core platform API reporting enabled, enforcing=false
08-06 20:56:15.988   825   825 D WheelSensors:  open 'mice'
08-06 20:56:15.988   825   825 D WheelSensors:  open 'event5'
08-06 20:56:15.988   825   825 D WheelSensors:  get 'sprdphone-sc2730 Headset Keyboard'
08-06 20:56:16.011   825   825 D WheelSensors:  open 'event3'
08-06 20:56:16.012   825   825 D WheelSensors:  get 'gpio-keys'
08-06 20:56:16.024   804   804 I AndroidRuntime: Using default boot image
08-06 20:56:16.024   804   804 I AndroidRuntime: Leaving lock profiling enabled
08-06 20:56:16.026   804   804 I zygote64: option[0]=-Xzygote
08-06 20:56:16.026   804   804 I zygote64: option[1]=exit
08-06 20:56:16.026   804   804 I zygote64: option[2]=vfprintf
08-06 20:56:16.026   804   804 I zygote64: option[3]=sensitiveThread
08-06 20:56:16.026   804   804 I zygote64: option[4]=-verbose:gc
08-06 20:56:16.026   804   804 I zygote64: option[5]=-XX:PerfettoHprof=true
08-06 20:56:16.026   804   804 I zygote64: option[6]=-Xprimaryzygote
08-06 20:56:16.026   804   804 I zygote64: option[7]=-Xms8m
08-06 20:56:16.026   804   804 I zygote64: option[8]=-Xmx512m
08-06 20:56:16.026   804   804 I zygote64: option[9]=-XX:HeapGrowthLimit=192m
08-06 20:56:16.026   804   804 I zygote64: option[10]=-XX:HeapMinFree=512k
08-06 20:56:16.026   804   804 I zygote64: option[11]=-XX:HeapMaxFree=8m
08-06 20:56:16.026   804   804 I zygote64: option[12]=-XX:HeapTargetUtilization=0.75
08-06 20:56:16.026   804   804 I zygote64: option[13]=-XX:ForegroundHeapGrowthMultiplier=2.0
08-06 20:56:16.026   804   804 I zygote64: option[14]=-Xusejit:true
08-06 20:56:16.026   804   804 I zygote64: option[15]=-Xjitsaveprofilinginfo
08-06 20:56:16.026   804   804 I zygote64: option[16]=-XX:LowMemoryMode
08-06 20:56:16.026   804   804 I zygote64: option[17]=-XjdwpOptions:suspend=n,server=y
08-06 20:56:16.026   804   804 I zygote64: option[18]=-XjdwpProvider:default
08-06 20:56:16.026   804   804 I zygote64: option[19]=-Xopaque-jni-ids:swapable
08-06 20:56:16.026   804   804 I zygote64: option[20]=-Xlockprofthreshold:500
08-06 20:56:16.026   804   804 I zygote64: option[21]=-Xcompiler-option
08-06 20:56:16.026   804   804 I zygote64: option[22]=-j4
08-06 20:56:16.026   804   804 I zygote64: option[23]=-Xcompiler-option
08-06 20:56:16.026   804   804 I zygote64: option[24]=--generate-mini-debug-info
08-06 20:56:16.026   804   804 I zygote64: option[25]=-Ximage-compiler-option
08-06 20:56:16.026   804   804 I zygote64: option[26]=--runtime-arg
08-06 20:56:16.026   804   804 I zygote64: option[27]=-Ximage-compiler-option
08-06 20:56:16.026   804   804 I zygote64: option[28]=-Xms64m
08-06 20:56:16.026   804   804 I zygote64: option[29]=-Ximage-compiler-option
08-06 20:56:16.026   804   804 I zygote64: option[30]=--runtime-arg
08-06 20:56:16.026   804   804 I zygote64: option[31]=-Ximage-compiler-option
08-06 20:56:16.026   804   804 I zygote64: option[32]=-Xmx64m
08-06 20:56:16.026   804   804 I zygote64: option[33]=-Ximage-compiler-option
08-06 20:56:16.026   804   804 I zygote64: option[34]=--dirty-image-objects=/system/etc/dirty-image-objects
08-06 20:56:16.026   804   804 I zygote64: option[35]=-Ximage-compiler-option
08-06 20:56:16.026   804   804 I zygote64: option[36]=-j4
08-06 20:56:16.026   804   804 I zygote64: option[37]=-Ximage-compiler-option
08-06 20:56:16.026   804   804 I zygote64: option[38]=--generate-mini-debug-info
08-06 20:56:16.026   804   804 I zygote64: option[39]=-Duser.locale=zh-CN
08-06 20:56:16.026   804   804 I zygote64: option[40]=--cpu-abilist=arm64-v8a
08-06 20:56:16.026   804   804 I zygote64: option[41]=-Xcore-platform-api-policy:just-warn
08-06 20:56:16.026   804   804 I zygote64: option[42]=-Xfingerprint:Phh/treble_arm64_bvN/phhgsi_arm64_ab:11/RD2A.211001.002/mohan10141749:userdebug/test-keys
08-06 20:56:16.027   825   825 D WheelSensors:  open 'event4'
08-06 20:56:16.027   825   825 D WheelSensors:  get 'sprdphone-sc2730 Headset Jack'
08-06 20:56:16.029   804   804 I zygote64: Core platform API reporting enabled, enforcing=false
08-06 20:56:16.038   777   854 W adbd    : timed out while waiting for FUNCTIONFS_BIND, trying again
08-06 20:56:16.038   777   854 I adbd    : UsbFfs: connection terminated: monitor thread finished
08-06 20:56:16.038   777   777 I adbd    : UsbFfs: already offline
08-06 20:56:16.038   777   777 I adbd    : destroying transport UsbFfs
08-06 20:56:16.038   777   777 I adbd    : UsbFfsConnection being destroyed
08-06 20:56:16.042   641   641 I ServiceManager: Waiting for service 'statscompanion' on '/dev/binder'...
08-06 20:56:16.055   793   793 I ServiceManager: Waiting for service 'SurfaceFlinger' on '/dev/binder'...
08-06 20:56:16.065   805   805 I AndroidRuntime: Using default boot image
08-06 20:56:16.065   805   805 I AndroidRuntime: Leaving lock profiling enabled
08-06 20:56:16.067   825   825 D WheelSensors:  open 'event0'
08-06 20:56:16.068   825   825 D WheelSensors:  get 'sc27xx:vibrator'
08-06 20:56:16.068   805   805 I zygote  : option[0]=-Xzygote
08-06 20:56:16.068   805   805 I zygote  : option[1]=exit
08-06 20:56:16.069   805   805 I zygote  : option[2]=vfprintf
08-06 20:56:16.069   805   805 I zygote  : option[3]=sensitiveThread
08-06 20:56:16.069   805   805 I zygote  : option[4]=-verbose:gc
08-06 20:56:16.069   805   805 I zygote  : option[5]=-XX:PerfettoHprof=true
08-06 20:56:16.069   805   805 I zygote  : option[6]=-Xms8m
08-06 20:56:16.069   805   805 I zygote  : option[7]=-Xmx512m
08-06 20:56:16.069   805   805 I zygote  : option[8]=-XX:HeapGrowthLimit=192m
08-06 20:56:16.069   805   805 I zygote  : option[9]=-XX:HeapMinFree=512k
08-06 20:56:16.069   805   805 I zygote  : option[10]=-XX:HeapMaxFree=8m
08-06 20:56:16.069   805   805 I zygote  : option[11]=-XX:HeapTargetUtilization=0.75
08-06 20:56:16.069   805   805 I zygote  : option[12]=-XX:ForegroundHeapGrowthMultiplier=2.0
08-06 20:56:16.069   805   805 I zygote  : option[13]=-Xusejit:true
08-06 20:56:16.069   805   805 I zygote  : option[14]=-Xjitsaveprofilinginfo
08-06 20:56:16.069   805   805 I zygote  : option[15]=-XX:LowMemoryMode
08-06 20:56:16.069   805   805 I zygote  : option[16]=-XjdwpOptions:suspend=n,server=y
08-06 20:56:16.069   805   805 I zygote  : option[17]=-XjdwpProvider:default
08-06 20:56:16.069   805   805 I zygote  : option[18]=-Xopaque-jni-ids:swapable
08-06 20:56:16.069   805   805 I zygote  : option[19]=-Xlockprofthreshold:500
08-06 20:56:16.069   805   805 I zygote  : option[20]=-Xcompiler-option
08-06 20:56:16.069   805   805 I zygote  : option[21]=-j4
08-06 20:56:16.069   805   805 I zygote  : option[22]=-Xcompiler-option
08-06 20:56:16.069   805   805 I zygote  : option[23]=--generate-mini-debug-info
08-06 20:56:16.070   805   805 I zygote  : option[24]=-Ximage-compiler-option
08-06 20:56:16.070   805   805 I zygote  : option[25]=--runtime-arg
08-06 20:56:16.070   805   805 I zygote  : option[26]=-Ximage-compiler-option
08-06 20:56:16.070   805   805 I zygote  : option[27]=-Xms64m
08-06 20:56:16.070   805   805 I zygote  : option[28]=-Ximage-compiler-option
08-06 20:56:16.070   805   805 I zygote  : option[29]=--runtime-arg
08-06 20:56:16.070   805   805 I zygote  : option[30]=-Ximage-compiler-option
08-06 20:56:16.070   805   805 I zygote  : option[31]=-Xmx64m
08-06 20:56:16.070   805   805 I zygote  : option[32]=-Ximage-compiler-option
08-06 20:56:16.070   805   805 I zygote  : option[33]=--dirty-image-objects=/system/etc/dirty-image-objects
08-06 20:56:16.070   805   805 I zygote  : option[34]=-Ximage-compiler-option
08-06 20:56:16.070   805   805 I zygote  : option[35]=-j4
08-06 20:56:16.070   805   805 I zygote  : option[36]=-Ximage-compiler-option
08-06 20:56:16.070   805   805 I zygote  : option[37]=--generate-mini-debug-info
08-06 20:56:16.070   805   805 I zygote  : option[38]=-Duser.locale=zh-CN
08-06 20:56:16.070   805   805 I zygote  : option[39]=--cpu-abilist=armeabi-v7a,armeabi
08-06 20:56:16.070   805   805 I zygote  : option[40]=-Xcore-platform-api-policy:just-warn
08-06 20:56:16.070   805   805 I zygote  : option[41]=-Xfingerprint:Phh/treble_arm64_bvN/phhgsi_arm64_ab:11/RD2A.211001.002/mohan10141749:userdebug/test-keys
08-06 20:56:16.074   813   813 I ServiceManager: Waiting for service 'package_native' on '/dev/binder'...
08-06 20:56:16.078   805   805 I zygote  : Core platform API reporting enabled, enforcing=false
08-06 20:56:16.080   777   782 I adbd    : opening control endpoint /dev/usb-ffs/adb/ep0
08-06 20:56:16.080   823   823 I ServiceManager: Waiting for service 'package_native' on '/dev/binder'...
08-06 20:56:16.082   777   782 I adbd    : UsbFfsConnection constructed
08-06 20:56:16.084   777   968 I adbd    : UsbFfs-monitor thread spawned
08-06 20:56:16.115   825   825 D WheelSensors:  open 'event2'
08-06 20:56:16.115   825   825 D WheelSensors:  get 'accelerometer'
08-06 20:56:16.129   867   873 E WCND    : send_atcmd: write /proc/mdbg/at_cmd success
08-06 20:56:16.129   867   873 D WCND    : listen_fd = 5, max=7
08-06 20:56:16.131   825   825 D WheelSensors:  open 'event1'
08-06 20:56:16.132   825   825 D WheelSensors:  get 'hyn_ts'
08-06 20:56:16.135   733   965 D MODEMDVERIFY: comb rd
08-06 20:56:16.143   641   641 I ServiceManager: Waiting for service 'statscompanion' on '/dev/binder'...
08-06 20:56:16.157   793   793 I ServiceManager: Waiting for service 'SurfaceFlinger' on '/dev/binder'...
08-06 20:56:16.172   825   825 D WheelSensors: 'madev' fd = -1 input device
08-06 20:56:16.175   813   813 I ServiceManager: Waiting for service 'package_native' on '/dev/binder'...
08-06 20:56:16.181   823   823 I ServiceManager: Waiting for service 'package_native' on '/dev/binder'...
08-06 20:56:16.244   641   641 I ServiceManager: Waiting for service 'statscompanion' on '/dev/binder'...
08-06 20:56:16.258   793   793 I ServiceManager: Waiting for service 'SurfaceFlinger' on '/dev/binder'...
08-06 20:56:16.268   830   830 D refnotify: RefNotify ready to do cmd 
08-06 20:56:16.268   830   830 D refnotify: RefNotify_DoCmd, 10 
08-06 20:56:16.268   830   830 D refnotify: AP up time sys_cnt 1186
08-06 20:56:16.269   830   830 D refnotify: RefNotify main: wait for modem notify event ...
08-06 20:56:16.270   830   969 D refnotify: Enter timesync_task.
08-06 20:56:16.271   867   875 E WCND    : cp2_loop_check_thread :After Read. (len = 13)!!
08-06 20:56:16.272   867   875 E WCND    : cp2_loop_check_thread: marlin2 is power on!
08-06 20:56:16.272   867   875 D WCND    : is_cp2_alive_ok: open polling interface: /proc/mdbg/loopcheck, fd = 10
08-06 20:56:16.273   825   825 D WheelSensors:  open 'mice'
08-06 20:56:16.273   825   825 D WheelSensors:  open 'event5'
08-06 20:56:16.273   825   825 D WheelSensors:  get 'sprdphone-sc2730 Headset Keyboard'
08-06 20:56:16.274   867   873 D WCND    : dispatch_command2: arg[0] = 'wcn'
08-06 20:56:16.274   867   873 D WCND    : dispatch_command2: arg[1] = 'marlin2opened'
08-06 20:56:16.274   867   873 D WCND    : wcnd_runcommand: arg[0] = 'marlin2opened'
08-06 20:56:16.274   867   873 D WCND    : Current State: 2, receive event: 0x2000!!
08-06 20:56:16.274   867   873 D WCND    : Receive MARLIN2 OPENED EVENT!
08-06 20:56:16.274   867   873 D WCND    : send_notify_to_client (type:16)
08-06 20:56:16.274   867   873 D WCND    : clients[0].sockfd = -1, type = 0
08-06 20:56:16.274   867   873 D WCND    : clients[1].sockfd = -1, type = 0
08-06 20:56:16.274   867   873 D WCND    : clients[2].sockfd = -1, type = 0
08-06 20:56:16.274   867   873 D WCND    : clients[3].sockfd = -1, type = 0
08-06 20:56:16.274   867   873 D WCND    : clients[4].sockfd = -1, type = 0
08-06 20:56:16.274   867   873 D WCND    : clients[5].sockfd = -1, type = 0
08-06 20:56:16.274   867   873 D WCND    : clients[6].sockfd = -1, type = 0
08-06 20:56:16.274   867   873 D WCND    : clients[7].sockfd = -1, type = 0
08-06 20:56:16.274   867   873 D WCND    : clients[8].sockfd = -1, type = 0
08-06 20:56:16.274   867   873 D WCND    : clients[9].sockfd = -1, type = 0
08-06 20:56:16.274   867   873 D WCND    : wcnd_process_atcmd: Receive AT CMD: at+spatgetcp2info, len = 18
08-06 20:56:16.274   867   873 D WCND    : before_send_atcmd: To get cp2 version
08-06 20:56:16.274   867   873 D WCND    : wcnd_process_atcmd: open at cmd interface: /proc/mdbg/at_cmd, fd = 11
08-06 20:56:16.277   813   813 I ServiceManager: Waiting for service 'package_native' on '/dev/binder'...
08-06 20:56:16.281   823   823 I ServiceManager: Waiting for service 'package_native' on '/dev/binder'...
08-06 20:56:16.287   825   825 D WheelSensors:  open 'event3'
08-06 20:56:16.288   825   825 D WheelSensors:  get 'gpio-keys'
08-06 20:56:16.303   825   825 D WheelSensors:  open 'event4'
08-06 20:56:16.304   825   825 D WheelSensors:  get 'sprdphone-sc2730 Headset Jack'
08-06 20:56:16.343   825   825 D WheelSensors:  open 'event0'
08-06 20:56:16.343   825   825 D WheelSensors:  get 'sc27xx:vibrator'
08-06 20:56:16.345   641   641 I ServiceManager: Waiting for service 'statscompanion' on '/dev/binder'...
08-06 20:56:16.358   793   793 I ServiceManager: Waiting for service 'SurfaceFlinger' on '/dev/binder'...
08-06 20:56:16.367   805   805 D zygote  : Time zone APEX ICU file found: /apex/com.android.tzdata/etc/icu/icu_tzdata.dat
08-06 20:56:16.367   805   805 D zygote  : I18n APEX ICU file found: /apex/com.android.i18n/etc/icu/icudt66l.dat
08-06 20:56:16.373   804   804 D zygote64: Time zone APEX ICU file found: /apex/com.android.tzdata/etc/icu/icu_tzdata.dat
08-06 20:56:16.373   804   804 D zygote64: I18n APEX ICU file found: /apex/com.android.i18n/etc/icu/icudt66l.dat
08-06 20:56:16.374   921   921 D lspd    : Time zone APEX ICU file found: /apex/com.android.tzdata/etc/icu/icu_tzdata.dat
08-06 20:56:16.375   921   921 D lspd    : I18n APEX ICU file found: /apex/com.android.i18n/etc/icu/icudt66l.dat
08-06 20:56:16.375   867   875 D WCND    : is_cp2_alive_ok: loop: /proc/mdbg/loopcheck is OK
08-06 20:56:16.375   867   873 D WCND    : wcnd_process_atcmd: Wait ATcmd to return
08-06 20:56:16.375   867   873 D WCND    : wcnd_process_atcmd: ATcmd to /proc/mdbg/at_cmd return: 'WCN_VER:Platform Version:MARLIN3_20A_W25.15.2~Project Version:sc2355_marlin3_lite~04-08-2025 14:01:49~'
08-06 20:56:16.375   867   873 D WCND    : Avoid sending response of 'WCN_VER:Platform Version:MARLIN3_20A_W25.15.2~Project Version:sc2355_marlin3_lite~04-08-2025 14:01:49~' to WCND it-self, ret_value: 0
08-06 20:56:16.375   867   873 D WCND    : wcnd_process_atcmd: Receive AT CMD: at+cp2_enter_user=1, len = 20
08-06 20:56:16.375   867   873 D WCND    : wcnd_process_atcmd: open at cmd interface: /proc/mdbg/at_cmd, fd = 10
08-06 20:56:16.375   825   825 D WheelSensors:  open 'event2'
08-06 20:56:16.375   825   825 D WheelSensors:  get 'accelerometer'
08-06 20:56:16.378   813   813 I ServiceManager: Waiting for service 'package_native' on '/dev/binder'...
08-06 20:56:16.382   823   823 I ServiceManager: Waiting for service 'package_native' on '/dev/binder'...
08-06 20:56:16.395   825   825 D WheelSensors:  open 'event1'
08-06 20:56:16.396   825   825 D WheelSensors:  get 'hyn_ts'
08-06 20:56:16.423   804   804 I zygote64: Using memfd for future sealing
08-06 20:56:16.429   805   805 I zygote  : Using memfd for future sealing
08-06 20:56:16.439   825   825 D WheelSensors: 'madev' fd = -1 input device
08-06 20:56:16.448   641   641 I ServiceManager: Waiting for service 'statscompanion' on '/dev/binder'...
08-06 20:56:16.459   793   793 I ServiceManager: Waiting for service 'SurfaceFlinger' on '/dev/binder'...
08-06 20:56:16.475   867   873 D WCND    : wcnd_process_atcmd: Wait ATcmd to return
08-06 20:56:16.476   867   873 D WCND    : wcnd_process_atcmd: ATcmd to /proc/mdbg/at_cmd return: 'OK, user_mode=1'
08-06 20:56:16.476   867   873 D WCND    : Avoid sending response of 'OK, user_mode=1' to WCND it-self, ret_value: 0
08-06 20:56:16.476   867   873 D WCND    : wcnd_process_atcmd: Receive AT CMD: AT+ARMLOG=0, len = 12
08-06 20:56:16.478   813   813 I ServiceManager: Waiting for service 'package_native' on '/dev/binder'...
08-06 20:56:16.484   823   823 I ServiceManager: Waiting for service 'package_native' on '/dev/binder'...
08-06 20:56:16.489   867   873 D WCND    : wcnd_process_atcmd: open at cmd interface: /proc/mdbg/at_cmd, fd = 10
08-06 20:56:16.541   825   825 D WheelSensors:  open 'mice'
08-06 20:56:16.541   825   825 D WheelSensors:  open 'event5'
08-06 20:56:16.541   825   825 D WheelSensors:  get 'sprdphone-sc2730 Headset Keyboard'
08-06 20:56:16.548   641   641 I ServiceManager: Waiting for service 'statscompanion' on '/dev/binder'...
08-06 20:56:16.560   793   793 I ServiceManager: Waiting for service 'SurfaceFlinger' on '/dev/binder'...
08-06 20:56:16.563   825   825 D WheelSensors:  open 'event3'
08-06 20:56:16.564   825   825 D WheelSensors:  get 'gpio-keys'
08-06 20:56:16.575   921   921 W lspd    : JNI RegisterNativeMethods: attempt to register 0 native methods for android.media.AudioAttributes
08-06 20:56:16.578   804   804 W zygote64: JNI RegisterNativeMethods: attempt to register 0 native methods for android.media.AudioAttributes
08-06 20:56:16.582   825   825 D WheelSensors:  open 'event4'
08-06 20:56:16.582   825   825 D WheelSensors:  get 'sprdphone-sc2730 Headset Jack'
08-06 20:56:16.582   813   813 I ServiceManager: Waiting for service 'package_native' on '/dev/binder'...
08-06 20:56:16.587   823   823 I ServiceManager: Waiting for service 'package_native' on '/dev/binder'...
08-06 20:56:16.589   805   805 W zygote  : JNI RegisterNativeMethods: attempt to register 0 native methods for android.media.AudioAttributes
08-06 20:56:16.590   867   873 D WCND    : wcnd_process_atcmd: Wait ATcmd to return
08-06 20:56:16.590   867   873 D WCND    : wcnd_process_atcmd: ATcmd to /proc/mdbg/at_cmd return: 'OK'
08-06 20:56:16.590   867   873 D WCND    : Avoid sending response of 'OK' to WCND it-self, ret_value: 0
08-06 20:56:16.590   867   873 D WCND    : on_marlin2_poweron cp2_log_level at+loglevel=3
08-06 20:56:16.590   867   873 D WCND    : wcnd_process_atcmd: Receive AT CMD: at+loglevel=3, len = 14
08-06 20:56:16.590   867   873 D WCND    : substr[0]:at+loglevel
08-06 20:56:16.590   867   873 D WCND    : substr[1]:3
08-06 20:56:16.598   867   873 D WCND    : before_send_atcmd: at+loglevel: 3
08-06 20:56:16.598   867   873 D WCND    : wcnd_process_atcmd: open at cmd interface: /proc/mdbg/at_cmd, fd = 10
08-06 20:56:16.605   804   804 I boot_progress_preload_start: 46925
08-06 20:56:16.605   804   804 D Zygote  : begin preload
08-06 20:56:16.605   804   804 I Zygote  : Calling ZygoteHooks.beginPreload()
08-06 20:56:16.606   921   921 D AndroidRuntime: Calling main entry org.lsposed.lspd.Main
08-06 20:56:16.625   825   825 D WheelSensors:  open 'event0'
08-06 20:56:16.625   825   825 D WheelSensors:  get 'sc27xx:vibrator'
08-06 20:56:16.634   805   805 I zygote  : Explicit concurrent copying GC freed 973(94KB) AllocSpace objects, 0(0B) LOS objects, 89% free, 171KB/1707KB, paused 3.002ms total 30.991ms
08-06 20:56:16.649   641   641 I ServiceManager: Waiting for service 'statscompanion' on '/dev/binder'...
08-06 20:56:16.659   825   825 D WheelSensors:  open 'event2'
08-06 20:56:16.659   825   825 D WheelSensors:  get 'accelerometer'
08-06 20:56:16.660   793   793 I ServiceManager: Waiting for service 'SurfaceFlinger' on '/dev/binder'...
08-06 20:56:16.662   805   805 I zygote  : Explicit concurrent copying GC freed 150(61KB) AllocSpace objects, 0(0B) LOS objects, 89% free, 173KB/1709KB, paused 86us total 27.359ms
08-06 20:56:16.679   825   825 D WheelSensors:  open 'event1'
08-06 20:56:16.679   825   825 D WheelSensors:  get 'hyn_ts'
08-06 20:56:16.682   813   813 I ServiceManager: Waiting for service 'package_native' on '/dev/binder'...
08-06 20:56:16.693   823   823 I ServiceManager: Waiting for service 'package_native' on '/dev/binder'...
08-06 20:56:16.697   804   804 I Zygote  : Preloading classes...
08-06 20:56:16.698   867   873 D WCND    : wcnd_process_atcmd: Wait ATcmd to return
08-06 20:56:16.698   867   873 D WCND    : wcnd_process_atcmd: ATcmd to /proc/mdbg/at_cmd return: 'OK'
08-06 20:56:16.698   867   873 D WCND    : Avoid sending response of 'OK' to WCND it-self, ret_value: 0
08-06 20:56:16.698   867   873 D WCND    : listen_fd = 5, max=7
08-06 20:56:16.698   867   873 D WCND    : dispatch_command2: arg[0] = 'wcn'
08-06 20:56:16.698   867   873 D WCND    : dispatch_command2: arg[1] = 'getcp2version'
08-06 20:56:16.698   867   873 D WCND    : wcnd_runcommand: arg[0] = 'getcp2version'
08-06 20:56:16.698   867   873 D WCND    : wcnd_runcommand: store the cp2 version info
08-06 20:56:16.698   867   873 D WCND    : wcnd_process_atcmd: Receive AT CMD: at+spatgetcp2info, len = 18
08-06 20:56:16.699   867   873 D WCND    : before_send_atcmd: To get cp2 version
08-06 20:56:16.699   867   873 D WCND    : wcnd_process_atcmd: open at cmd interface: /proc/mdbg/at_cmd, fd = 10
08-06 20:56:16.708   804   804 W Zygote  : Class not found for preloading: android.app.-$$Lambda$ResourcesManager$QJ7UiVk_XS90KuXAsIjIEym1DnM
08-06 20:56:16.717   921   921 I LSPosedService: starting server...
08-06 20:56:16.719   825   825 D WheelSensors: 'madev' fd = -1 input device
08-06 20:56:16.749   641   641 I ServiceManager: Waiting for service 'statscompanion' on '/dev/binder'...
08-06 20:56:16.761   793   793 I ServiceManager: Waiting for service 'SurfaceFlinger' on '/dev/binder'...
08-06 20:56:16.765   585   586 I zn-daemon64: [zn-zygisk-loader32,0,805,805]mntbuf cleaned
08-06 20:56:16.783   813   813 I ServiceManager: Waiting for service 'package_native' on '/dev/binder'...
08-06 20:56:16.796   823   823 I ServiceManager: Waiting for service 'package_native' on '/dev/binder'...
08-06 20:56:16.800   867   873 D WCND    : wcnd_process_atcmd: Wait ATcmd to return
08-06 20:56:16.800   867   873 D WCND    : wcnd_process_atcmd: ATcmd to /proc/mdbg/at_cmd return: 'WCN_VER:Platform Version:MARLIN3_20A_W25.15.2~Project Version:sc2355_marlin3_lite~04-08-2025 14:01:49~'
08-06 20:56:16.800   867   873 D WCND    : Avoid sending response of 'WCN_VER:Platform Version:MARLIN3_20A_W25.15.2~Project Version:sc2355_marlin3_lite~04-08-2025 14:01:49~' to WCND it-self, ret_value: 0
08-06 20:56:16.800   867   873 D WCND    : dispatch_command2: arg[0] = 'wcn'
08-06 20:56:16.800   867   873 D WCND    : dispatch_command2: arg[1] = 'poweroff'
08-06 20:56:16.800   867   873 D WCND    : wcnd_runcommand: arg[0] = 'poweroff'
08-06 20:56:16.800   867   873 D WCND    : send_atcmd: Receive AT CMD: stopwcn, len = 7
08-06 20:56:16.800   867   873 D WCND    : send_atcmd: open at cmd interface: /proc/mdbg/at_cmd, fd = 10
08-06 20:56:16.801   867   875 D WCND    : is_cp2_alive_ok: open polling interface: /proc/mdbg/loopcheck, fd = 11
08-06 20:56:16.806   921   921 I LSPosedService: version 2.1.1 (7790)
08-06 20:56:16.815   585   628 I zn-daemon64: nscleaner for zygote_secondary started
08-06 20:56:16.816   805   805 I Zygote  : Accepting command socket connections
08-06 20:56:16.818   728   889 D ENGPC   : parse_event: event { 'remove', '/bus/sdio/drivers/sdiohal', 'drivers', '' }
08-06 20:56:16.818   867   873 E WCND    : send_atcmd: write /proc/mdbg/at_cmd success
08-06 20:56:16.818   867   873 D WCND    : send_notify_to_client (type:16)
08-06 20:56:16.818   867   873 D WCND    : clients[0].sockfd = -1, type = 0
08-06 20:56:16.818   867   873 D WCND    : clients[1].sockfd = -1, type = 0
08-06 20:56:16.818   867   873 D WCND    : clients[2].sockfd = -1, type = 0
08-06 20:56:16.818   867   873 D WCND    : clients[3].sockfd = -1, type = 0
08-06 20:56:16.818   867   873 D WCND    : clients[4].sockfd = -1, type = 0
08-06 20:56:16.818   867   873 D WCND    : clients[5].sockfd = -1, type = 0
08-06 20:56:16.818   867   873 D WCND    : clients[6].sockfd = -1, type = 0
08-06 20:56:16.818   867   873 D WCND    : clients[7].sockfd = -1, type = 0
08-06 20:56:16.818   867   873 D WCND    : clients[8].sockfd = -1, type = 0
08-06 20:56:16.818   867   873 D WCND    : clients[9].sockfd = -1, type = 0
08-06 20:56:16.818   867   873 D WCND    : listen_fd = 5, max=7
08-06 20:56:16.818   728   889 D ENGPC   : parse_event: event { 'unbind', '/devices/platform/soc/soc:ap-apb/71200000.sdio/mmc_host/mmc1/mmc1:8800/mmc1:8800:1', 'sdio', '' }
08-06 20:56:16.818   728   889 D ENGPC   : parse_event: event { 'remove', '/devices/platform/soc/soc:ap-apb/71200000.sdio/mmc_host/mmc1/mmc1:8800/mmc1:8800:1', 'sdio', '' }
08-06 20:56:16.819   728   889 D ENGPC   : parse_event: event { 'remove', '/devices/platform/soc/soc:ap-apb/71200000.sdio/mmc_host/mmc1/mmc1:8800', 'mmc', '' }
08-06 20:56:16.820   825   825 D WheelSensors:  open 'mice'
08-06 20:56:16.820   825   825 D WheelSensors:  open 'event5'
08-06 20:56:16.820   825   825 D WheelSensors:  get 'sprdphone-sc2730 Headset Keyboard'
08-06 20:56:16.843   825   825 D WheelSensors:  open 'event3'
08-06 20:56:16.843   825   825 D WheelSensors:  get 'gpio-keys'
08-06 20:56:16.852   641   641 I ServiceManager: Waiting for service 'statscompanion' on '/dev/binder'...
08-06 20:56:16.859   921  1003 I LSPosedLogcat: start running
08-06 20:56:16.861   921  1003 I LSPosedLogcat: New log file: /data/adb/lspd/log/verbose_2026-08-06T20:56:16.86.log
08-06 20:56:16.862   793   793 I ServiceManager: Waiting for service 'SurfaceFlinger' on '/dev/binder'...
08-06 20:56:16.863   921  1003 I LSPosedLogcat: New log file: /data/adb/lspd/log/modules_2026-08-06T20:56:16.862.log
08-06 20:56:16.868   825   825 D WheelSensors:  open 'event4'
08-06 20:56:16.868   825   825 D WheelSensors:  get 'sprdphone-sc2730 Headset Jack'
08-06 20:56:16.883   813   813 I ServiceManager: Waiting for service 'package_native' on '/dev/binder'...
08-06 20:56:16.891   728   886 D ENGPC   : try_connect: connect cp_time_sync_server socket poll_num=2, sock->fd=17, sock->index=1
08-06 20:56:16.892   728   886 D ENGPC   : try_connect: connect cp_time_sync_server socket success, try_num=0
08-06 20:56:16.892   728   886 D ENGPC   : eng_timesync_thread: total_conn=2
08-06 20:56:16.892   830   969 D refnotify: A time sync client is connected.
08-06 20:56:16.892   728   886 D ENGPC   : eng_timesync_thread: receive time sync data from refnotify
08-06 20:56:16.893   728   886 D ENGPC   : current_ap_time_stamp_handle: [time_sync]:sys_cnt=1186, uptime=47; [time_stamp]:tv_sec=1786049776, tv_usec=892313, sys_cnt=2186
08-06 20:56:16.893   728   886 D ENGPC   : current_ap_time_stamp_handle: AP Time 2026-08-06 20:56:16 892313 Micorseconds
08-06 20:56:16.893   728   886 D ENGPC   : eng_timesync_thread: total_conn=2
08-06 20:56:16.895   804   970 I zygote64: Verified 1370 classes from mainline modules in 334.028ms
08-06 20:56:16.898   823   823 I ServiceManager: Waiting for service 'package_native' on '/dev/binder'...
08-06 20:56:16.901   867   875 E WCND    : is_cp2_alive_ok: read 11 return 8, buffer:poweroff!
08-06 20:56:16.901   867   875 D WCND    : cp2_loop_check_thread: marlin2 is power off!!
08-06 20:56:16.901   867   875 E WCND    : cp2_loop_check_thread :Check marlin2 Status!!
08-06 20:56:16.901   867   875 E WCND    : cp2_loop_check_thread :After Read. (len = 8)!!
08-06 20:56:16.901   867   875 E WCND    : cp2_loop_check_thread: read 8 return 8, buffer:poweroff,  (errno = Success)
08-06 20:56:16.901   867   875 E WCND    : cp2_loop_check_thread: marlin2 is power off!
08-06 20:56:16.901   867   873 D WCND    : dispatch_command2: arg[0] = 'wcn'
08-06 20:56:16.901   867   873 D WCND    : dispatch_command2: arg[1] = 'marlin2closed'
08-06 20:56:16.901   867   873 D WCND    : wcnd_runcommand: arg[0] = 'marlin2closed'
08-06 20:56:16.901   867   873 D WCND    : Current State: 0, receive event: 0x1000!!
08-06 20:56:16.901   867   873 D WCND    : Receive MARLIN2 CLOSED EVENT!
08-06 20:56:16.901   867   873 D WCND    : send_notify_to_client (type:16)
08-06 20:56:16.901   867   873 D WCND    : clients[0].sockfd = -1, type = 0
08-06 20:56:16.901   867   873 D WCND    : clients[1].sockfd = -1, type = 0
08-06 20:56:16.901   867   873 D WCND    : clients[2].sockfd = -1, type = 0
08-06 20:56:16.901   867   873 D WCND    : clients[3].sockfd = -1, type = 0
08-06 20:56:16.901   867   873 D WCND    : clients[4].sockfd = -1, type = 0
08-06 20:56:16.901   867   873 D WCND    : clients[5].sockfd = -1, type = 0
08-06 20:56:16.901   867   873 D WCND    : clients[6].sockfd = -1, type = 0
08-06 20:56:16.901   867   873 D WCND    : clients[7].sockfd = -1, type = 0
08-06 20:56:16.901   867   873 D WCND    : clients[8].sockfd = -1, type = 0
08-06 20:56:16.901   867   873 D WCND    : clients[9].sockfd = -1, type = 0
08-06 20:56:16.901   867   873 D WCND    : listen_fd = 5, max=7
08-06 20:56:16.903   825   825 D WheelSensors:  open 'event0'
08-06 20:56:16.903   825   825 D WheelSensors:  get 'sc27xx:vibrator'
08-06 20:56:16.951   825   825 D WheelSensors:  open 'event2'
08-06 20:56:16.951   825   825 D WheelSensors:  get 'accelerometer'
08-06 20:56:16.953   641   641 I ServiceManager: Waiting for service 'statscompanion' on '/dev/binder'...
08-06 20:56:16.962   793   793 I ServiceManager: Waiting for service 'SurfaceFlinger' on '/dev/binder'...
08-06 20:56:16.971   825   825 D WheelSensors:  open 'event1'
08-06 20:56:16.972   825   825 D WheelSensors:  get 'hyn_ts'
08-06 20:56:16.973   921   921 W SQLiteCompatibilityWalFlags: Cannot read global setting sqlite_compatibility_wal_flags - Application state not available
08-06 20:56:16.985   813   813 I ServiceManager: Waiting for service 'package_native' on '/dev/binder'...
08-06 20:56:16.999   823   823 I ServiceManager: Waiting for service 'package_native' on '/dev/binder'...
08-06 20:56:17.007   825   825 D WheelSensors: 'madev' fd = -1 input device
08-06 20:56:17.053   641   641 I ServiceManager: Waiting for service 'statscompanion' on '/dev/binder'...
08-06 20:56:17.063   793   793 I ServiceManager: Waiting for service 'SurfaceFlinger' on '/dev/binder'...
08-06 20:56:17.066   805   975 I zygote  : Verified 1370 classes from mainline modules in 465.401ms
08-06 20:56:17.085   733   965 D MODEMDVERIFY: get pkt begin
08-06 20:56:17.085   733   965 D MODEMDVERIFY: 79 
08-06 20:56:17.085   733   965 D MODEMDVERIFY: a5 
08-06 20:56:17.085   733   965 D MODEMDVERIFY: 0 
08-06 20:56:17.085   733   965 D MODEMDVERIFY: 90 
08-06 20:56:17.085   733   965 D MODEMDVERIFY: 41 
08-06 20:56:17.085   733   965 D MODEMDVERIFY: ed 
08-06 20:56:17.085   733   965 D MODEMDVERIFY: f7 
08-06 20:56:17.085   733   965 D MODEMDVERIFY: 58 
08-06 20:56:17.085   733   965 D MODEMDVERIFY: 39 
08-06 20:56:17.085   733   965 D MODEMDVERIFY: bf 
08-06 20:56:17.085   733   965 D MODEMDVERIFY: 50 
08-06 20:56:17.085   733   965 D MODEMDVERIFY: b1 
08-06 20:56:17.085   733   965 D MODEMDVERIFY: 3a 
08-06 20:56:17.085   733   965 D MODEMDVERIFY: f1 
08-06 20:56:17.085   733   965 D MODEMDVERIFY: 79 
08-06 20:56:17.085   733   965 D MODEMDVERIFY: 96 
08-06 20:56:17.085   813   813 I ServiceManager: Waiting for service 'package_native' on '/dev/binder'...
08-06 20:56:17.086   733   965 D MODEMDVERIFY: 4b 
08-06 20:56:17.086   733   965 D MODEMDVERIFY: e0 
08-06 20:56:17.086   733   965 D MODEMDVERIFY: a9 
08-06 20:56:17.086   733   965 D MODEMDVERIFY: 17 
08-06 20:56:17.086   733   965 D MODEMDVERIFY: 3 
08-06 20:56:17.086   733   965 D MODEMDVERIFY: bf 
08-06 20:56:17.086   733   965 D MODEMDVERIFY: 21 
08-06 20:56:17.086   733   965 D MODEMDVERIFY: 75 
08-06 20:56:17.086   733   965 D MODEMDVERIFY: 34 
08-06 20:56:17.086   733   965 D MODEMDVERIFY: a9 
08-06 20:56:17.086   733   965 D MODEMDVERIFY: 8b 
08-06 20:56:17.086   733   965 D MODEMDVERIFY: 10 
08-06 20:56:17.086   733   965 D MODEMDVERIFY: 58 
08-06 20:56:17.086   733   965 D MODEMDVERIFY: 1a 
08-06 20:56:17.086   733   965 D MODEMDVERIFY: 11 
08-06 20:56:17.086   733   965 D MODEMDVERIFY: 55 
08-06 20:56:17.086   733   965 D MODEMDVERIFY: 15 
08-06 20:56:17.086   733   965 D MODEMDVERIFY: 28 
08-06 20:56:17.086   733   965 D MODEMDVERIFY: 8c 
08-06 20:56:17.086   733   965 D MODEMDVERIFY: 55 
08-06 20:56:17.086   733   965 D MODEMDVERIFY: a1 
08-06 20:56:17.086   733   965 D MODEMDVERIFY: 43 
08-06 20:56:17.086   733   965 D MODEMDVERIFY: ce 
08-06 20:56:17.086   733   965 D MODEMDVERIFY: f1 
08-06 20:56:17.086   733   965 D MODEMDVERIFY: 4b 
08-06 20:56:17.086   733   965 D MODEMDVERIFY: 93 
08-06 20:56:17.086   733   965 D MODEMDVERIFY: d6 
08-06 20:56:17.086   733   965 D MODEMDVERIFY: 65 
08-06 20:56:17.086   733   965 D MODEMDVERIFY: 13 
08-06 20:56:17.086   733   965 D MODEMDVERIFY: 6c 
08-06 20:56:17.086   733   965 D MODEMDVERIFY: a0 
08-06 20:56:17.086   733   965 D MODEMDVERIFY: 7b 
08-06 20:56:17.086   733   965 D MODEMDVERIFY: 98 
08-06 20:56:17.086   733   965 D MODEMDVERIFY: fd 
08-06 20:56:17.086   733   965 D MODEMDVERIFY: 5 
08-06 20:56:17.086   733   965 D MODEMDVERIFY: ea 
08-06 20:56:17.087   733   965 D MODEMDVERIFY: 45 
08-06 20:56:17.087   733   965 D MODEMDVERIFY: 9f 
08-06 20:56:17.087   733   965 D MODEMDVERIFY: 83 
08-06 20:56:17.087   733   965 D MODEMDVERIFY: f6 
08-06 20:56:17.087   733   965 D MODEMDVERIFY: 2b 
08-06 20:56:17.087   733   965 D MODEMDVERIFY: f8 
08-06 20:56:17.087   733   965 D MODEMDVERIFY: ac 
08-06 20:56:17.087   733   965 D MODEMDVERIFY: 40 
08-06 20:56:17.087   733   965 D MODEMDVERIFY: 96 
08-06 20:56:17.087   733   965 D MODEMDVERIFY: 64 
08-06 20:56:17.087   733   965 D MODEMDVERIFY: ae 
08-06 20:56:17.087   733   965 D MODEMDVERIFY: 7f 
08-06 20:56:17.087   733   965 D MODEMDVERIFY: df 
08-06 20:56:17.087   733   965 D MODEMDVERIFY: 5d 
08-06 20:56:17.087   733   965 D MODEMDVERIFY: 39 
08-06 20:56:17.087   733   965 D MODEMDVERIFY: b5 
08-06 20:56:17.087   733   965 D MODEMDVERIFY: 35 
08-06 20:56:17.087   733   965 D MODEMDVERIFY: 6e 
08-06 20:56:17.087   733   965 D MODEMDVERIFY: 2c 
08-06 20:56:17.087   733   965 D MODEMDVERIFY: a 
08-06 20:56:17.087   733   965 D MODEMDVERIFY: 7c 
08-06 20:56:17.087   733   965 D MODEMDVERIFY: b4 
08-06 20:56:17.087   733   965 D MODEMDVERIFY: d0 
08-06 20:56:17.087   733   965 D MODEMDVERIFY: 61 
08-06 20:56:17.087   733   965 D MODEMDVERIFY: 55 
08-06 20:56:17.087   733   965 D MODEMDVERIFY: f3 
08-06 20:56:17.087   733   965 D MODEMDVERIFY: 1e 
08-06 20:56:17.087   733   965 D MODEMDVERIFY: e1 
08-06 20:56:17.087   733   965 D MODEMDVERIFY: 3d 
08-06 20:56:17.087   733   965 D MODEMDVERIFY: 9c 
08-06 20:56:17.087   733   965 D MODEMDVERIFY: 81 
08-06 20:56:17.087   733   965 D MODEMDVERIFY: 4 
08-06 20:56:17.087   733   965 D MODEMDVERIFY: b 
08-06 20:56:17.087   733   965 D MODEMDVERIFY: f6 
08-06 20:56:17.087   733   965 D MODEMDVERIFY: bf 
08-06 20:56:17.087   733   965 D MODEMDVERIFY: 8e 
08-06 20:56:17.087   733   965 D MODEMDVERIFY: 32 
08-06 20:56:17.087   733   965 D MODEMDVERIFY: d8 
08-06 20:56:17.087   733   965 D MODEMDVERIFY: 50 
08-06 20:56:17.087   733   965 D MODEMDVERIFY: 35 
08-06 20:56:17.088   733   965 D MODEMDVERIFY: 5d 
08-06 20:56:17.088   733   965 D MODEMDVERIFY: 55 
08-06 20:56:17.088   733   965 D MODEMDVERIFY: 9f 
08-06 20:56:17.088   733   965 D MODEMDVERIFY: 83 
08-06 20:56:17.088   733   965 D MODEMDVERIFY: 3 
08-06 20:56:17.088   733   965 D MODEMDVERIFY: 5e 
08-06 20:56:17.088   733   965 D MODEMDVERIFY: a0 
08-06 20:56:17.088   733   965 D MODEMDVERIFY: 2d 
08-06 20:56:17.088   733   965 D MODEMDVERIFY: 3f 
08-06 20:56:17.088   733   965 D MODEMDVERIFY: a0 
08-06 20:56:17.088   733   965 D MODEMDVERIFY: ee 
08-06 20:56:17.088   733   965 D MODEMDVERIFY: 5e 
08-06 20:56:17.088   733   965 D MODEMDVERIFY: d2 
08-06 20:56:17.088   733   965 D MODEMDVERIFY: cf 
08-06 20:56:17.088   733   965 D MODEMDVERIFY: 73 
08-06 20:56:17.088   733   965 D MODEMDVERIFY: 8b 
08-06 20:56:17.088   733   965 D MODEMDVERIFY: b7 
08-06 20:56:17.088   733   965 D MODEMDVERIFY: 9c 
08-06 20:56:17.088   733   965 D MODEMDVERIFY: 79 
08-06 20:56:17.088   733   965 D MODEMDVERIFY: 2c 
08-06 20:56:17.088   733   965 D MODEMDVERIFY: b3 
08-06 20:56:17.088   733   965 D MODEMDVERIFY: 44 
08-06 20:56:17.088   733   965 D MODEMDVERIFY: c 
08-06 20:56:17.088   777   968 W adbd    : timed out while waiting for FUNCTIONFS_BIND, trying again
08-06 20:56:17.089   777   968 I adbd    : UsbFfs: connection terminated: monitor thread finished
08-06 20:56:17.088   733   965 D MODEMDVERIFY: 1 
08-06 20:56:17.089   733   965 D MODEMDVERIFY: 1b 
08-06 20:56:17.089   777   777 I adbd    : UsbFfs: already offline
08-06 20:56:17.089   733   965 D MODEMDVERIFY: 28 
08-06 20:56:17.089   733   965 D MODEMDVERIFY: ec 
08-06 20:56:17.089   733   965 D MODEMDVERIFY: 5f 
08-06 20:56:17.089   777   777 I adbd    : destroying transport UsbFfs
08-06 20:56:17.089   733   965 D MODEMDVERIFY: d0 
08-06 20:56:17.089   733   965 D MODEMDVERIFY: 81 
08-06 20:56:17.089   733   965 D MODEMDVERIFY: eb 
08-06 20:56:17.089   733   965 D MODEMDVERIFY: e6 
08-06 20:56:17.089   733   965 D MODEMDVERIFY: 29 
08-06 20:56:17.089   733   965 D MODEMDVERIFY: 9a 
08-06 20:56:17.089   733   965 D MODEMDVERIFY: e9 
08-06 20:56:17.089   777   777 I adbd    : UsbFfsConnection being destroyed
08-06 20:56:17.089   733   965 D MODEMDVERIFY: c0 
08-06 20:56:17.089   733   965 D MODEMDVERIFY: 34 
08-06 20:56:17.089   733   965 D MODEMDVERIFY: 24 
08-06 20:56:17.089   733   965 D MODEMDVERIFY: 3d 
08-06 20:56:17.089   733   965 D MODEMDVERIFY: e 
08-06 20:56:17.089   733   965 D MODEMDVERIFY: 2b 
08-06 20:56:17.089   733   965 D MODEMDVERIFY: 79 
08-06 20:56:17.089   733   965 D MODEMDVERIFY: 94 
08-06 20:56:17.089   733   965 D MODEMDVERIFY: 5a 
08-06 20:56:17.089   733   965 D MODEMDVERIFY: ff 
08-06 20:56:17.089   733   965 D MODEMDVERIFY: 41 
08-06 20:56:17.089   733   965 D MODEMDVERIFY: c1 
08-06 20:56:17.090   733   965 D MODEMDVERIFY: ba 
08-06 20:56:17.090   733   965 D MODEMDVERIFY: 20 
08-06 20:56:17.090   733   965 D MODEMDVERIFY: 62 
08-06 20:56:17.090   733   965 D MODEMDVERIFY: 90 
08-06 20:56:17.090   733   965 D MODEMDVERIFY: be 
08-06 20:56:17.090   733   965 D MODEMDVERIFY: b7 
08-06 20:56:17.090   733   965 D MODEMDVERIFY: 62 
08-06 20:56:17.090   733   965 D MODEMDVERIFY: b6 
08-06 20:56:17.090   733   965 D MODEMDVERIFY: 62 
08-06 20:56:17.092   733   965 D MODEMDVERIFY: 2
08-06 20:56:17.093   733   965 D MODEMDVERIFY: hash[0] = ca 
08-06 20:56:17.093   733   965 D MODEMDVERIFY: vcode[0] = ca 
08-06 20:56:17.093   733   965 D MODEMDVERIFY: hash[1] = 28 
08-06 20:56:17.093   733   965 D MODEMDVERIFY: vcode[1] = 28 
08-06 20:56:17.093   733   965 D MODEMDVERIFY: hash[2] = 97 
08-06 20:56:17.093   733   965 D MODEMDVERIFY: vcode[2] = 97 
08-06 20:56:17.093   733   965 D MODEMDVERIFY: hash[3] = 73 
08-06 20:56:17.093   733   965 D MODEMDVERIFY: vcode[3] = 73 
08-06 20:56:17.093   733   965 D MODEMDVERIFY: hash[4] = 6e 
08-06 20:56:17.093   733   965 D MODEMDVERIFY: vcode[4] = 6e 
08-06 20:56:17.093   733   965 D MODEMDVERIFY: hash[5] = e1 
08-06 20:56:17.093   733   965 D MODEMDVERIFY: vcode[5] = e1 
08-06 20:56:17.093   733   965 D MODEMDVERIFY: hash[6] = a1 
08-06 20:56:17.093   733   965 D MODEMDVERIFY: vcode[6] = a1 
08-06 20:56:17.093   733   965 D MODEMDVERIFY: hash[7] = b5 
08-06 20:56:17.093   733   965 D MODEMDVERIFY: vcode[7] = b5 
08-06 20:56:17.093   733   965 D MODEMDVERIFY: hash[8] = 2c 
08-06 20:56:17.093   733   965 D MODEMDVERIFY: vcode[8] = 2c 
08-06 20:56:17.093   733   965 D MODEMDVERIFY: hash[9] = ed 
08-06 20:56:17.093   733   965 D MODEMDVERIFY: vcode[9] = ed 
08-06 20:56:17.093   733   965 D MODEMDVERIFY: hash[10] = 1e 
08-06 20:56:17.093   733   965 D MODEMDVERIFY: vcode[10] = 1e 
08-06 20:56:17.093   733   965 D MODEMDVERIFY: hash[11] = f3 
08-06 20:56:17.093   733   965 D MODEMDVERIFY: vcode[11] = f3 
08-06 20:56:17.093   733   965 D MODEMDVERIFY: hash[12] = 8b 
08-06 20:56:17.093   733   965 D MODEMDVERIFY: vcode[12] = 8b 
08-06 20:56:17.093   733   965 D MODEMDVERIFY: hash[13] = 62 
08-06 20:56:17.093   733   965 D MODEMDVERIFY: vcode[13] = 62 
08-06 20:56:17.093   733   965 D MODEMDVERIFY: hash[14] = ee 
08-06 20:56:17.093   733   965 D MODEMDVERIFY: vcode[14] = ee 
08-06 20:56:17.093   733   965 D MODEMDVERIFY: hash[15] = 22 
08-06 20:56:17.093   733   965 D MODEMDVERIFY: vcode[15] = 22 
08-06 20:56:17.093   733   965 D MODEMDVERIFY: hash[16] = fd 
08-06 20:56:17.093   733   965 D MODEMDVERIFY: vcode[16] = fd 
08-06 20:56:17.093   733   965 D MODEMDVERIFY: hash[17] = 52 
08-06 20:56:17.093   733   965 D MODEMDVERIFY: vcode[17] = 52 
08-06 20:56:17.093   733   965 D MODEMDVERIFY: hash[18] = 1e 
08-06 20:56:17.093   733   965 D MODEMDVERIFY: vcode[18] = 1e 
08-06 20:56:17.094   733   965 D MODEMDVERIFY: hash[19] = 95 
08-06 20:56:17.094   733   965 D MODEMDVERIFY: vcode[19] = 95 
08-06 20:56:17.094   733   965 D MODEMDVERIFY: get pkt: set status = 0
08-06 20:56:17.095   733   965 D MODEMDVERIFY: verify succ
08-06 20:56:17.095   733   965 D MODEMDVERIFY: INFO! data_trans  pth_exit_flag: 1
08-06 20:56:17.100   823   823 I ServiceManager: Waiting for service 'package_native' on '/dev/binder'...
08-06 20:56:17.108   825   825 D WheelSensors:  open 'mice'
08-06 20:56:17.108   825   825 D WheelSensors:  open 'event5'
08-06 20:56:17.108   825   825 D WheelSensors:  get 'sprdphone-sc2730 Headset Keyboard'
08-06 20:56:17.124   777   782 I adbd    : opening control endpoint /dev/usb-ffs/adb/ep0
08-06 20:56:17.125   777   782 I adbd    : UsbFfsConnection constructed
08-06 20:56:17.127   777  1009 I adbd    : UsbFfs-monitor thread spawned
08-06 20:56:17.127   825   825 D WheelSensors:  open 'event3'
08-06 20:56:17.127   825   825 D WheelSensors:  get 'gpio-keys'
08-06 20:56:17.143   825   825 D WheelSensors:  open 'event4'
08-06 20:56:17.144   825   825 D WheelSensors:  get 'sprdphone-sc2730 Headset Jack'
08-06 20:56:17.154   641   641 W ServiceManager: Service statscompanion didn't start. Returning NULL
08-06 20:56:17.155   641   641 I statsd  : Statsd starts to listen to socket.
08-06 20:56:17.166   793   793 I ServiceManager: Waiting for service 'SurfaceFlinger' on '/dev/binder'...
08-06 20:56:17.179   825   825 D WheelSensors:  open 'event0'
08-06 20:56:17.179   825   825 D WheelSensors:  get 'sc27xx:vibrator'
08-06 20:56:17.186   813   813 I ServiceManager: Waiting for service 'package_native' on '/dev/binder'...
08-06 20:56:17.194   733   739 D MODEMDVERIFY: deinit_ap done
08-06 20:56:17.194   733   739 D MODEMDVERIFY: s_chk_efuse_no = 356379353
08-06 20:56:17.194   733   739 D MODEMD  : protect_check_apcp  verified = 1!
08-06 20:56:17.194   733   739 D MODEMD  : APCP check success!
08-06 20:56:17.194   733   739 D MODEMD  : enter start_service (modem = l )!
08-06 20:56:17.194   733   739 D MODEMD  : open stty dev: /dev/stty_lte0
08-06 20:56:17.194   733   739 D MODEMD  : write AT to /dev/stty_lte0
08-06 20:56:17.195   733   739 D MODEMD  : read response 
08-06 20:56:17.195   733   739 D MODEMD  : OK
08-06 20:56:17.195   733   739 D MODEMD  : write AT+CMUX=0 to /dev/stty_lte0
08-06 20:56:17.195   733   739 D MODEMD  : read response 
08-06 20:56:17.195   733   739 D MODEMD  : OK
08-06 20:56:17.196   733   739 D MODEMD  : write 24 bytes to s_clientFd[0]: 8
08-06 20:56:17.196   728   886 D ENGPC   : eng_timesync_thread: notify_buf=Modem HandShake Success
08-06 20:56:17.196   696   723 D NetworkHAL:  get event from modemd **
08-06 20:56:17.196   728   886 D ENGPC   : eng_timesync_thread: total_conn=2
08-06 20:56:17.196   696   723 D NetworkHAL: NetworkControl :: doCmd() comes:Modem HandShake Success
08-06 20:56:17.196   696   723 E NetworkHAL: callback is null,no result return
08-06 20:56:17.196   733   739 D MODEMD  : write 24 bytes to s_clientFd[1]: 9
08-06 20:56:17.196   733   739 D MODEMD  : control rild! isStart 1
08-06 20:56:17.198   733   739 D MODEMD  : control nvitemd! isStart 1
08-06 20:56:17.200   733   739 E MODEMD  : dlopen failed: dlopen failed: library "libDivRIL.so" not found
08-06 20:56:17.200   733   739 D MODEMD  : detect_modem_control: Monioring modem state on socket control_modem...
08-06 20:56:17.201   823   823 I ServiceManager: Waiting for service 'package_native' on '/dev/binder'...
08-06 20:56:17.223   825   825 D WheelSensors:  open 'event2'
08-06 20:56:17.223   825   825 D WheelSensors:  get 'accelerometer'
--------- beginning of radio
08-06 20:56:17.235  1011  1011 D RILD    : **RIL Daemon Started**
08-06 20:56:17.236  1011  1011 D RILD    : **RILd param count=1**
08-06 20:56:17.236  1011  1011 D RILD    : phone count: 1
08-06 20:56:17.238  1012  1012 D NVITEM  : : ro_prop ro.vendor.modem
08-06 20:56:17.239  1012  1012 D NVITEM  : : persist_prop persist.vendor.modem
08-06 20:56:17.239  1012  1012 D NVITEM  : : channel_char ro.vendor.modem.nv
08-06 20:56:17.239  1012  1012 D NVITEM  : : channel_path /dev/spipe_lte1 
08-06 20:56:17.239  1012  1012 D NVITEM  : : fixnv_property is ro.vendor.modem.fixnv_size fixnv 0x100000
08-06 20:56:17.239  1012  1012 D NVITEM  : : fixnv_size 100000
08-06 20:56:17.239  1012  1012 D NVITEM  : : runnv_property is ro.vendor.modem.runnv_size runnv 0x120000
08-06 20:56:17.239  1012  1012 D NVITEM  : : runnv_size 120000
08-06 20:56:17.239  1012  1012 D NVITEM  : : partition_path /dev/block/platform/soc/soc:ap-apb/71400000.sdio/by-name/
08-06 20:56:17.239  1012  1012 D NVITEM  : : path_char l_ nvp persist.vendor.modem.nvp
08-06 20:56:17.239  1012  1012 D NVITEM  : : fixnv_ori_path /dev/block/platform/soc/soc:ap-apb/71400000.sdio/by-name/l_fixnv1 fixnv_bak_path /dev/block/platform/soc/soc:ap-apb/71400000.sdio/by-name/l_fixnv2
08-06 20:56:17.239  1012  1012 D NVITEM  : : runnv_ori_path /dev/block/platform/soc/soc:ap-apb/71400000.sdio/by-name/l_runtimenv1 runnv_bak_path /dev/block/platform/soc/soc:ap-apb/71400000.sdio/by-name/l_runtimenv2
08-06 20:56:17.239  1012  1012 D NVITEM  : : i = 0	0x1	/dev/block/platform/soc/soc:ap-apb/71400000.sdio/by-name/l_fixnv1	/dev/block/platform/soc/soc:ap-apb/71400000.sdio/by-name/l_fixnv2	0x  100000
08-06 20:56:17.239  1012  1012 D NVITEM  : : i = 1 	0x2	/dev/block/platform/soc/soc:ap-apb/71400000.sdio/by-name/l_runtimenv1	/dev/block/platform/soc/soc:ap-apb/71400000.sdio/by-name/l_runtimenv2	0x  120000
08-06 20:56:17.239   825   825 D WheelSensors:  open 'event1'
08-06 20:56:17.239   825   825 D WheelSensors:  get 'hyn_ts'
08-06 20:56:17.240  1012  1012 D NVITEM  : : ramDisk_Read enter
08-06 20:56:17.258  1012  1012 D NVITEM  : : crc = 0x630d,checksum=0x630d
08-06 20:56:17.258  1012  1012 D NVITEM  : : checksum_64=1
08-06 20:56:17.258  1012  1012 D NVITEM  : : partId1:/dev/block/platform/soc/soc:ap-apb/71400000.sdio/by-name/l_fixnv1 read success!
08-06 20:56:17.262  1012  1012 D NVITEM  : : ramDisk_Read enter
08-06 20:56:17.267   793   793 I ServiceManager: Waiting for service 'SurfaceFlinger' on '/dev/binder'...
08-06 20:56:17.278  1012  1012 D NVITEM  : : crc = 0x6939,checksum=0x6939
08-06 20:56:17.278  1012  1012 D NVITEM  : : checksum_64=1
08-06 20:56:17.278  1012  1012 D NVITEM  : : partId2:/dev/block/platform/soc/soc:ap-apb/71400000.sdio/by-name/l_runtimenv2 read success!
08-06 20:56:17.281  1012  1012 D NVITEM  : : channel open
08-06 20:56:17.281  1012  1012 D NVITEM  : : _getPacket
08-06 20:56:17.283   825   825 D WheelSensors: 'madev' fd = -1 input device
08-06 20:56:17.287   813   813 I ServiceManager: Waiting for service 'package_native' on '/dev/binder'...
08-06 20:56:17.289  1011  1011 D RILD    : RIL_Init argc = 3 clientId = 0
08-06 20:56:17.289  1011  1011 I RIL     : libsprd-ril.so Compile date: May 28 2024, 19:15:57
08-06 20:56:17.289  1011  1014 D RILC    : Wait for select in ril_event_loop
08-06 20:56:17.297  1011  1011 I REQ_THDS: libril_threads.so Compile date: May 28 2024, 18:49:41
08-06 20:56:17.297  1011  1011 D REQ_THDS: requestThreadsInit: simCount = 1, threadNumber = 3, maxChannelNum = 4
08-06 20:56:17.297  1011  1011 I REQ_THDS: SIM0: 3 CommandThread create
08-06 20:56:17.298  1011  1011 D RIL     : rild connect l modem, SIM_COUNT: 1
08-06 20:56:17.298  1011  1011 D RILD    : RIL_Init rilInit completed
08-06 20:56:17.298  1011  1011 I RILC    : librilsprd.so Compile date: May 28 2024, 19:15:48
08-06 20:56:17.298  1011  1011 I RILC    : SIM_COUNT: 1
08-06 20:56:17.298  1011  1011 E RILC    : RIL_register: RIL version 12
08-06 20:56:17.298  1011  1011 I RILC    : s_registerCalled flag set, 1
08-06 20:56:17.298  1011  1018 D RIL     : try to connect socket ext_data...
08-06 20:56:17.299  1011  1011 D RILC    : registerService: starting android::hardware::radio::V1_1::IRadio slot1
08-06 20:56:17.300  1011  1019 D RIL     : Connect to modemd socket success!
08-06 20:56:17.300   733   738 D MODEMD  : modemd_listenaccept_thread: accept client n=10
08-06 20:56:17.301   733   738 D MODEMD  : modemd_listenaccept_thread: fill10 to client[2]
08-06 20:56:17.301   733   738 D MODEMD  : modemd_listenaccept_thread: Waiting for new connect ...
08-06 20:56:17.301   733   740 D MODEMD  : modemd_listen_read_thread: after  select n = 1
08-06 20:56:17.301   733   740 D MODEMD  : modemd_listen_read_thread: client cnct to modemd num = 1, buf = 0
08-06 20:56:17.301   733   740 D MODEMD  : modemd_listen_read_thread: begin select
08-06 20:56:17.301  1011  1020 D RIL     : put s_PDP[0]
08-06 20:56:17.301  1011  1020 D RIL     : put s_PDP[1]
08-06 20:56:17.301  1011  1020 D RIL     : put s_PDP[2]
08-06 20:56:17.301  1011  1020 D RIL     : put s_PDP[3]
08-06 20:56:17.301  1011  1020 D RIL     : put s_PDP[4]
08-06 20:56:17.301  1011  1020 D RIL     : put s_PDP[5]
08-06 20:56:17.301  1011  1020 I RIL     : AT channel [0] open successfully, ttyName:/dev/stty_lte0
08-06 20:56:17.301  1011  1020 I RIL     : AT channel [1] open successfully, ttyName:/dev/stty_lte1
08-06 20:56:17.301  1011  1020 I RIL     : AT channel [2] open successfully, ttyName:/dev/stty_lte2
08-06 20:56:17.301  1011  1020 I RIL     : AT channel [3] open successfully, ttyName:/dev/stty_lte3
08-06 20:56:17.302  1011  1014 D RILC    : ~~~~ 1 events fired ~~~~
08-06 20:56:17.302  1011  1014 D REQ_THDS: get Channel1
08-06 20:56:17.302   823   823 I ServiceManager: Waiting for service 'package_native' on '/dev/binder'...
08-06 20:56:17.304  1011  1011 D RILC    : radioService registerService: status 0
08-06 20:56:17.304  1011  1011 I RILC    : RILHIDL called registerService
08-06 20:56:17.304  1011  1011 I RILC    : Please configure se enable prop in board to register se service
08-06 20:56:17.304  1011  1011 D RILD    : RIL_Init RIL_register completed
08-06 20:56:17.304  1011  1011 D RILD    : RIL_register_socket started
08-06 20:56:17.304  1011  1011 D RIL     : RIL_SAP_Init
08-06 20:56:17.304  1011  1011 D RIL_UIM_SOCKET: Adding socket with id: 0
08-06 20:56:17.304  1011  1011 I RILC    : RIL_register_socket: calling registerService
08-06 20:56:17.304  1011  1011 D RIL_SAP : registerService: starting ISap slot1 for slotId 0
08-06 20:56:17.308  1011  1011 D RIL_SAP : registerService: started ISap slot1 status 0
08-06 20:56:17.308  1011  1011 D RILD    : RIL_register_socket completed
08-06 20:56:17.309  1011  1018 D RIL     : connect to ext_data socket success!
08-06 20:56:17.319  1011  1014 D RIL     : MODEM_VERSION_PROP: 1
08-06 20:56:17.320  1011  1014 E RILC    : radioStateChangedInd: radioService[0]->mRadioIndication == NULL
08-06 20:56:17.320  1011  1014 I RILC    : RIL_SOCKET_1 UNSOLICITED: UNSOL_RESPONSE_RADIO_STATE_CHANGED length:0
08-06 20:56:17.320  1011  1014 E RILC    : simStatusChangedInd: radioService[0]->mRadioIndication == NULL
08-06 20:56:17.320  1011  1014 I RILC    : RIL_SOCKET_1 UNSOLICITED: UNSOL_RESPONSE_SIM_STATUS_CHANGED length:0
08-06 20:56:17.320  1011  1014 D RIL     : get sim0 [persist.vendor.radio.sim.swp] property: 
08-06 20:56:17.320  1011  1014 D RIL     : configTerminalCapability SIM_SWP_PROP: 0
08-06 20:56:17.320  1011  1014 D RIL     : configTerminalCapability OVERSEA_VERSION: unknown
08-06 20:56:17.320  1011  1014 D RIL     : configTerminalCapability SIM_DELAY_TO_POWER_PROP: 0
08-06 20:56:17.320  1011  1014 D RIL     : get sim0 [persist.vendor.radio.sim.power] property: 
08-06 20:56:17.321  1011  1014 D RIL     : configTerminalCapability RIL_SCENARIO_PROP: none
08-06 20:56:17.321  1011  1014 D RIL     : configTerminalCapability SIM_STK_PROP: 08E09731610D005C6B00001F20000000030B000000040800000000000000000000000100
08-06 20:56:17.322  1011  1014 D RIL     : modemCapbility=TL_LF_W_G,TL_LF_W_G, modemConfig=TL_LF_W_G,TL_LF_W_G, workmode=24,10
08-06 20:56:17.323  1011  1014 D RIL     : modemCap=32
08-06 20:56:17.328  1011  1014 E RIL     : isVoLteEnable = true
08-06 20:56:17.329  1011  1014 E RIL     : isVoLteEnable = true
08-06 20:56:17.330  1011  1014 D REQ_THDS: put Channel1
08-06 20:56:17.330  1011  1014 D RILC    : Wait for select in ril_event_loop
08-06 20:56:17.368   793   793 I ServiceManager: Waiting for service 'SurfaceFlinger' on '/dev/binder'...
08-06 20:56:17.376   921   921 I PackageParser: Skipping target and overlay pair android and /system/product/overlay/treble-overlay-asus-zenfone5-10.apk: overlay ignored due to required system property: ro.product.vendor.name with value: ASUS_X00QD
08-06 20:56:17.379   921   921 I PackageParser: Skipping target and overlay pair android and /system/product/overlay/treble-overlay-asus-zenfone5.apk: overlay ignored due to required system property: ro.vendor.build.fingerprint with value: +*ASUS_X00QD*
08-06 20:56:17.380   921   921 I PackageParser: Skipping target and overlay pair android and /system/product/overlay/treble-overlay-asus-zenfone5z.apk: overlay ignored due to required system property: ro.vendor.build.fingerprint with value: +*ASUS_Z01R*
08-06 20:56:17.381   921   921 I PackageParser: Skipping target and overlay pair android and /system/product/overlay/treble-overlay-asus-zenfone8.apk: overlay ignored due to required system property: ro.product.vendor.device with value: ASUS_I006D
08-06 20:56:17.382   921   921 I PackageParser: Skipping target and overlay pair android and /system/product/overlay/treble-overlay-asus-zenfonelivel1za550kl.apk: overlay ignored due to required system property: ro.vendor.build.fingerprint with value: +*ASUS_X00R_2*
08-06 20:56:17.384   825   825 D WheelSensors:  open 'mice'
08-06 20:56:17.384   825   825 D WheelSensors:  open 'event5'
08-06 20:56:17.384   825   825 D WheelSensors:  get 'sprdphone-sc2730 Headset Keyboard'
08-06 20:56:17.384   921   921 I PackageParser: Skipping target and overlay pair android and /system/product/overlay/treble-overlay-asus-zenfonemaxm2.apk: overlay ignored due to required system property: ro.vendor.build.fingerprint with value: +*ASUS_X01A_1*
08-06 20:56:17.385   921   921 I PackageParser: Skipping target and overlay pair android and /system/product/overlay/treble-overlay-asus-zenfonemaxshot.apk: overlay ignored due to required system property: ro.vendor.build.fingerprint with value: +*ASUS_A001D*
08-06 20:56:17.388   813   813 I ServiceManager: Waiting for service 'package_native' on '/dev/binder'...
08-06 20:56:17.389   921   921 I PackageParser: Skipping target and overlay pair android and /system/product/overlay/treble-overlay-blackview-bv6900.apk: overlay ignored due to required system property: ro.vendor.build.fingerprint with value: +Blackview/BV6900*
08-06 20:56:17.392   921   921 I PackageParser: Skipping target and overlay pair android and /system/product/overlay/treble-overlay-blackview-bv9500plus.apk: overlay ignored due to required system property: ro.vendor.build.fingerprint with value: +Blackview/BV9500Plus*
08-06 20:56:17.393   921   921 I PackageParser: Skipping target and overlay pair android and /system/product/overlay/treble-overlay-bq-jeice.apk: overlay ignored due to required system property: ro.vendor.build.fingerprint with value: +bq/jeice*
08-06 20:56:17.395   921   921 I PackageParser: Skipping target and overlay pair android and /system/product/overlay/treble-overlay-caf-ims.apk: overlay ignored due to required system property: persist.sys.phh.ims.caf with value: true
08-06 20:56:17.399   921   921 I PackageParser: Skipping target and overlay pair android and /system/product/overlay/treble-overlay-devinputjack.apk: overlay ignored due to required system property: persist.sys.overlay.devinputjack with value: true
08-06 20:56:17.403   823   823 I ServiceManager: Waiting for service 'package_native' on '/dev/binder'...
08-06 20:56:17.403   825   825 D WheelSensors:  open 'event3'
08-06 20:56:17.403   825   825 D WheelSensors:  get 'gpio-keys'
08-06 20:56:17.413   921   921 I PackageParser: Skipping target and overlay pair android and /system/product/overlay/treble-overlay-duoqin-qin2pro.apk: overlay ignored due to required system property: ro.vendor.build.fingerprint with value: +Qin/s9863a1h10_Natv/s9863a1h10*
08-06 20:56:17.423   921   921 I PackageParser: Skipping target and overlay pair android and /system/product/overlay/treble-overlay-essential-ph_1.apk: overlay ignored due to required system property: ro.vendor.build.fingerprint with value: +essential/mata/mata*
08-06 20:56:17.427   825   825 D WheelSensors:  open 'event4'
08-06 20:56:17.427   825   825 D WheelSensors:  get 'sprdphone-sc2730 Headset Jack'
08-06 20:56:17.434   921   921 I PackageParser: Skipping target and overlay pair android and /system/product/overlay/treble-overlay-fairphone-fp3.apk: overlay ignored due to required system property: ro.vendor.build.fingerprint with value: +Fairphone/FP3*
08-06 20:56:17.451   921   921 I PackageParser: Skipping target and overlay pair android and /system/product/overlay/treble-overlay-htc-exodus1.apk: overlay ignored due to required system property: ro.vendor.build.fingerprint with value: +htc/exo*
08-06 20:56:17.461   921   921 I PackageParser: Skipping target and overlay pair android and /system/product/overlay/treble-overlay-htc-u12plus.apk: overlay ignored due to required system property: ro.vendor.build.fingerprint with value: +htc/ime*
08-06 20:56:17.463   825   825 D WheelSensors:  open 'event0'
08-06 20:56:17.463   825   825 D WheelSensors:  get 'sc27xx:vibrator'
08-06 20:56:17.466   921   921 I PackageParser: Skipping target and overlay pair android and /system/product/overlay/treble-overlay-huawei-ANE.apk: overlay ignored due to required system property: ro.hw.oemName with value: +ANE*
08-06 20:56:17.468   921   921 I PackageParser: Skipping target and overlay pair android and /system/product/overlay/treble-overlay-huawei-ARE.apk: overlay ignored due to required system property: ro.hw.oemName with value: +*ARE*
08-06 20:56:17.468   793   793 I ServiceManager: Waiting for service 'SurfaceFlinger' on '/dev/binder'...
08-06 20:56:17.470   921   921 I PackageParser: Skipping target and overlay pair android and /system/product/overlay/treble-overlay-huawei-ATU.apk: overlay ignored due to required system property: ro.hw.oemName with value: +ATU*
08-06 20:56:17.472   921   921 I PackageParser: Skipping target and overlay pair android and /system/product/overlay/treble-overlay-huawei-AUM.apk: overlay ignored due to required system property: ro.hw.oemName with value: +AUM*
08-06 20:56:17.474   921   921 I PackageParser: Skipping target and overlay pair android and /system/product/overlay/treble-overlay-huawei-BKL.apk: overlay ignored due to required system property: ro.hw.oemName with value: +BKL*
08-06 20:56:17.475   827   827 E MODEMLSV: isModemATAvaliable: rild ready, can send at command
08-06 20:56:17.475   827   827 E MODEMLSV: send_at: mATChannel = 0, and cmd is AT+ARMLOG?
08-06 20:56:17.475   827   827 D ATCI    : sendATCmd > AT Command 'AT+ARMLOG?'. phoneId = 0
08-06 20:56:17.479  1011  1011 D RIL     : sendCmdSync: simId = 0, cmd = AT+ARMLOG?
08-06 20:56:17.480  1011  1011 D REQ_THDS: get Channel1
08-06 20:56:17.480  1011  1011 D RIL     : ATcmd=AT+ARMLOG? in requestSendAT
08-06 20:56:17.480  1011  1011 D REQ_THDS: put Channel1
08-06 20:56:17.480   827   827 E MODEMLSV: parse_at_res: cmd is AT+ARMLOG?, sign is +ARMLOG?, signlen is 8, buf is +ARMLOG: 0;com debug:14
08-06 20:56:17.480   827   827 E MODEMLSV: OK
08-06 20:56:17.480   827   827 E MODEMLSV: , token is +ARMLOG: 0;com debug:14
08-06 20:56:17.480   827   827 E MODEMLSV: OK
08-06 20:56:17.480   827   827 E MODEMLSV: ,token len is 8, len is 29
08-06 20:56:17.480   827   827 E MODEMLSV: check_at: arm nv is same as DB
08-06 20:56:17.481   827   827 E MODEMLSV: isModemATAvaliable: rild ready, can send at command
08-06 20:56:17.481   827   827 E MODEMLSV: send_at: mATChannel = 0, and cmd is AT+SPCAPLOG?
08-06 20:56:17.481   827   827 D ATCI    : sendATCmd > AT Command 'AT+SPCAPLOG?'. phoneId = 0
08-06 20:56:17.481   921   921 I PackageParser: Skipping target and overlay pair android and /system/product/overlay/treble-overlay-huawei-BND.apk: overlay ignored due to required system property: ro.hw.oemName with value: +BND*
08-06 20:56:17.482  1011  1011 D RIL     : sendCmdSync: simId = 0, cmd = AT+SPCAPLOG?
08-06 20:56:17.482  1011  1011 D REQ_THDS: get Channel1
08-06 20:56:17.482  1011  1011 D RIL     : ATcmd=AT+SPCAPLOG? in requestSendAT
08-06 20:56:17.483  1011  1011 D REQ_THDS: put Channel1
08-06 20:56:17.483   921   921 I PackageParser: Skipping target and overlay pair android and /system/product/overlay/treble-overlay-huawei-CLT.apk: overlay ignored due to required system property: ro.hw.oemName with value: +CLT*
08-06 20:56:17.484   827   827 E MODEMLSV: parse_at_res: cmd is AT+SPCAPLOG?, sign is +SPCAPLOG?, signlen is 10, buf is +SPCAPLOG: 0
08-06 20:56:17.484   827   827 E MODEMLSV: OK
08-06 20:56:17.484   827   827 E MODEMLSV: , token is +SPCAPLOG: 0
08-06 20:56:17.484   827   827 E MODEMLSV: OK
08-06 20:56:17.484   827   827 E MODEMLSV: ,token len is 10, len is 18
08-06 20:56:17.484   827   827 E MODEMLSV: check_at: cap nv is same as DB
08-06 20:56:17.484   827   827 E MODEMLSV: isModemATAvaliable: rild ready, can send at command
08-06 20:56:17.484   827   827 E MODEMLSV: send_at: mATChannel = 0, and cmd is AT+SPPCMDUMP=0,1,1,15
08-06 20:56:17.484   827   827 D ATCI    : sendATCmd > AT Command 'AT+SPPCMDUMP=0,1,1,15'. phoneId = 0
08-06 20:56:17.485  1011  1011 D RIL     : sendCmdSync: simId = 0, cmd = AT+SPPCMDUMP=0,1,1,15
08-06 20:56:17.485  1011  1011 D REQ_THDS: get Channel1
08-06 20:56:17.485  1011  1011 D RIL     : ATcmd=AT+SPPCMDUMP=0,1,1,15 in requestSendAT
08-06 20:56:17.485  1011  1011 D REQ_THDS: put Channel1
08-06 20:56:17.486   827   827 E MODEMLSV: parse_at_res: cmd is AT+SPPCMDUMP=0,1,1,15, sign is +SPPCMDUMP=0,1,1,15, signlen is 19, buf is OK
08-06 20:56:17.486   827   827 E MODEMLSV: , token is OK
08-06 20:56:17.486   827   827 E MODEMLSV: ,token len is 2, len is 4
08-06 20:56:17.486   827   827 E MODEMLSV: parse_at_res: get response success
08-06 20:56:17.486   827   827 E MODEMLSV: isModemATAvaliable: rild ready, can send at command
08-06 20:56:17.486   827   827 E MODEMLSV: send_at: mATChannel = 0, and cmd is AT+SPCORESIGHT?
08-06 20:56:17.486   827   827 D ATCI    : sendATCmd > AT Command 'AT+SPCORESIGHT?'. phoneId = 0
08-06 20:56:17.487  1011  1011 D RIL     : sendCmdSync: simId = 0, cmd = AT+SPCORESIGHT?
08-06 20:56:17.487  1011  1011 D REQ_THDS: get Channel1
08-06 20:56:17.487  1011  1011 D RIL     : ATcmd=AT+SPCORESIGHT? in requestSendAT
08-06 20:56:17.488  1011  1011 D REQ_THDS: put Channel1
08-06 20:56:17.488   827   827 E MODEMLSV: parse_at_res: cmd is AT+SPCORESIGHT?, sign is +SPCORESIGHT?, signlen is 13, buf is +SPCORESIGHT: 1,0
08-06 20:56:17.488   827   827 E MODEMLSV: OK
08-06 20:56:17.488   827   827 E MODEMLSV: , token is +SPCORESIGHT: 1,0
08-06 20:56:17.488   827   827 E MODEMLSV: OK
08-06 20:56:17.488   827   827 E MODEMLSV: ,token len is 13, len is 23
08-06 20:56:17.488   827   827 E MODEMLSV: isModemATAvaliable: rild ready, can send at command
08-06 20:56:17.488   827   827 E MODEMLSV: send_at: mATChannel = 0, and cmd is AT+SPCORESIGHT=0,0
08-06 20:56:17.488   827   827 D ATCI    : sendATCmd > AT Command 'AT+SPCORESIGHT=0,0'. phoneId = 0
08-06 20:56:17.489   813   813 I ServiceManager: Waiting for service 'package_native' on '/dev/binder'...
08-06 20:56:17.490  1011  1011 D RIL     : sendCmdSync: simId = 0, cmd = AT+SPCORESIGHT=0,0
08-06 20:56:17.490  1011  1011 D REQ_THDS: get Channel1
08-06 20:56:17.490  1011  1011 D RIL     : ATcmd=AT+SPCORESIGHT=0,0 in requestSendAT
08-06 20:56:17.490  1011  1011 D REQ_THDS: put Channel1
08-06 20:56:17.490   827   827 E MODEMLSV: parse_at_res: cmd is AT+SPCORESIGHT=0,0, sign is +SPCORESIGHT=0,0, signlen is 16, buf is OK
08-06 20:56:17.490   827   827 E MODEMLSV: , token is OK
08-06 20:56:17.490   827   827 E MODEMLSV: ,token len is 2, len is 4
08-06 20:56:17.490   827   827 E MODEMLSV: parse_at_res: get response success
08-06 20:56:17.490   827   827 E MODEMLSV: isModemATAvaliable: rild ready, can send at command
08-06 20:56:17.490   827   827 E MODEMLSV: send_at: mATChannel = 0, and cmd is AT+SPDSPOP?
08-06 20:56:17.490   827   827 D ATCI    : sendATCmd > AT Command 'AT+SPDSPOP?'. phoneId = 0
08-06 20:56:17.492  1011  1011 D RIL     : sendCmdSync: simId = 0, cmd = AT+SPDSPOP?
08-06 20:56:17.492  1011  1011 D REQ_THDS: get Channel1
08-06 20:56:17.492  1011  1011 D RIL     : ATcmd=AT+SPDSPOP? in requestSendAT
08-06 20:56:17.492  1011  1011 D REQ_THDS: put Channel1
08-06 20:56:17.492   827   827 E MODEMLSV: parse_at_res: cmd is AT+SPDSPOP?, sign is +SPDSPOP?, signlen is 9, buf is +SPDSPOP: 0
08-06 20:56:17.492   827   827 E MODEMLSV: OK
08-06 20:56:17.492   827   827 E MODEMLSV: , token is +SPDSPOP: 0
08-06 20:56:17.492   827   827 E MODEMLSV: OK
08-06 20:56:17.492   827   827 E MODEMLSV: ,token len is 9, len is 17
08-06 20:56:17.492   827   827 E MODEMLSV: check_at: dsp nv is same as DB
08-06 20:56:17.492   827   827 E MODEMLSV: isModemATAvaliable: rild ready, can send at command
08-06 20:56:17.492   827   827 E MODEMLSV: send_at: mATChannel = 0, and cmd is AT+SPLOGLEVEL?
08-06 20:56:17.492   827   827 D ATCI    : sendATCmd > AT Command 'AT+SPLOGLEVEL?'. phoneId = 0
08-06 20:56:17.494  1011  1011 D RIL     : sendCmdSync: simId = 0, cmd = AT+SPLOGLEVEL?
08-06 20:56:17.494  1011  1011 D REQ_THDS: get Channel1
08-06 20:56:17.494  1011  1011 D RIL     : ATcmd=AT+SPLOGLEVEL? in requestSendAT
08-06 20:56:17.495  1011  1011 D REQ_THDS: put Channel1
08-06 20:56:17.495   827   827 E MODEMLSV: parse_at_res: cmd is AT+SPLOGLEVEL?, sign is +SPLOGLEVEL?, signlen is 12, buf is +SPLOGLEVEL: LEVEL: 0, MODULE: FFFFFFFFFFFFFFFFFFFFFFFFFFFFFFFF, SAPS: FFFFFFFFFFFFFFFFFFFFFFFFFFFFFFFFFFFFFFFFFFFFFFFFFFFFFFFF, token is +SPLOGLEVEL: LEVEL: 0, MODULE: FFFFFFFFFFFFFFFFFFFFFFFFFFFFFFFF, SAPS: FFFFFFFFFFFFFFFFFFFFFFFFFFFFFFFFFFFFFFFFFFFFFFFFFFFFFFFF,token len is 12, len is 127
08-06 20:56:17.496   827   827 E MODEMLSV: check_at: loglevel nv is same as DB
08-06 20:56:17.496   827   827 E MODEMLSV: isModemATAvaliable: rild ready, can send at command
08-06 20:56:17.496   827   827 E MODEMLSV: send_at: mATChannel = 0, and cmd is AT+ARMLOG?
08-06 20:56:17.496   827   827 D ATCI    : sendATCmd > AT Command 'AT+ARMLOG?'. phoneId = 0
08-06 20:56:17.496   921   921 I PackageParser: Skipping target and overlay pair android and /system/product/overlay/treble-overlay-huawei-COR.apk: overlay ignored due to required system property: ro.hw.oemName with value: +COR*
08-06 20:56:17.498  1011  1011 D RIL     : sendCmdSync: simId = 0, cmd = AT+ARMLOG?
08-06 20:56:17.498  1011  1011 D REQ_THDS: get Channel1
08-06 20:56:17.498  1011  1011 D RIL     : ATcmd=AT+ARMLOG? in requestSendAT
08-06 20:56:17.498   921   921 I PackageParser: Skipping target and overlay pair android and /system/product/overlay/treble-overlay-huawei-DUK.apk: overlay ignored due to required system property: ro.hw.oemName with value: +DUK*
08-06 20:56:17.498  1011  1011 D REQ_THDS: put Channel1
08-06 20:56:17.498   827   827 E MODEMLSV: parse_at_res: cmd is AT+ARMLOG?, sign is +ARMLOG?, signlen is 8, buf is +ARMLOG: 0;com debug:14
08-06 20:56:17.498   827   827 E MODEMLSV: OK
08-06 20:56:17.498   827   827 E MODEMLSV: , token is +ARMLOG: 0;com debug:14
08-06 20:56:17.498   827   827 E MODEMLSV: OK
08-06 20:56:17.498   827   827 E MODEMLSV: ,token len is 8, len is 29
08-06 20:56:17.498   827   827 E MODEMLSV: check_at: event nv is same as DB
08-06 20:56:17.500   921   921 I PackageParser: Skipping target and overlay pair android and /system/product/overlay/treble-overlay-huawei-EML.apk: overlay ignored due to required system property: ro.hw.oemName with value: +EML*
08-06 20:56:17.502   921   921 I PackageParser: Skipping target and overlay pair android and /system/product/overlay/treble-overlay-huawei-LLD.apk: overlay ignored due to required system property: ro.hw.oemName with value: +LLD*
08-06 20:56:17.504   921   921 I PackageParser: Skipping target and overlay pair android and /system/product/overlay/treble-overlay-huawei-PIC.apk: overlay ignored due to required system property: ro.hw.oemName with value: +PIC*
08-06 20:56:17.504   823   823 I ServiceManager: Waiting for service 'package_native' on '/dev/binder'...
08-06 20:56:17.506   921   921 I PackageParser: Skipping target and overlay pair android and /system/product/overlay/treble-overlay-huawei-PRA.apk: overlay ignored due to required system property: ro.hw.oemName with value: +PRA*
08-06 20:56:17.508   921   921 I PackageParser: Skipping target and overlay pair android and /system/product/overlay/treble-overlay-huawei-RNE.apk: overlay ignored due to required system property: ro.hw.oemName with value: +RNE*
08-06 20:56:17.511   921   921 I PackageParser: Skipping target and overlay pair android and /system/product/overlay/treble-overlay-lg-g7.apk: overlay ignored due to required system property: ro.vendor.build.fingerprint with value: +lge/judyln*
08-06 20:56:17.513   921   921 I PackageParser: Skipping target and overlay pair android and /system/product/overlay/treble-overlay-huawei-SHT.apk: overlay ignored due to required system property: ro.hw.oemName with value: +SHT*
08-06 20:56:17.516   921   921 I PackageParser: Skipping target and overlay pair android and /system/product/overlay/treble-overlay-huawei-STF.apk: overlay ignored due to required system property: ro.hw.oemName with value: +STF*
08-06 20:56:17.519   921   921 I PackageParser: Skipping target and overlay pair android and /system/product/overlay/treble-overlay-huawei-VTR.apk: overlay ignored due to required system property: ro.hw.oemName with value: +VTR*
08-06 20:56:17.520  1011  1014 D RILC    : ~~~~ 0 events fired ~~~~
08-06 20:56:17.520  1011  1014 D RILC    : Wait for select in ril_event_loop
08-06 20:56:17.525   921   921 I PackageParser: Skipping target and overlay pair android and /system/product/overlay/treble-overlay-huawei-WAS.apk: overlay ignored due to required system property: ro.hw.oemName with value: +WAS*
08-06 20:56:17.527   921   921 I PackageParser: Skipping target and overlay pair android and /system/product/overlay/treble-overlay-huawei.apk: overlay ignored due to required system property: persist.sys.overlay.huawei with value: true
08-06 20:56:17.528   921   921 I PackageParser: Skipping target and overlay pair android and /system/product/overlay/treble-overlay-hw-ims.apk: overlay ignored due to required system property: persist.sys.phh.ims.hw with value: true
08-06 20:56:17.530   921   921 I PackageParser: Skipping target and overlay pair android and /system/product/overlay/treble-overlay-infinix-note5.apk: overlay ignored due to required system property: ro.vendor.build.fingerprint with value: +Infinix/H633/Infinix-X604_sprout*
08-06 20:56:17.532   921   921 I PackageParser: Skipping target and overlay pair android and /system/product/overlay/treble-overlay-infinix-note7.apk: overlay ignored due to required system property: ro.vendor.build.fingerprint with value: +Infinix/X690B-GL/Infinix-X690B*
08-06 20:56:17.534   921   921 I PackageParser: Skipping target and overlay pair android and /system/product/overlay/treble-overlay-infinix-note8.apk: overlay ignored due to required system property: ro.vendor.build.fingerprint with value: +Infinix/X692-GL/Infinix-X692*
08-06 20:56:17.536   921   921 I PackageParser: Skipping target and overlay pair android and /system/product/overlay/treble-overlay-infinix-s4.apk: overlay ignored due to required system property: ro.vendor.build.fingerprint with value: +Infinix/H624/Infinix-X626*
08-06 20:56:17.539   921   921 I PackageParser: Skipping target and overlay pair android and /system/product/overlay/treble-overlay-infinix-zero6.apk: overlay ignored due to required system property: ro.vendor.build.fingerprint with value: +*Infinix/Q6361A/Infinix-X620*
08-06 20:56:17.539   825   825 D WheelSensors:  open 'event2'
08-06 20:56:17.539   825   825 D WheelSensors:  get 'accelerometer'
08-06 20:56:17.544   921   921 I PackageParser: Skipping target and overlay pair android and /system/product/overlay/treble-overlay-lenovo-k5pro.apk: overlay ignored due to required system property: ro.vendor.product.model with value: Lenovo L38041
08-06 20:56:17.546   921   921 I PackageParser: Skipping target and overlay pair android and /system/product/overlay/treble-overlay-lenovo-s5.apk: overlay ignored due to required system property: ro.vendor.build.fingerprint with value: +Lenovo/seoul/seoul*
08-06 20:56:17.548   921   921 I PackageParser: Skipping target and overlay pair android and /system/product/overlay/treble-overlay-lenovo-s5pro.apk: overlay ignored due to required system property: ro.vendor.build.fingerprint with value: +Lenovo/sprout/sprout*
08-06 20:56:17.550   921   921 I PackageParser: Skipping target and overlay pair android and /system/product/overlay/treble-overlay-lenovo-z5.apk: overlay ignored due to required system property: ro.vendor.build.fingerprint with value: +Lenovo/jd2018*
08-06 20:56:17.552   921   921 I PackageParser: Skipping target and overlay pair android and /system/product/overlay/treble-overlay-lg-v40.apk: overlay ignored due to required system property: ro.vendor.build.fingerprint with value: +lge/judypn*
08-06 20:56:17.554   921   921 I PackageParser: Skipping target and overlay pair android and /system/product/overlay/treble-overlay-lg-velvet.apk: overlay ignored due to required system property: ro.vendor.build.fingerprint with value: +lge/caymanlm*
08-06 20:56:17.555   825   825 D WheelSensors:  open 'event1'
08-06 20:56:17.556   825   825 D WheelSensors:  get 'hyn_ts'
08-06 20:56:17.556   921   921 I PackageParser: Skipping target and overlay pair com.android.systemui and /system/product/overlay/treble-overlay-mbi-s10-systemui.apk: overlay ignored due to required system property: ro.vendor.build.fingerprint with value: +MBIPhone/S10*
08-06 20:56:17.558   921   921 I PackageParser: Skipping target and overlay pair android and /system/product/overlay/treble-overlay-mbi-s10.apk: overlay ignored due to required system property: ro.vendor.build.fingerprint with value: +MBIPhone/S10*
08-06 20:56:17.560   921   921 I PackageParser: Skipping target and overlay pair com.android.systemui and /system/product/overlay/treble-overlay-meizu-m2181-systemui.apk: overlay ignored due to required system property: ro.vendor.build.fingerprint with value: +*eizu/meizu_18*
08-06 20:56:17.563   921   921 I PackageParser: Skipping target and overlay pair android and /system/product/overlay/treble-overlay-meizu-m2181.apk: overlay ignored due to required system property: ro.vendor.build.fingerprint with value: +*eizu/meizu_18*
08-06 20:56:17.569   793   793 I ServiceManager: Waiting for service 'SurfaceFlinger' on '/dev/binder'...
08-06 20:56:17.571   921   921 I PackageParser: Skipping target and overlay pair android and /system/product/overlay/treble-overlay-misc-aod.apk: overlay ignored due to required system property: persist.sys.overlay.aod with value: true
08-06 20:56:17.573   921   921 I PackageParser: Skipping target and overlay pair android and /system/product/overlay/treble-overlay-misc-dt2w.apk: overlay ignored due to required system property: persist.sys.overlay.dt2w with value: true
08-06 20:56:17.574   921   921 I PackageParser: Skipping target and overlay pair android and /system/product/overlay/treble-overlay-misc-minimal-brightness.apk: overlay ignored due to required system property: persist.sys.overlay.minimal_brightness with value: true
08-06 20:56:17.576   921   921 I PackageParser: Skipping target and overlay pair android and /system/product/overlay/treble-overlay-moto-e5.apk: overlay ignored due to required system property: ro.vendor.product.name with value: nora_row
08-06 20:56:17.578   921   921 I PackageParser: Skipping target and overlay pair android and /system/product/overlay/treble-overlay-moto-e5plus.apk: overlay ignored due to required system property: ro.vendor.product.name with value: +*hannah_retail
08-06 20:56:17.580   921   921 I PackageParser: Skipping target and overlay pair android and /system/product/overlay/treble-overlay-moto-g6.apk: overlay ignored due to required system property: ro.vendor.product.name with value: ali_retail
08-06 20:56:17.582   921   921 I PackageParser: Skipping target and overlay pair android and /system/product/overlay/treble-overlay-moto-g6play.apk: overlay ignored due to required system property: ro.vendor.product.name with value: +*jeter*
08-06 20:56:17.583   921   921 I PackageParser: Skipping target and overlay pair android and /system/product/overlay/treble-overlay-moto-g6plus.apk: overlay ignored due to required system property: ro.vendor.product.name with value: evert_retail
08-06 20:56:17.585   921   921 I PackageParser: Skipping target and overlay pair android and /system/product/overlay/treble-overlay-moto-g7play.apk: overlay ignored due to required system property: ro.vendor.product.device with value: channel
08-06 20:56:17.587   921   921 I PackageParser: Skipping target and overlay pair android and /system/product/overlay/treble-overlay-moto-g7power.apk: overlay ignored due to required system property: ro.vendor.product.device with value: ocean
08-06 20:56:17.589   921   921 I PackageParser: Skipping target and overlay pair android and /system/product/overlay/treble-overlay-moto-g8.apk: overlay ignored due to required system property: ro.vendor.build.fingerprint with value: +*otorola/rav*
08-06 20:56:17.589  1024  1024 I ServiceManagement: Removing namespace from process name android.hardware.audio@2.0-service to audio@2.0-service.
08-06 20:56:17.590   813   813 I ServiceManager: Waiting for service 'package_native' on '/dev/binder'...
08-06 20:56:17.591   825   825 D WheelSensors: 'madev' fd = -1 input device
08-06 20:56:17.591   921   921 I PackageParser: Skipping target and overlay pair android and /system/product/overlay/treble-overlay-moto-g8plus.apk: overlay ignored due to required system property: ro.product.vendor.name with value: +*doha_*
08-06 20:56:17.592  1024  1024 I audiohalservice: Registration complete for android.hardware.audio@4.0::IDevicesFactory/default.
08-06 20:56:17.596   921   921 I PackageParser: Skipping target and overlay pair android and /system/product/overlay/treble-overlay-moto-g8power.apk: overlay ignored due to required system property: ro.product.vendor.name with value: +*sofia*
08-06 20:56:17.598   921   921 I PackageParser: Skipping target and overlay pair android and /system/product/overlay/treble-overlay-moto-one-action.apk: overlay ignored due to required system property: ro.product.vendor.device with value: troika_sprout
08-06 20:56:17.598   804   804 E libc    : Access denied finding property "config.disable_cameraservice"
08-06 20:56:17.591   804   804 I auditd  : type=1400 audit(0.0:28): avc: denied { read } for comm="main" name="u:object_r:exported_camera_prop:s0" dev="tmpfs" ino=10724 scontext=u:r:zygote:s0 tcontext=u:object_r:exported_camera_prop:s0 tclass=file permissive=0
08-06 20:56:17.591   804   804 W main    : type=1400 audit(0.0:28): avc: denied { read } for name="u:object_r:exported_camera_prop:s0" dev="tmpfs" ino=10724 scontext=u:r:zygote:s0 tcontext=u:object_r:exported_camera_prop:s0 tclass=file permissive=0
08-06 20:56:17.601   921   921 I PackageParser: Skipping target and overlay pair android and /system/product/overlay/treble-overlay-moto-one.apk: overlay ignored due to required system property: ro.vendor.product.name with value: deen
08-06 20:56:17.602  1024  1024 I audiohalservice: Registration complete for android.hardware.audio.effect@4.0::IEffectsFactory/default.
08-06 20:56:17.603   226   226 I hwservicemanager: getTransport: Cannot find entry android.hardware.soundtrigger@2.1::ISoundTriggerHw/default in either framework or device manifest.
08-06 20:56:17.603  1024  1024 E audiohalservice: Could not get passthrough implementation for android.hardware.soundtrigger@2.1::ISoundTriggerHw/default.
08-06 20:56:17.603   921   921 I PackageParser: Skipping target and overlay pair android and /system/product/overlay/treble-overlay-moto-onehyper.apk: overlay ignored due to required system property: ro.product.vendor.name with value: +*def_*
08-06 20:56:17.604   823   823 I ServiceManager: Waiting for service 'package_native' on '/dev/binder'...
08-06 20:56:17.605  1024  1024 E SoundTriggerHalImpl: couldn't load sound trigger module sound_trigger.primary (No such file or directory)
08-06 20:56:17.606   804   804 E ActivityRecognitionHardware: activity_recognition HAL is deprecated. class_init is effectively a no-op
08-06 20:56:17.606  1024  1024 I audiohalservice: Registration complete for android.hardware.soundtrigger@2.0::ISoundTriggerHw/default.
08-06 20:56:17.606   921   921 I PackageParser: Skipping target and overlay pair android and /system/product/overlay/treble-overlay-moto-razr.apk: overlay ignored due to required system property: ro.vendor.product.name with value: +*olson_retail
08-06 20:56:17.607   921   921 I PackageParser: Skipping target and overlay pair android and /system/product/overlay/treble-overlay-mtk-ims.apk: overlay ignored due to required system property: persist.sys.phh.ims.mtk with value: true
08-06 20:56:17.608   921   921 I PackageParser: Skipping target and overlay pair android and /system/product/overlay/treble-overlay-nokia-b2n-7plus.apk: overlay ignored due to required system property: ro.vendor.build.fingerprint with value: +Nokia/Onyx*
08-06 20:56:17.609   921   921 I PackageParser: Skipping target and overlay pair android and /system/product/overlay/treble-overlay-nokia-ctl-7-1.apk: overlay ignored due to required system property: ro.vendor.build.fingerprint with value: +Nokia/Crystal*
08-06 20:56:17.610  1024  1024 I audiohalservice: Registration complete for android.hardware.bluetooth.a2dp@1.0::IBluetoothAudioOffload/default.
08-06 20:56:17.611   921   921 I PackageParser: Skipping target and overlay pair android and /system/product/overlay/treble-overlay-nokia-drg-6.1plus-x6.apk: overlay ignored due to required system property: ro.vendor.build.fingerprint with value: +Nokia/Dragon*
08-06 20:56:17.613   921   921 I PackageParser: Skipping target and overlay pair android and /system/product/overlay/treble-overlay-nokia-nokia_4_2.apk: overlay ignored due to required system property: ro.vendor.build.fingerprint with value: +Nokia/Panther_00WW/PAN_sprout*
08-06 20:56:17.615   921   921 I PackageParser: Skipping target and overlay pair android and /system/product/overlay/treble-overlay-nokia-pda_sprout-5.1plus-x5.apk: overlay ignored due to required system property: ro.vendor.build.fingerprint with value: +Nokia/Panda_00WW*
08-06 20:56:17.621   921   921 I PackageParser: Skipping target and overlay pair android and /system/product/overlay/treble-overlay-nokia-pl2-6.1.apk: overlay ignored due to required system property: ro.vendor.build.fingerprint with value: +Nokia/Plate2*
08-06 20:56:17.623   921   921 I PackageParser: Skipping target and overlay pair android and /system/product/overlay/treble-overlay-nokia-pnx-8.1-x7.apk: overlay ignored due to required system property: ro.vendor.build.fingerprint with value: +Nokia/Phoenix*
08-06 20:56:17.628   921   921 I PackageParser: Skipping target and overlay pair android and /system/product/overlay/treble-overlay-nubia-z18mini.apk: overlay ignored due to required system property: ro.vendor.build.fingerprint with value: +*ubia/NX611J*
08-06 20:56:17.630   921   921 I PackageParser: Skipping target and overlay pair com.android.systemui and /system/product/overlay/treble-overlay-oneplus-n200-systemui.apk: overlay ignored due to required system property: ro.vendor.build.fingerprint with value: +OnePlus/OnePlusN200*
08-06 20:56:17.632   921   921 I PackageParser: Skipping target and overlay pair android and /system/product/overlay/treble-overlay-oneplus-n200.apk: overlay ignored due to required system property: ro.vendor.build.fingerprint with value: +OnePlus/OnePlusN200*
08-06 20:56:17.634   921   921 I PackageParser: Skipping target and overlay pair android and /system/product/overlay/treble-overlay-oneplus-op6.apk: overlay ignored due to required system property: ro.vendor.build.fingerprint with value: +OnePlus/OnePlus6/OnePlus6*
08-06 20:56:17.636   921   921 I PackageParser: Skipping target and overlay pair android and /system/product/overlay/treble-overlay-oneplus-op6t.apk: overlay ignored due to required system property: ro.vendor.build.fingerprint with value: +OnePlus/OnePlus6T/OnePlus6T*
08-06 20:56:17.638   921   921 I PackageParser: Skipping target and overlay pair com.android.systemui and /system/product/overlay/treble-overlay-oppo-peqm00-systemui.apk: overlay ignored due to required system property: ro.vendor.product.oem with value: PEQM00
08-06 20:56:17.639   921   921 I PackageParser: Skipping target and overlay pair android and /system/product/overlay/treble-overlay-oppo-peqm00.apk: overlay ignored due to required system property: ro.vendor.product.oem with value: PEQM00
08-06 20:56:17.641   921   921 I PackageParser: Skipping target and overlay pair android and /system/product/overlay/treble-overlay-oukitel-wp8pro.apk: overlay ignored due to required system property: ro.vendor.build.fingerprint with value: +OUKITEL/WP8_Pro*
08-06 20:56:17.646   921   921 I PackageParser: Skipping target and overlay pair android and /system/product/overlay/treble-overlay-razer-cheryl.apk: overlay ignored due to required system property: ro.vendor.build.fingerprint with value: +razer/cheryl/cheryl*
08-06 20:56:17.648   921   921 I PackageParser: Skipping target and overlay pair android and /system/product/overlay/treble-overlay-realme-6.apk: overlay ignored due to required system property: ro.build.overlay.deviceid with value: +RMX2001
08-06 20:56:17.652   921   921 I PackageParser: Skipping target and overlay pair android and /system/product/overlay/treble-overlay-realme-6i.apk: overlay ignored due to required system property: ro.build.overlay.deviceid with value: +RMX2002
08-06 20:56:17.663   921   921 I PackageParser: Skipping target and overlay pair android and /system/product/overlay/treble-overlay-realme-c2.apk: overlay ignored due to required system property: ro.product.vendor.model with value: +RMX194*
08-06 20:56:17.665   921   921 I PackageParser: Skipping target and overlay pair android and /system/product/overlay/treble-overlay-realme-c3.apk: overlay ignored due to required system property: ro.build.overlay.deviceid with value: +RMX2027
08-06 20:56:17.666   921   921 I PackageParser: Skipping target and overlay pair android and /system/product/overlay/treble-overlay-realme-narzo10a.apk: overlay ignored due to required system property: ro.build.overlay.deviceid with value: +RMX2020
08-06 20:56:17.668   921   921 I PackageParser: Skipping target and overlay pair android and /system/product/overlay/treble-overlay-realme-x2pro.apk: overlay ignored due to required system property: ro.build.overlay.deviceid with value: +RMX1931*
08-06 20:56:17.670   793   793 I ServiceManager: Waiting for service 'SurfaceFlinger' on '/dev/binder'...
08-06 20:56:17.672   921   921 I PackageParser: Skipping target and overlay pair android and /system/product/overlay/treble-overlay-samsung-S10pq.apk: overlay ignored due to required system property: ro.vendor.build.fingerprint with value: +*samsung/beyond2qlte*
08-06 20:56:17.675   921   921 I PackageParser: Skipping target and overlay pair android and /system/product/overlay/treble-overlay-samsung-S10q.apk: overlay ignored due to required system property: ro.vendor.build.fingerprint with value: +*samsung/beyond1qlte*
08-06 20:56:17.678   921   921 I PackageParser: Skipping target and overlay pair android and /system/product/overlay/treble-overlay-samsung-a30.apk: overlay ignored due to required system property: ro.vendor.build.fingerprint with value: +*samsung/a30*
08-06 20:56:17.681   921   921 I PackageParser: Skipping target and overlay pair android and /system/product/overlay/treble-overlay-samsung-a40.apk: overlay ignored due to required system property: ro.vendor.build.fingerprint with value: +*amsung/a40*
08-06 20:56:17.684   921   921 I PackageParser: Skipping target and overlay pair android and /system/product/overlay/treble-overlay-samsung-a50.apk: overlay ignored due to required system property: ro.vendor.build.fingerprint with value: +*samsung/a50*
08-06 20:56:17.689   921   921 I PackageParser: Skipping target and overlay pair android and /system/product/overlay/treble-overlay-samsung-a51.apk: overlay ignored due to required system property: ro.vendor.build.fingerprint with value: +*samsung/a51*
08-06 20:56:17.690   813   813 I ServiceManager: Waiting for service 'package_native' on '/dev/binder'...
08-06 20:56:17.692   825   825 D WheelSensors:  open 'mice'
08-06 20:56:17.692   825   825 D WheelSensors:  open 'event5'
08-06 20:56:17.692   825   825 D WheelSensors:  get 'sprdphone-sc2730 Headset Keyboard'
08-06 20:56:17.692   921   921 I PackageParser: Skipping target and overlay pair android and /system/product/overlay/treble-overlay-samsung-a51x.apk: overlay ignored due to required system property: ro.vendor.build.fingerprint with value: +*amsung/a51x*
08-06 20:56:17.695   921   921 I PackageParser: Skipping target and overlay pair android and /system/product/overlay/treble-overlay-samsung-a60q.apk: overlay ignored due to required system property: ro.vendor.build.fingerprint with value: +*amsung/a60q*
08-06 20:56:17.698   921   921 I PackageParser: Skipping target and overlay pair android and /system/product/overlay/treble-overlay-samsung-a7.apk: overlay ignored due to required system property: ro.vendor.build.fingerprint with value: +*samsung/a7y18*
08-06 20:56:17.701   921   921 I PackageParser: Skipping target and overlay pair android and /system/product/overlay/treble-overlay-samsung-a70.apk: overlay ignored due to required system property: ro.vendor.build.fingerprint with value: +*samsung/a70*
08-06 20:56:17.705   823   823 I ServiceManager: Waiting for service 'package_native' on '/dev/binder'...
08-06 20:56:17.707   921   921 I PackageParser: Skipping target and overlay pair android and /system/product/overlay/treble-overlay-samsung-a80.apk: overlay ignored due to required system property: ro.vendor.build.fingerprint with value: +*samsung/a80*
08-06 20:56:17.709   921   921 I PackageParser: Skipping target and overlay pair android and /system/product/overlay/treble-overlay-samsung-gta3xl.apk: overlay ignored due to required system property: ro.vendor.build.fingerprint with value: +*amsung/gta3xl*
08-06 20:56:17.710   921   921 I PackageParser: Skipping target and overlay pair android and /system/product/overlay/treble-overlay-samsung-j6.apk: overlay ignored due to required system property: ro.vendor.build.fingerprint with value: +*samsung/j6lte
08-06 20:56:17.712   921   921 I PackageParser: Skipping target and overlay pair android and /system/product/overlay/treble-overlay-samsung-n9q.apk: overlay ignored due to required system property: ro.vendor.build.fingerprint with value: +*amsung/crownqlte*
08-06 20:56:17.713   921   921 I PackageParser: Skipping target and overlay pair android and /system/product/overlay/treble-overlay-samsung-s10e.apk: overlay ignored due to required system property: ro.vendor.build.fingerprint with value: +*amsung/beyond0*lte*
08-06 20:56:17.715   921   921 I PackageParser: Skipping target and overlay pair android and /system/product/overlay/treble-overlay-samsung-s9pq.apk: overlay ignored due to required system property: ro.vendor.build.fingerprint with value: +*amsung/star2qlte*
08-06 20:56:17.717   921   921 I PackageParser: Skipping target and overlay pair android and /system/product/overlay/treble-overlay-samsung-s9q.apk: overlay ignored due to required system property: ro.vendor.build.fingerprint with value: +*amsung/starqlte*
08-06 20:56:17.719   921   921 I PackageParser: Skipping target and overlay pair android and /system/product/overlay/treble-overlay-sec-ims.apk: overlay ignored due to required system property: persist.sys.phh.ims.sec with value: true
08-06 20:56:17.719   825   825 D WheelSensors:  open 'event3'
08-06 20:56:17.720   825   825 D WheelSensors:  get 'gpio-keys'
08-06 20:56:17.722   921   921 I PackageParser: Skipping target and overlay pair android and /system/product/overlay/treble-overlay-sharp-s2.apk: overlay ignored due to required system property: ro.product.board with value: SAT
08-06 20:56:17.724   921   921 I PackageParser: Skipping target and overlay pair android and /system/product/overlay/treble-overlay-sony-XZ3.apk: overlay ignored due to required system property: ro.vendor.build.fingerprint with value: +Sony/H94*
08-06 20:56:17.726   921   921 I PackageParser: Skipping target and overlay pair android and /system/product/overlay/treble-overlay-sprd-ims.apk: overlay ignored due to required system property: persist.sys.phh.ims.sprd with value: true
08-06 20:56:17.728   921   921 I PackageParser: Skipping target and overlay pair android and /system/product/overlay/treble-overlay-teclast-m30.apk: overlay ignored due to required system property: ro.vendor.build.fingerprint with value: +NODROPOUT/T25*
08-06 20:56:17.732   921   921 I PackageParser: Skipping target and overlay pair android and /system/product/overlay/treble-overlay-teclast-t30.apk: overlay ignored due to required system property: ro.vendor.build.fingerprint with value: +alps/full_tb8788p1_64_bsp*
08-06 20:56:17.734   921   921 I PackageParser: Skipping target and overlay pair android and /system/product/overlay/treble-overlay-tecno-camon11.apk: overlay ignored due to required system property: ro.vendor.build.fingerprint with value: +TECNO/H399*
08-06 20:56:17.735   825   825 D WheelSensors:  open 'event4'
08-06 20:56:17.735   825   825 D WheelSensors:  get 'sprdphone-sc2730 Headset Jack'
08-06 20:56:17.737   921   921 I PackageParser: Skipping target and overlay pair android and /system/product/overlay/treble-overlay-teracube-2e.apk: overlay ignored due to required system property: ro.vendor.build.fingerprint with value: +Teracube/Teracube_2e*
08-06 20:56:17.740   921   921 I PackageParser: Skipping target and overlay pair android and /system/product/overlay/treble-overlay-teracube-v7101o.apk: overlay ignored due to required system property: ro.vendor.build.fingerprint with value: +Teracube/Teracube_One*
08-06 20:56:17.746   921   921 I PackageParser: Skipping target and overlay pair android and /system/product/overlay/treble-overlay-umidigi-A3S.apk: overlay ignored due to required system property: ro.vendor.build.fingerprint with value: +UMIDIGI/A3S/A3S*
08-06 20:56:17.748   921   921 I PackageParser: Skipping target and overlay pair android and /system/product/overlay/treble-overlay-umidigi-power.apk: overlay ignored due to required system property: ro.vendor.build.fingerprint with value: +UMIDIGI/Power/Power*
08-06 20:56:17.750   921   921 I PackageParser: Skipping target and overlay pair android and /system/product/overlay/treble-overlay-unihertz-jelly2.apk: overlay ignored due to required system property: ro.vendor.build.fingerprint with value: +Unihertz/Jelly2*
08-06 20:56:17.752   921   921 I PackageParser: Skipping target and overlay pair android and /system/product/overlay/treble-overlay-vsmart-live.apk: overlay ignored due to required system property: ro.vendor.build.fingerprint with value: +vsmart/V620A_open*
08-06 20:56:17.755   921   921 I PackageParser: Skipping target and overlay pair android and /system/product/overlay/treble-overlay-wifi5g.apk: overlay ignored due to required system property: persist.sys.overlay.wifi5g with value: true
08-06 20:56:17.758   921   921 I PackageParser: Skipping target and overlay pair android and /system/product/overlay/treble-overlay-xiaomi-mi11lite5g.apk: overlay ignored due to required system property: ro.vendor.build.fingerprint with value: +*iaomi/renoir*
08-06 20:56:17.761   921   921 I PackageParser: Skipping target and overlay pair android and /system/product/overlay/treble-overlay-xiaomi-mi6x.apk: overlay ignored due to required system property: ro.vendor.build.fingerprint with value: +*iaomi/wayne*
08-06 20:56:17.763   921   921 I PackageParser: Skipping target and overlay pair android and /system/product/overlay/treble-overlay-xiaomi-mi8.apk: overlay ignored due to required system property: ro.vendor.build.fingerprint with value: +Xiaomi/dipper*
08-06 20:56:17.766   921   921 I PackageParser: Skipping target and overlay pair android and /system/product/overlay/treble-overlay-xiaomi-mi8ee.apk: overlay ignored due to required system property: ro.vendor.build.fingerprint with value: +*iaomi/ursa*
08-06 20:56:17.770   921   921 I PackageParser: Skipping target and overlay pair android and /system/product/overlay/treble-overlay-xiaomi-mi8lite.apk: overlay ignored due to required system property: ro.vendor.build.fingerprint with value: +*iaomi/platina*
08-06 20:56:17.771   793   793 I ServiceManager: Waiting for service 'SurfaceFlinger' on '/dev/binder'...
08-06 20:56:17.771   825   825 D WheelSensors:  open 'event0'
08-06 20:56:17.771   825   825 D WheelSensors:  get 'sc27xx:vibrator'
08-06 20:56:17.773   921   921 I PackageParser: Skipping target and overlay pair android and /system/product/overlay/treble-overlay-xiaomi-mi8pro.apk: overlay ignored due to required system property: ro.vendor.build.fingerprint with value: +*iaomi/equuleus*
08-06 20:56:17.781   921   921 I PackageParser: Skipping target and overlay pair android and /system/product/overlay/treble-overlay-xiaomi-mi8se.apk: overlay ignored due to required system property: ro.vendor.build.fingerprint with value: +*iaomi/sirius*
08-06 20:56:17.784   921   921 I PackageParser: Skipping target and overlay pair android and /system/product/overlay/treble-overlay-xiaomi-mi9.apk: overlay ignored due to required system property: ro.vendor.build.fingerprint with value: +*iaomi/cepheus*
08-06 20:56:17.787   921   921 I PackageParser: Skipping target and overlay pair android and /system/product/overlay/treble-overlay-xiaomi-mi9se.apk: overlay ignored due to required system property: ro.vendor.build.fingerprint with value: +*iaomi/grus*
08-06 20:56:17.789   921   921 I PackageParser: Skipping target and overlay pair android and /system/product/overlay/treble-overlay-xiaomi-mia2.apk: overlay ignored due to required system property: ro.vendor.build.fingerprint with value: +*iaomi/jasmine*
08-06 20:56:17.790   921   921 I PackageParser: Skipping target and overlay pair android and /system/product/overlay/treble-overlay-xiaomi-mia2lite.apk: overlay ignored due to required system property: ro.vendor.build.fingerprint with value: +*iaomi/daisy*
08-06 20:56:17.791   813   813 I ServiceManager: Waiting for service 'package_native' on '/dev/binder'...
08-06 20:56:17.796   921   921 I PackageParser: Skipping target and overlay pair android and /system/product/overlay/treble-overlay-xiaomi-mimax3.apk: overlay ignored due to required system property: ro.vendor.build.fingerprint with value: +*iaomi/nitrogen*
08-06 20:56:17.798   921   921 I PackageParser: Skipping target and overlay pair android and /system/product/overlay/treble-overlay-xiaomi-mimix2s.apk: overlay ignored due to required system property: ro.vendor.build.fingerprint with value: +Xiaomi/polaris*
08-06 20:56:17.801   921   921 I PackageParser: Skipping target and overlay pair android and /system/product/overlay/treble-overlay-xiaomi-mimix3.apk: overlay ignored due to required system property: ro.vendor.build.fingerprint with value: +*iaomi/perseus*
08-06 20:56:17.804   921   921 I PackageParser: Skipping target and overlay pair android and /system/product/overlay/treble-overlay-xiaomi-mipad4.apk: overlay ignored due to required system property: ro.vendor.build.fingerprint with value: +Xiaomi/clover*
08-06 20:56:17.806   823   823 I ServiceManager: Waiting for service 'package_native' on '/dev/binder'...
08-06 20:56:17.807   921   921 I PackageParser: Skipping target and overlay pair android and /system/product/overlay/treble-overlay-xiaomi-miplay.apk: overlay ignored due to required system property: ro.vendor.build.fingerprint with value: +*iaomi/lotus*
08-06 20:56:17.809   921   921 I PackageParser: Skipping target and overlay pair android and /system/product/overlay/treble-overlay-xiaomi-pocof1.apk: overlay ignored due to required system property: ro.vendor.build.fingerprint with value: +*iaomi/beryllium*
08-06 20:56:17.810   921   921 I PackageParser: Skipping target and overlay pair android and /system/product/overlay/treble-overlay-xiaomi-redmi10x5g.apk: overlay ignored due to required system property: ro.vendor.build.fingerprint with value: +*edmi/atom*
08-06 20:56:17.811   825   825 D WheelSensors:  open 'event2'
08-06 20:56:17.811   825   825 D WheelSensors:  get 'accelerometer'
08-06 20:56:17.817   921   921 I PackageParser: Skipping target and overlay pair android and /system/product/overlay/treble-overlay-xiaomi-redmi6.apk: overlay ignored due to required system property: ro.vendor.build.fingerprint with value: +*iaomi/cereus*
08-06 20:56:17.820   921   921 I PackageParser: Skipping target and overlay pair android and /system/product/overlay/treble-overlay-xiaomi-redmi6a.apk: overlay ignored due to required system property: ro.vendor.build.fingerprint with value: +*iaomi/cactus*
08-06 20:56:17.823   921   921 I PackageParser: Skipping target and overlay pair android and /system/product/overlay/treble-overlay-xiaomi-redmi6pro.apk: overlay ignored due to required system property: ro.vendor.build.fingerprint with value: +*iaomi/sakura*
08-06 20:56:17.826   921   921 I PackageParser: Skipping target and overlay pair android and /system/product/overlay/treble-overlay-xiaomi-redmi7a.apk: overlay ignored due to required system property: ro.vendor.build.fingerprint with value: +*iaomi/pine*
08-06 20:56:17.827   825   825 D WheelSensors:  open 'event1'
08-06 20:56:17.827   825   825 D WheelSensors:  get 'hyn_ts'
08-06 20:56:17.828   921   921 I PackageParser: Skipping target and overlay pair android and /system/product/overlay/treble-overlay-xiaomi-redmi7onc.apk: overlay ignored due to required system property: ro.vendor.build.fingerprint with value: +*iaomi/onc*
08-06 20:56:17.831   921   921 I PackageParser: Skipping target and overlay pair android and /system/product/overlay/treble-overlay-xiaomi-redmi8.apk: overlay ignored due to required system property: ro.vendor.build.fingerprint with value: +*iaomi/olive*
08-06 20:56:17.834   921   921 I PackageParser: Skipping target and overlay pair android and /system/product/overlay/treble-overlay-xiaomi-redmi8a.apk: overlay ignored due to required system property: ro.vendor.build.fingerprint with value: +*iaomi/olivelite*
08-06 20:56:17.837   921   921 I PackageParser: Skipping target and overlay pair android and /system/product/overlay/treble-overlay-xiaomi-redmi9a.apk: overlay ignored due to required system property: ro.vendor.build.fingerprint with value: +*edmi/dandelion*
08-06 20:56:17.839   921   921 I PackageParser: Skipping target and overlay pair android and /system/product/overlay/treble-overlay-xiaomi-redmigo.apk: overlay ignored due to required system property: ro.vendor.build.fingerprint with value: +Xiaomi/tiare*
08-06 20:56:17.845   921   921 I PackageParser: Skipping target and overlay pair android and /system/product/overlay/treble-overlay-xiaomi-redmik20pro.apk: overlay ignored due to required system property: ro.vendor.build.fingerprint with value: +*iaomi/raphael*
08-06 20:56:17.848   921   921 I PackageParser: Skipping target and overlay pair android and /system/product/overlay/treble-overlay-xiaomi-redminote5.apk: overlay ignored due to required system property: ro.vendor.build.fingerprint with value: +*iaomi/whyred*
08-06 20:56:17.851   921   921 I PackageParser: Skipping target and overlay pair android and /system/product/overlay/treble-overlay-xiaomi-redminote6pro.apk: overlay ignored due to required system property: ro.vendor.build.fingerprint with value: +*iaomi/tulip*
08-06 20:56:17.853   921   921 I PackageParser: Skipping target and overlay pair android and /system/product/overlay/treble-overlay-xiaomi-redminote7.apk: overlay ignored due to required system property: ro.product.vendor.device with value: lavender
08-06 20:56:17.856   921   921 I PackageParser: Skipping target and overlay pair android and /system/product/overlay/treble-overlay-xiaomi-redminote8pro.apk: overlay ignored due to required system property: ro.product.vendor.device with value: begonia
08-06 20:56:17.860   921   921 I PackageParser: Skipping target and overlay pair android and /system/product/overlay/treble-overlay-xiaomi-redminote9pro.apk: overlay ignored due to required system property: ro.product.vendor.device with value: joyeuse
08-06 20:56:17.863   921   921 I PackageParser: Skipping target and overlay pair android and /system/product/overlay/treble-overlay-xiaomi-redminote9promax.apk: overlay ignored due to required system property: ro.product.vendor.device with value: Excalibur
08-06 20:56:17.863   825   825 D WheelSensors: 'madev' fd = -1 input device
08-06 20:56:17.867   921   921 I PackageParser: Skipping target and overlay pair android and /system/product/overlay/treble-overlay-xiaomi-redminote9s.apk: overlay ignored due to required system property: ro.product.vendor.device with value: curtana
08-06 20:56:17.871   793   793 I ServiceManager: Waiting for service 'SurfaceFlinger' on '/dev/binder'...
08-06 20:56:17.872   921   921 I PackageParser: Skipping target and overlay pair android and /system/product/overlay/treble-overlay-xiaomi-redmis2.apk: overlay ignored due to required system property: ro.vendor.build.fingerprint with value: +*iaomi/ysl*
08-06 20:56:17.892   813   813 I ServiceManager: Waiting for service 'package_native' on '/dev/binder'...
08-06 20:56:17.907   823   823 I ServiceManager: Waiting for service 'package_native' on '/dev/binder'...
08-06 20:56:17.960   804   804 W Zygote  : Class not found for preloading: android.inputmethodservice.-$$Lambda$InputMethodService$TvVfWDKZ3ljQdrU87qYykg6uD-I
08-06 20:56:17.964   825   825 D WheelSensors:  open 'mice'
08-06 20:56:17.964   825   825 D WheelSensors:  open 'event5'
08-06 20:56:17.964   825   825 D WheelSensors:  get 'sprdphone-sc2730 Headset Keyboard'
08-06 20:56:17.972   793   793 I ServiceManager: Waiting for service 'SurfaceFlinger' on '/dev/binder'...
08-06 20:56:17.991   825   825 D WheelSensors:  open 'event3'
08-06 20:56:17.992   825   825 D WheelSensors:  get 'gpio-keys'
08-06 20:56:17.992   813   813 I ServiceManager: Waiting for service 'package_native' on '/dev/binder'...
08-06 20:56:18.002   804   804 I zygote64: Thread[1,tid=804,Native,Thread*=0x7217d48380,peer=0x13200078,"main"] recursive attempt to load library "libmedia_jni.so"
08-06 20:56:18.002   804   804 I zygote64: Thread[1,tid=804,Native,Thread*=0x7217d48380,peer=0x13200078,"main"] recursive attempt to load library "libmedia_jni.so"
08-06 20:56:18.003   804   804 D MtpDeviceJNI: register_android_mtp_MtpDevice
08-06 20:56:18.003   804   804 I zygote64: Thread[1,tid=804,Native,Thread*=0x7217d48380,peer=0x13200078,"main"] recursive attempt to load library "libmedia_jni.so"
08-06 20:56:18.003   804   804 I zygote64: Thread[1,tid=804,Native,Thread*=0x7217d48380,peer=0x13200078,"main"] recursive attempt to load library "libmedia_jni.so"
08-06 20:56:18.008   823   823 I ServiceManager: Waiting for service 'package_native' on '/dev/binder'...
08-06 20:56:18.011   825   825 D WheelSensors:  open 'event4'
08-06 20:56:18.012   825   825 D WheelSensors:  get 'sprdphone-sc2730 Headset Jack'
08-06 20:56:18.012   804   804 W Zygote  : Class not found for preloading: android.media.MediaRouter$Static$Client$1
08-06 20:56:18.012   804   804 W Zygote  : Class not found for preloading: android.media.MediaRouter$Static$Client$2
08-06 20:56:18.035   804   804 W Zygote  : Class not found for preloading: android.net.shared.Inet4AddressUtils
08-06 20:56:18.035   804   804 W Zygote  : Class not found for preloading: android.net.shared.InetAddressUtils
08-06 20:56:18.038   804   804 D TelephonyManager: No /proc/cmdline exception=java.io.FileNotFoundException: /proc/cmdline: open failed: EACCES (Permission denied)
08-06 20:56:18.039   804   804 D TelephonyManager: /proc/cmdline=
08-06 20:56:18.041  1030  1030 I FastMixerState: sMaxFastTracks = 8
08-06 20:56:18.051  1030  1030 V MediaUtils: physMem: 4097171456
08-06 20:56:18.051  1030  1030 V MediaUtils: requested limit: 536870912
08-06 20:56:18.051  1030  1030 I libc    : malloc_limit: Allocation limit enabled, max size 536870912 bytes
08-06 20:56:18.053  1030  1030 I audioserver: ServiceManager: 0x71ada16490
08-06 20:56:18.054  1030  1030 W BatteryNotifier: batterystats service unavailable!
08-06 20:56:18.055   825   825 D WheelSensors:  open 'event0'
08-06 20:56:18.056   825   825 D WheelSensors:  get 'sc27xx:vibrator'
08-06 20:56:18.056   226   226 I hwservicemanager: getTransport: Cannot find entry android.hardware.audio@6.0::IDevicesFactory/default in either framework or device manifest.
08-06 20:56:18.056   226   226 I hwservicemanager: getTransport: Cannot find entry android.hardware.audio@5.0::IDevicesFactory/default in either framework or device manifest.
08-06 20:56:18.070   921   921 I ashmem  : memfd: device VNDK version (28) is < Q so using ashmem.
08-06 20:56:18.073   793   793 I ServiceManager: Waiting for service 'SurfaceFlinger' on '/dev/binder'...
08-06 20:56:18.080   226   226 I hwservicemanager: getTransport: Cannot find entry android.hardware.audio.effect@6.0::IEffectsFactory/default in either framework or device manifest.
08-06 20:56:18.081   226   226 I hwservicemanager: getTransport: Cannot find entry android.hardware.audio.effect@5.0::IEffectsFactory/default in either framework or device manifest.
08-06 20:56:18.084  1030  1030 I AudioFlinger: Using default 3000 mSec as standby time.
08-06 20:56:18.085   816   837 I ServiceManager: Waiting for service 'package_native' on '/dev/binder'...
08-06 20:56:18.086  1030  1030 E APM::Serializer: deserialize: Could not parse /odm/etc/audio_policy_configuration_a2dp_offload_disabled.xml document.
08-06 20:56:18.093   813   813 I ServiceManager: Waiting for service 'package_native' on '/dev/binder'...
08-06 20:56:18.095   825   825 D WheelSensors:  open 'event2'
08-06 20:56:18.095   825   825 D WheelSensors:  get 'accelerometer'
08-06 20:56:18.114  1030  1030 E APM::Serializer: Good morning
08-06 20:56:18.114  1030  1030 E APM::Serializer: Looking at route 1
08-06 20:56:18.114  1030  1030 E APM::Serializer: ... With sink Earpiece
08-06 20:56:18.114  1030  1030 E APM::Serializer: ... With source primary output
08-06 20:56:18.114  1030  1030 E APM::Serializer: ... With source compressed_offload
08-06 20:56:18.114  1030  1030 E APM::Serializer: ... With source aaudio output
08-06 20:56:18.114  1030  1030 E APM::Serializer: ... With source fast
08-06 20:56:18.114  1030  1030 E APM::Serializer: Looking at route 1
08-06 20:56:18.114  1030  1030 E APM::Serializer: ... With sink Speaker
08-06 20:56:18.114  1030  1030 E APM::Serializer: ... With source primary output
08-06 20:56:18.114   804   804 W Zygote  : Class not found for preloading: android.telephony.ims.stub.-$$Lambda$ImsRegistrationImplBase$wwtkoeOtGwMjG5I0-ZTfjNpGU-s
08-06 20:56:18.114  1030  1030 E APM::Serializer: ... With source compressed_offload
08-06 20:56:18.114  1030  1030 E APM::Serializer: ... With source aaudio output
08-06 20:56:18.114  1030  1030 E APM::Serializer: ... With source fast
08-06 20:56:18.114  1030  1030 E APM::Serializer: Looking at route 1
08-06 20:56:18.114  1030  1030 E APM::Serializer: ... With sink Wired Headset
08-06 20:56:18.114  1030  1030 E APM::Serializer: ... With source primary output
08-06 20:56:18.114  1030  1030 E APM::Serializer: ... With source compressed_offload
08-06 20:56:18.115  1030  1030 E APM::Serializer: ... With source aaudio output
08-06 20:56:18.115  1030  1030 E APM::Serializer: ... With source fast
08-06 20:56:18.115  1030  1030 E APM::Serializer: Looking at route 1
08-06 20:56:18.115  1030  1030 E APM::Serializer: ... With sink Wired Headphones
08-06 20:56:18.115  1030  1030 E APM::Serializer: ... With source primary output
08-06 20:56:18.115  1030  1030 E APM::Serializer: ... With source compressed_offload
08-06 20:56:18.115  1030  1030 E APM::Serializer: ... With source aaudio output
08-06 20:56:18.115  1030  1030 E APM::Serializer: ... With source fast
08-06 20:56:18.115  1030  1030 E APM::Serializer: Looking at route 1
08-06 20:56:18.115  1030  1030 E APM::Serializer: ... With sink BT SCO
08-06 20:56:18.115  1030  1030 E APM::Serializer: ... With source primary output
08-06 20:56:18.115  1030  1030 E APM::Serializer: ... With source fast
08-06 20:56:18.115  1030  1030 E APM::Serializer: Looking at route 1
08-06 20:56:18.115  1030  1030 E APM::Serializer: ... With sink BT SCO Headset
08-06 20:56:18.115  1030  1030 E APM::Serializer: Done looking for existing routes
08-06 20:56:18.115  1030  1030 E APM::Serializer: Good morning2
08-06 20:56:18.116   823   823 I ServiceManager: Waiting for service 'package_native' on '/dev/binder'...
08-06 20:56:18.116  1030  1030 E APM::Serializer: Good morning
08-06 20:56:18.116  1030  1030 E APM::Serializer: No BT SCO Headset device found, don't patch policy
08-06 20:56:18.116  1030  1030 E APM::Serializer: Good morning2
08-06 20:56:18.117  1030  1030 E APM::Serializer: Good morning
08-06 20:56:18.117  1030  1030 E APM::Serializer: No BT SCO Headset device found, don't patch policy
08-06 20:56:18.117  1030  1030 E APM::Serializer: Good morning2
08-06 20:56:18.117  1030  1030 E APM::Serializer: Good morning
08-06 20:56:18.117  1030  1030 E APM::Serializer: No BT SCO Headset device found, don't patch policy
08-06 20:56:18.117  1030  1030 E APM::Serializer: Good morning2
08-06 20:56:18.119   825   825 D WheelSensors:  open 'event1'
08-06 20:56:18.120   825   825 D WheelSensors:  get 'hyn_ts'
08-06 20:56:18.125  1030  1030 D APM_EngineLoader: Loaded engine from libaudiopolicyenginedefault.so
08-06 20:56:18.125  1030  1030 E APM::AudioPolicyEngine/Config: parse: Could not parse document /vendor/etc/audio_policy_engine_configuration.xml
08-06 20:56:18.125  1030  1030 E libxml2 : I/O warning : failed to load external entity "/vendor/etc/audio_policy_engine_configuration.xml"
08-06 20:56:18.125  1030  1030 W APM::AudioPolicyEngine/Base: loadAudioPolicyEngineConfig: No configuration found, using default matching phone experience.
08-06 20:56:18.125  1030  1030 E APM::AudioPolicyEngine/Config: parseLegacyVolumeFile: Could not parse document /odm/etc/audio_policy_configuration_a2dp_offload_disabled.xml
08-06 20:56:18.125  1030  1030 E libxml2 : I/O warning : failed to load external entity "/odm/etc/audio_policy_configuration_a2dp_offload_disabled.xml"
08-06 20:56:18.125  1030  1030 E APM::AudioPolicyEngine/Config: Parsing volume for /odm/etc/audio_policy_configuration_a2dp_offload_disabled.xml gave 0
08-06 20:56:18.127   777  1009 W adbd    : timed out while waiting for FUNCTIONFS_BIND, trying again
08-06 20:56:18.128   777  1009 I adbd    : UsbFfs: connection terminated: monitor thread finished
08-06 20:56:18.128   777   777 I adbd    : UsbFfs: already offline
08-06 20:56:18.128   777   777 I adbd    : destroying transport UsbFfs
08-06 20:56:18.128   777   777 I adbd    : UsbFfsConnection being destroyed
08-06 20:56:18.134   804   804 W Zygote  : Class not found for preloading: android.view.-$$Lambda$cZhmLzK8aetUdx4VlP9w5jR7En0
08-06 20:56:18.142   804   804 W Zygote  : Class not found for preloading: android.view.autofill.-$$Lambda$AutofillManager$AutofillManagerClient$vxNm6RuuD-r5pkiSxNSBBd1w_Qc
08-06 20:56:18.142   804   804 W Zygote  : Class not found for preloading: android.view.contentcapture.-$$Lambda$MainContentCaptureSession$1$JPRO-nNGZpgXrKr4QC_iQiTbQx0
08-06 20:56:18.142   804   804 W Zygote  : Class not found for preloading: android.view.contentcapture.-$$Lambda$MainContentCaptureSession$1$Xhq3WJibbalS1G_W3PRC2m7muhM
08-06 20:56:18.143   804   804 W Zygote  : Class not found for preloading: android.view.contentcapture.MainContentCaptureSession$1
08-06 20:56:18.149  1030  1030 E APM::AudioPolicyEngine/Config: Parsing volume for /vendor/etc/audio_policy_configuration_a2dp_offload_disabled.xml gave 13
08-06 20:56:18.149  1030  1030 W APM::AudioPolicyEngine/Base: loadAudioPolicyEngineConfig: No configuration of AUDIO_STREAM_ASSISTANT found, using default volume configuration
08-06 20:56:18.150  1030  1030 W APM::AudioPolicyEngine/Base: loadAudioPolicyEngineConfig: No configuration of AUDIO_STREAM_CALL_ASSISTANT found, using default volume configuration
08-06 20:56:18.151   825   825 D WheelSensors: 'madev' fd = -1 input device
08-06 20:56:18.153  1033  1033 I SurfaceFlinger: Using HWComposer service: 'default'
08-06 20:56:18.154  1033  1033 I SurfaceFlinger: SurfaceFlinger is starting
08-06 20:56:18.158  1033  1033 I SurfaceFlinger: Disabling backpressure propagation
08-06 20:56:18.158  1033  1033 I SurfaceFlinger: Disabling blur effects, they are not supported.
08-06 20:56:18.158  1033  1033 I SurfaceFlinger: Treble testing override: 'false'
08-06 20:56:18.164  1033  1033 I SurfaceFlinger: SurfaceFlinger's main thread ready to run. Initializing graphics H/W...
08-06 20:56:18.164  1033  1033 D RenderEngine: RenderEngine GLES Backend
08-06 20:56:18.167   777   782 I adbd    : opening control endpoint /dev/usb-ffs/adb/ep0
08-06 20:56:18.170   777   782 I adbd    : UsbFfsConnection constructed
08-06 20:56:18.173   921   921 I LSPosedService: service package is not started, wait 1s.
08-06 20:56:18.173  1033  1033 D libEGL  : loaded /vendor/lib64/egl/libEGL_POWERVR_ROGUE.so
08-06 20:56:18.173   777  1047 I adbd    : UsbFfs-monitor thread spawned
08-06 20:56:18.175   793   793 I ServiceManager: Waiting for service 'SurfaceFlinger' on '/dev/binder'...
08-06 20:56:18.185   816   837 I ServiceManager: Waiting for service 'package_native' on '/dev/binder'...
08-06 20:56:18.187  1033  1033 D libEGL  : loaded /vendor/lib64/egl/libGLESv1_CM_POWERVR_ROGUE.so
08-06 20:56:18.192   804   804 W Zygote  : Class not found for preloading: com.android.internal.telephony.-$$Lambda$SubscriptionController$VCQsMNqRHpN3RyoXYzh2YUwA2yc
08-06 20:56:18.192   804   804 W Zygote  : Class not found for preloading: com.android.internal.telephony.-$$Lambda$SubscriptionController$u5xE-urXR6ElZ50305_6guo20Fc
08-06 20:56:18.194   813   813 I ServiceManager: Waiting for service 'package_native' on '/dev/binder'...
08-06 20:56:18.201  1024  1035 I audio_hw_primary: adev_open primary_dev_count:0
08-06 20:56:18.201  1024  1035 I audio_hw_control: init_audio_control
08-06 20:56:18.205  1033  1033 D libEGL  : loaded /vendor/lib64/egl/libGLESv2_POWERVR_ROGUE.so
08-06 20:56:18.207  1024  1035 I audio_hw_param: load_xml_handle:0xe96d4cf8 /vendor/etc/audio_config.xml
08-06 20:56:18.207  1024  1035 I audio_debug: parse_audionr_config nr_mask:0x3 enable_other_rate_nr:0
08-06 20:56:18.207  1024  1035 I audio_hw_platform: parse_microphone_characteristic
08-06 20:56:18.207  1024  1035 I audio_hw_param: release_xml_handle:0xe96d4cf8
08-06 20:56:18.207  1024  1035 I audio_hw_paramconfig: parse_audioparam_config line:646 file:/vendor/etc/audio_params/sprd
08-06 20:56:18.216  1024  1035 I audio_hw_param: load_xml_handle:0xe96d4c24 /vendor/etc/audio_params/sprd/audioparam_config.xml
08-06 20:56:18.216  1024  1035 I audio_hw_paramconfig: parse_audioparam_config line:656
08-06 20:56:18.216  1024  1035 I audio_hw_paramconfig: parse_audioparam_config:AudioTester
08-06 20:56:18.216  1024  1035 I audio_hw_paramconfig: parse_audiotester_config enter
08-06 20:56:18.216  1024  1035 I audio_hw_paramconfig: parse_audiotester_config Line:490
08-06 20:56:18.216  1024  1035 I audio_hw_paramconfig: parse_audiotester_config value:AudioTester
08-06 20:56:18.216  1024  1035 I audio_hw_paramconfig: SocketBufferSize:65535 DiagBufferSize:65520 SmartAmpSupportMode:0 SmartAmpUsecase:0x0
08-06 20:56:18.218  1024  1035 I audio_hw_paramconfig: AudioTester ShareParam Config:type:1 paramid:0x40 shareparamid:60
08-06 20:56:18.218  1024  1035 I audio_hw_paramconfig: AudioTester ShareParam Config:type:1 paramid:0x45 shareparamid:65
08-06 20:56:18.218  1024  1035 I audio_hw_paramconfig: AudioTester ShareParam Config:type:64 paramid:0xe shareparamid:10
08-06 20:56:18.218  1024  1035 I audio_hw_paramconfig: AudioTester ShareParam Config:type:17 paramid:0x4a shareparamid:70
08-06 20:56:18.218  1024  1035 I audio_hw_paramconfig: AudioTester ShareParam Config:type:25 paramid:0x3f shareparamid:61
08-06 20:56:18.218  1024  1035 I audio_hw_paramconfig: AudioTester ShareParam Config:type:25 paramid:0x44 shareparamid:66
08-06 20:56:18.218  1024  1035 I audio_hw_paramconfig: AudioTester ShareParam Config:type:25 paramid:0x49 shareparamid:71
08-06 20:56:18.218  1024  1035 I audio_hw_paramconfig: parse_audiotester_config param_config_num:82
08-06 20:56:18.218  1024  1035 I audio_hw_paramconfig: parse_audiotester_config exit
08-06 20:56:18.221   823   823 I ServiceManager: Waiting for service 'package_native' on '/dev/binder'...
08-06 20:56:18.222  1024  1035 I audio_hw_param: release_xml_handle:0xe96d4c24
08-06 20:56:18.223  1024  1035 I audio_debug: parse_audio_config log_level:3 mic_switch:3
08-06 20:56:18.223  1024  1035 I Alsa_Util: card name is sprdphone-sc2730, query card=0
08-06 20:56:18.223  1024  1035 I Alsa_Util: Search Completed, cur_name is sprdphone-sc2730, card_num=0
08-06 20:56:18.241   804   804 I PackageParser: Skipping target and overlay pair android and /system/product/overlay/treble-overlay-asus-zenfone5-10.apk: overlay ignored due to required system property: ro.product.vendor.name with value: ASUS_X00QD
08-06 20:56:18.242   804   804 I PackageParser: Skipping target and overlay pair android and /system/product/overlay/treble-overlay-asus-zenfone5.apk: overlay ignored due to required system property: ro.vendor.build.fingerprint with value: +*ASUS_X00QD*
08-06 20:56:18.243   804   804 I PackageParser: Skipping target and overlay pair android and /system/product/overlay/treble-overlay-asus-zenfone5z.apk: overlay ignored due to required system property: ro.vendor.build.fingerprint with value: +*ASUS_Z01R*
08-06 20:56:18.243   804   804 I PackageParser: Skipping target and overlay pair android and /system/product/overlay/treble-overlay-asus-zenfone8.apk: overlay ignored due to required system property: ro.product.vendor.device with value: ASUS_I006D
08-06 20:56:18.244   804   804 I PackageParser: Skipping target and overlay pair android and /system/product/overlay/treble-overlay-asus-zenfonelivel1za550kl.apk: overlay ignored due to required system property: ro.vendor.build.fingerprint with value: +*ASUS_X00R_2*
08-06 20:56:18.245   804   804 I PackageParser: Skipping target and overlay pair android and /system/product/overlay/treble-overlay-asus-zenfonemaxm2.apk: overlay ignored due to required system property: ro.vendor.build.fingerprint with value: +*ASUS_X01A_1*
08-06 20:56:18.246   804   804 I PackageParser: Skipping target and overlay pair android and /system/product/overlay/treble-overlay-asus-zenfonemaxshot.apk: overlay ignored due to required system property: ro.vendor.build.fingerprint with value: +*ASUS_A001D*
08-06 20:56:18.246   804   804 I PackageParser: Skipping target and overlay pair android and /system/product/overlay/treble-overlay-blackview-bv6900.apk: overlay ignored due to required system property: ro.vendor.build.fingerprint with value: +Blackview/BV6900*
08-06 20:56:18.247   804   804 I PackageParser: Skipping target and overlay pair android and /system/product/overlay/treble-overlay-blackview-bv9500plus.apk: overlay ignored due to required system property: ro.vendor.build.fingerprint with value: +Blackview/BV9500Plus*
08-06 20:56:18.247   804   804 I PackageParser: Skipping target and overlay pair android and /system/product/overlay/treble-overlay-bq-jeice.apk: overlay ignored due to required system property: ro.vendor.build.fingerprint with value: +bq/jeice*
08-06 20:56:18.248   804   804 I PackageParser: Skipping target and overlay pair android and /system/product/overlay/treble-overlay-caf-ims.apk: overlay ignored due to required system property: persist.sys.phh.ims.caf with value: true
08-06 20:56:18.248   804   804 I PackageParser: Skipping target and overlay pair android and /system/product/overlay/treble-overlay-devinputjack.apk: overlay ignored due to required system property: persist.sys.overlay.devinputjack with value: true
08-06 20:56:18.249   804   804 I PackageParser: Skipping target and overlay pair android and /system/product/overlay/treble-overlay-duoqin-qin2pro.apk: overlay ignored due to required system property: ro.vendor.build.fingerprint with value: +Qin/s9863a1h10_Natv/s9863a1h10*
08-06 20:56:18.249   804   804 I PackageParser: Skipping target and overlay pair android and /system/product/overlay/treble-overlay-essential-ph_1.apk: overlay ignored due to required system property: ro.vendor.build.fingerprint with value: +essential/mata/mata*
08-06 20:56:18.250   804   804 I PackageParser: Skipping target and overlay pair android and /system/product/overlay/treble-overlay-fairphone-fp3.apk: overlay ignored due to required system property: ro.vendor.build.fingerprint with value: +Fairphone/FP3*
08-06 20:56:18.250   804   804 I PackageParser: Skipping target and overlay pair android and /system/product/overlay/treble-overlay-htc-exodus1.apk: overlay ignored due to required system property: ro.vendor.build.fingerprint with value: +htc/exo*
08-06 20:56:18.251   804   804 I PackageParser: Skipping target and overlay pair android and /system/product/overlay/treble-overlay-htc-u12plus.apk: overlay ignored due to required system property: ro.vendor.build.fingerprint with value: +htc/ime*
08-06 20:56:18.251   804   804 I PackageParser: Skipping target and overlay pair android and /system/product/overlay/treble-overlay-huawei-ANE.apk: overlay ignored due to required system property: ro.hw.oemName with value: +ANE*
08-06 20:56:18.252   804   804 I PackageParser: Skipping target and overlay pair android and /system/product/overlay/treble-overlay-huawei-ARE.apk: overlay ignored due to required system property: ro.hw.oemName with value: +*ARE*
08-06 20:56:18.252   804   804 I PackageParser: Skipping target and overlay pair android and /system/product/overlay/treble-overlay-huawei-ATU.apk: overlay ignored due to required system property: ro.hw.oemName with value: +ATU*
08-06 20:56:18.253   804   804 I PackageParser: Skipping target and overlay pair android and /system/product/overlay/treble-overlay-huawei-AUM.apk: overlay ignored due to required system property: ro.hw.oemName with value: +AUM*
08-06 20:56:18.253   804   804 I PackageParser: Skipping target and overlay pair android and /system/product/overlay/treble-overlay-huawei-BKL.apk: overlay ignored due to required system property: ro.hw.oemName with value: +BKL*
08-06 20:56:18.254   804   804 I PackageParser: Skipping target and overlay pair android and /system/product/overlay/treble-overlay-huawei-BND.apk: overlay ignored due to required system property: ro.hw.oemName with value: +BND*
08-06 20:56:18.254   804   804 I PackageParser: Skipping target and overlay pair android and /system/product/overlay/treble-overlay-huawei-CLT.apk: overlay ignored due to required system property: ro.hw.oemName with value: +CLT*
08-06 20:56:18.254   804   804 I PackageParser: Skipping target and overlay pair android and /system/product/overlay/treble-overlay-huawei-COR.apk: overlay ignored due to required system property: ro.hw.oemName with value: +COR*
08-06 20:56:18.255   804   804 I PackageParser: Skipping target and overlay pair android and /system/product/overlay/treble-overlay-huawei-DUK.apk: overlay ignored due to required system property: ro.hw.oemName with value: +DUK*
08-06 20:56:18.256   825   825 D WheelSensors:  open 'mice'
08-06 20:56:18.256   804   804 I PackageParser: Skipping target and overlay pair android and /system/product/overlay/treble-overlay-huawei-EML.apk: overlay ignored due to required system property: ro.hw.oemName with value: +EML*
08-06 20:56:18.256   825   825 D WheelSensors:  open 'event5'
08-06 20:56:18.256   825   825 D WheelSensors:  get 'sprdphone-sc2730 Headset Keyboard'
08-06 20:56:18.256   804   804 I PackageParser: Skipping target and overlay pair android and /system/product/overlay/treble-overlay-huawei-LLD.apk: overlay ignored due to required system property: ro.hw.oemName with value: +LLD*
08-06 20:56:18.257   804   804 I PackageParser: Skipping target and overlay pair android and /system/product/overlay/treble-overlay-huawei-PIC.apk: overlay ignored due to required system property: ro.hw.oemName with value: +PIC*
08-06 20:56:18.257   804   804 I PackageParser: Skipping target and overlay pair android and /system/product/overlay/treble-overlay-huawei-PRA.apk: overlay ignored due to required system property: ro.hw.oemName with value: +PRA*
08-06 20:56:18.257   804   804 I PackageParser: Skipping target and overlay pair android and /system/product/overlay/treble-overlay-huawei-RNE.apk: overlay ignored due to required system property: ro.hw.oemName with value: +RNE*
08-06 20:56:18.258   804   804 I PackageParser: Skipping target and overlay pair android and /system/product/overlay/treble-overlay-lg-g7.apk: overlay ignored due to required system property: ro.vendor.build.fingerprint with value: +lge/judyln*
08-06 20:56:18.258   804   804 I PackageParser: Skipping target and overlay pair android and /system/product/overlay/treble-overlay-huawei-SHT.apk: overlay ignored due to required system property: ro.hw.oemName with value: +SHT*
08-06 20:56:18.259   804   804 I PackageParser: Skipping target and overlay pair android and /system/product/overlay/treble-overlay-huawei-STF.apk: overlay ignored due to required system property: ro.hw.oemName with value: +STF*
08-06 20:56:18.259   804   804 I PackageParser: Skipping target and overlay pair android and /system/product/overlay/treble-overlay-huawei-VTR.apk: overlay ignored due to required system property: ro.hw.oemName with value: +VTR*
08-06 20:56:18.260   804   804 I PackageParser: Skipping target and overlay pair android and /system/product/overlay/treble-overlay-huawei-WAS.apk: overlay ignored due to required system property: ro.hw.oemName with value: +WAS*
08-06 20:56:18.260   804   804 I PackageParser: Skipping target and overlay pair android and /system/product/overlay/treble-overlay-huawei.apk: overlay ignored due to required system property: persist.sys.overlay.huawei with value: true
08-06 20:56:18.261   804   804 I PackageParser: Skipping target and overlay pair android and /system/product/overlay/treble-overlay-hw-ims.apk: overlay ignored due to required system property: persist.sys.phh.ims.hw with value: true
08-06 20:56:18.261  1024  1035 I audio_hw_parse: parse_vbc_route_device ctl off is NULL, device=only_codec_p
08-06 20:56:18.261   804   804 I PackageParser: Skipping target and overlay pair android and /system/product/overlay/treble-overlay-infinix-note5.apk: overlay ignored due to required system property: ro.vendor.build.fingerprint with value: +Infinix/H633/Infinix-X604_sprout*
08-06 20:56:18.262   804   804 I PackageParser: Skipping target and overlay pair android and /system/product/overlay/treble-overlay-infinix-note7.apk: overlay ignored due to required system property: ro.vendor.build.fingerprint with value: +Infinix/X690B-GL/Infinix-X690B*
08-06 20:56:18.262   804   804 I PackageParser: Skipping target and overlay pair android and /system/product/overlay/treble-overlay-infinix-note8.apk: overlay ignored due to required system property: ro.vendor.build.fingerprint with value: +Infinix/X692-GL/Infinix-X692*
08-06 20:56:18.262  1024  1035 I audio_hw_parse: parse_vbc_route_device ctl off is NULL, device=codec_btsco_c
08-06 20:56:18.263   804   804 I PackageParser: Skipping target and overlay pair android and /system/product/overlay/treble-overlay-infinix-s4.apk: overlay ignored due to required system property: ro.vendor.build.fingerprint with value: +Infinix/H624/Infinix-X626*
08-06 20:56:18.263   804   804 I PackageParser: Skipping target and overlay pair android and /system/product/overlay/treble-overlay-infinix-zero6.apk: overlay ignored due to required system property: ro.vendor.build.fingerprint with value: +*Infinix/Q6361A/Infinix-X620*
08-06 20:56:18.265  1024  1035 W audio_hw_parse: parse_vbc_route_device ctl on is NULL, device=opened
08-06 20:56:18.265  1024  1035 I audio_hw_parse: parse_vbc_route_device ctl off is NULL, device=opened
08-06 20:56:18.266  1024  1035 I audio_hw_parse: parse_route_device vbc_iis
08-06 20:56:18.268   804   804 I PackageParser: Skipping target and overlay pair android and /system/product/overlay/treble-overlay-lenovo-k5pro.apk: overlay ignored due to required system property: ro.vendor.product.model with value: Lenovo L38041
08-06 20:56:18.268  1024  1035 I audio_hw_parse: parse_route_device vbc_pcm_dump
08-06 20:56:18.269   804   804 I PackageParser: Skipping target and overlay pair android and /system/product/overlay/treble-overlay-lenovo-s5.apk: overlay ignored due to required system property: ro.vendor.build.fingerprint with value: +Lenovo/seoul/seoul*
08-06 20:56:18.269  1024  1035 I audio_hw_parse: parse_route_device fbsmartamp
08-06 20:56:18.270   804   804 I PackageParser: Skipping target and overlay pair android and /system/product/overlay/treble-overlay-lenovo-s5pro.apk: overlay ignored due to required system property: ro.vendor.build.fingerprint with value: +Lenovo/sprout/sprout*
08-06 20:56:18.270   804   804 I PackageParser: Skipping target and overlay pair android and /system/product/overlay/treble-overlay-lenovo-z5.apk: overlay ignored due to required system property: ro.vendor.build.fingerprint with value: +Lenovo/jd2018*
08-06 20:56:18.271   804   804 I PackageParser: Skipping target and overlay pair android and /system/product/overlay/treble-overlay-lg-v40.apk: overlay ignored due to required system property: ro.vendor.build.fingerprint with value: +lge/judypn*
08-06 20:56:18.271   825   825 D WheelSensors:  open 'event3'
08-06 20:56:18.271   825   825 D WheelSensors:  get 'gpio-keys'
08-06 20:56:18.272   804   804 I PackageParser: Skipping target and overlay pair android and /system/product/overlay/treble-overlay-lg-velvet.apk: overlay ignored due to required system property: ro.vendor.build.fingerprint with value: +lge/caymanlm*
08-06 20:56:18.272   804   804 I PackageParser: Skipping target and overlay pair com.android.systemui and /system/product/overlay/treble-overlay-mbi-s10-systemui.apk: overlay ignored due to required system property: ro.vendor.build.fingerprint with value: +MBIPhone/S10*
08-06 20:56:18.273   804   804 I PackageParser: Skipping target and overlay pair android and /system/product/overlay/treble-overlay-mbi-s10.apk: overlay ignored due to required system property: ro.vendor.build.fingerprint with value: +MBIPhone/S10*
08-06 20:56:18.273  1033  1033 I RenderEngine: EGL information:
08-06 20:56:18.273  1033  1033 I RenderEngine: vendor    : Android
08-06 20:56:18.273  1033  1033 I RenderEngine: version   : 1.4 Android META-EGL
08-06 20:56:18.273  1033  1033 I RenderEngine: extensions: EGL_KHR_get_all_proc_addresses EGL_ANDROID_presentation_time EGL_KHR_swap_buffers_with_damage EGL_ANDROID_get_native_client_buffer EGL_ANDROID_front_buffer_auto_refresh EGL_ANDROID_get_frame_timestamps EGL_EXT_surface_SMPTE2086_metadata EGL_EXT_surface_CTA861_3_metadata EGL_KHR_image EGL_KHR_image_base EGL_KHR_gl_colorspace EGL_KHR_gl_texture_2D_image EGL_KHR_gl_texture_cubemap_image EGL_KHR_gl_renderbuffer_image EGL_KHR_fence_sync EGL_KHR_create_context EGL_KHR_surfaceless_context EGL_EXT_create_context_robustness EGL_ANDROID_image_native_buffer EGL_KHR_wait_sync EGL_ANDROID_recordable EGL_EXT_pixel_format_float EGL_KHR_mutable_render_buffer EGL_EXT_yuv_surface EGL_IMG_context_priority 
08-06 20:56:18.273  1033  1033 I RenderEngine: Client API: OpenGL_ES
08-06 20:56:18.273  1033  1033 I RenderEngine: EGLSurface: 8-8-8-8, config=0x1
08-06 20:56:18.273  1033  1033 E IMGSRV  : :0: pszForceFragmentShaderHighp = ddd temp sampler
08-06 20:56:18.273   804   804 I PackageParser: Skipping target and overlay pair com.android.systemui and /system/product/overlay/treble-overlay-meizu-m2181-systemui.apk: overlay ignored due to required system property: ro.vendor.build.fingerprint with value: +*eizu/meizu_18*
08-06 20:56:18.274   804   804 I PackageParser: Skipping target and overlay pair android and /system/product/overlay/treble-overlay-meizu-m2181.apk: overlay ignored due to required system property: ro.vendor.build.fingerprint with value: +*eizu/meizu_18*
08-06 20:56:18.276   793   793 I ServiceManager: Waiting for service 'SurfaceFlinger' on '/dev/binder'...
08-06 20:56:18.276   804   804 I PackageParser: Skipping target and overlay pair android and /system/product/overlay/treble-overlay-misc-aod.apk: overlay ignored due to required system property: persist.sys.overlay.aod with value: true
08-06 20:56:18.276   804   804 I PackageParser: Skipping target and overlay pair android and /system/product/overlay/treble-overlay-misc-dt2w.apk: overlay ignored due to required system property: persist.sys.overlay.dt2w with value: true
08-06 20:56:18.277   804   804 I PackageParser: Skipping target and overlay pair android and /system/product/overlay/treble-overlay-misc-minimal-brightness.apk: overlay ignored due to required system property: persist.sys.overlay.minimal_brightness with value: true
08-06 20:56:18.277   804   804 I PackageParser: Skipping target and overlay pair android and /system/product/overlay/treble-overlay-moto-e5.apk: overlay ignored due to required system property: ro.vendor.product.name with value: nora_row
08-06 20:56:18.278   804   804 I PackageParser: Skipping target and overlay pair android and /system/product/overlay/treble-overlay-moto-e5plus.apk: overlay ignored due to required system property: ro.vendor.product.name with value: +*hannah_retail
08-06 20:56:18.278  1024  1035 W audio_hw_parse: parse_pcm_config find failed string:deep_buffer
08-06 20:56:18.278   804   804 I PackageParser: Skipping target and overlay pair android and /system/product/overlay/treble-overlay-moto-g6.apk: overlay ignored due to required system property: ro.vendor.product.name with value: ali_retail
08-06 20:56:18.278   804   804 I PackageParser: Skipping target and overlay pair android and /system/product/overlay/treble-overlay-moto-g6play.apk: overlay ignored due to required system property: ro.vendor.product.name with value: +*jeter*
08-06 20:56:18.279   804   804 I PackageParser: Skipping target and overlay pair android and /system/product/overlay/treble-overlay-moto-g6plus.apk: overlay ignored due to required system property: ro.vendor.product.name with value: evert_retail
08-06 20:56:18.279  1024  1035 E audio_hw_parse: Open [Inter HP PA Config] Failed
08-06 20:56:18.279   804   804 I PackageParser: Skipping target and overlay pair android and /system/product/overlay/treble-overlay-moto-g7play.apk: overlay ignored due to required system property: ro.vendor.product.device with value: channel
08-06 20:56:18.279  1024  1035 I audio_hw_dsp: dsp_ctrl_open
08-06 20:56:18.280   804   804 I PackageParser: Skipping target and overlay pair android and /system/product/overlay/treble-overlay-moto-g7power.apk: overlay ignored due to required system property: ro.vendor.product.device with value: ocean
08-06 20:56:18.280  1024  1035 I audio_hw_dsp: dsp_set_memlog  ret: 0
08-06 20:56:18.280  1024  1035 I audio_hw_dsp: dsp_ctrl_notify_dspdump notify ret: 0
08-06 20:56:18.280  1024  1035 I audio_hw_dsp: dsp_ctrl_notify_dspdump notify ret: 0
08-06 20:56:18.280  1024  1035 I audio_hw_control: clear_playback_param_state
08-06 20:56:18.280  1024  1035 I audio_hw_control: clear_fm_param_state_unlock
08-06 20:56:18.280  1024  1035 I audio_hw_control: clear_voice_param_state
08-06 20:56:18.280  1024  1035 I audio_hw_control: clear_record_param_state
08-06 20:56:18.280   804   804 I PackageParser: Skipping target and overlay pair android and /system/product/overlay/treble-overlay-moto-g8.apk: overlay ignored due to required system property: ro.vendor.build.fingerprint with value: +*otorola/rav*
08-06 20:56:18.281   804   804 I PackageParser: Skipping target and overlay pair android and /system/product/overlay/treble-overlay-moto-g8plus.apk: overlay ignored due to required system property: ro.product.vendor.name with value: +*doha_*
08-06 20:56:18.281  1024  1035 I audio_hw_SmartAmp: init_smartamp access:/mnt/vendor/audio/AudioSmartApm failed
08-06 20:56:18.281  1024  1035 I audio_hw_param: profile:0 etc:/vendor/etc/audio_params/sprd/dsp_vbc.xml:/vendor/etc/audio_params/sprd/dsp_vbc data:/data/vendor/local/media/audio_params/dsp_vbc.xml:/data/vendor/local/media/audio_params/dsp_vbc
08-06 20:56:18.281  1024  1035 I audio_hw_param: profile:1 etc:/vendor/etc/audio_params/sprd/audio_structure.xml:/vendor/etc/audio_params/sprd/audio_structure data:/data/vendor/local/media/audio_params/audio_structure.xml:/data/vendor/local/media/audio_params/audio_structure
08-06 20:56:18.281  1024  1035 I audio_hw_param: profile:2 etc:/vendor/etc/audio_params/sprd/cvs.xml:/vendor/etc/audio_params/sprd/cvs data:/data/vendor/local/media/audio_params/cvs.xml:/data/vendor/local/media/audio_params/cvs
08-06 20:56:18.281  1024  1035 I audio_hw_param: profile:3 etc:/vendor/etc/audio_params/sprd/audio_pga.xml:(null) data:/data/vendor/local/media/audio_params/audio_pga.xml:(null)
08-06 20:56:18.281  1024  1035 I audio_hw_param: profile:4 etc:/vendor/etc/audio_params/sprd/codec.xml:/vendor/etc/audio_params/sprd/codec data:/data/vendor/local/media/audio_params/codec.xml:/data/vendor/local/media/audio_params/codec
08-06 20:56:18.281  1024  1035 I audio_hw_param: profile:5 etc:/vendor/etc/audio_params/sprd/audio_process.xml:/vendor/etc/audio_params/sprd/audio_process data:/data/vendor/local/media/audio_params/audio_process.xml:/data/vendor/local/media/audio_params/audio_process
08-06 20:56:18.281  1024  1035 I audio_hw_param: profile:6 etc:/vendor/etc/audio_params/sprd/dsp_smartamp.xml:/vendor/etc/audio_params/sprd/dsp_smartamp data:/data/vendor/local/media/audio_params/dsp_smartamp.xml:/data/vendor/local/media/audio_params/dsp_smartamp
08-06 20:56:18.281  1024  1035 I audio_hw_SmartAmp: set_smartamp_support_usecase enter usecase:0 mode:0
08-06 20:56:18.281   804   804 I PackageParser: Skipping target and overlay pair android and /system/product/overlay/treble-overlay-moto-g8power.apk: overlay ignored due to required system property: ro.product.vendor.name with value: +*sofia*
08-06 20:56:18.281  1024  1035 I audio_hw_SmartAmp: set_smartamp_support_usecase usecase:0 support mode:0
08-06 20:56:18.281  1024  1035 I audio_hw_param: init_audioparam_filename audioparaminfor etc:/vendor/etc/audio_params/sprd/audio_param_infor
08-06 20:56:18.282  1024  1035 I audio_hw_control: init_audio_param Create audio_param_thread:4
08-06 20:56:18.282   804   804 I PackageParser: Skipping target and overlay pair android and /system/product/overlay/treble-overlay-moto-one-action.apk: overlay ignored due to required system property: ro.product.vendor.device with value: troika_sprout
08-06 20:56:18.282  1024  1035 I audio_hw_control: init_audio_param Create audio_param_thread:4 success
08-06 20:56:18.282  1024  1035 I audio_hw_control: init_audio_param Create audio_param_thread:3
08-06 20:56:18.282  1024  1035 I audio_hw_control: init_audio_param Create audio_param_thread:3 success
08-06 20:56:18.282  1024  1035 I audio_hw_control: init_audio_param Create audio_param_thread:5
08-06 20:56:18.282   804   804 I PackageParser: Skipping target and overlay pair android and /system/product/overlay/treble-overlay-moto-one.apk: overlay ignored due to required system property: ro.vendor.product.name with value: deen
08-06 20:56:18.282  1024  1035 I audio_hw_control: init_audio_param Create audio_param_thread:5 success
08-06 20:56:18.282  1024  1035 I audio_hw_control: init_audio_param Create audio_param_thread:0
08-06 20:56:18.282  1024  1035 I audio_hw_control: init_audio_param Create audio_param_thread:0 success
08-06 20:56:18.282  1024  1035 I audio_hw_control: init_audio_param Create audio_param_thread:2
08-06 20:56:18.283  1024  1035 I audio_hw_control: init_audio_param Create audio_param_thread:2 success
08-06 20:56:18.283  1024  1035 I audio_hw_control: init_audio_param Create audio_param_thread:1
08-06 20:56:18.283   804   804 I PackageParser: Skipping target and overlay pair android and /system/product/overlay/treble-overlay-moto-onehyper.apk: overlay ignored due to required system property: ro.product.vendor.name with value: +*def_*
08-06 20:56:18.283  1024  1035 I audio_hw_control: init_audio_param Create audio_param_thread:1 success
08-06 20:56:18.283  1024  1035 I audio_hw_control: init_audio_param Create audio_param_thread:6
08-06 20:56:18.283  1024  1035 I audio_hw_control: init_audio_param Create audio_param_thread:6 success
08-06 20:56:18.283   804   804 I PackageParser: Skipping target and overlay pair android and /system/product/overlay/treble-overlay-moto-razr.apk: overlay ignored due to required system property: ro.vendor.product.name with value: +*olson_retail
08-06 20:56:18.284   804   804 I PackageParser: Skipping target and overlay pair android and /system/product/overlay/treble-overlay-mtk-ims.apk: overlay ignored due to required system property: persist.sys.phh.ims.mtk with value: true
08-06 20:56:18.284  1024  1035 I audio_hw_ext_control: create_audio_pipe set audio fifo mode
08-06 20:56:18.284  1024  1035 I audio_hw_ext_control: Check pipe mode try:4
08-06 20:56:18.284   804   804 I PackageParser: Skipping target and overlay pair android and /system/product/overlay/treble-overlay-nokia-b2n-7plus.apk: overlay ignored due to required system property: ro.vendor.build.fingerprint with value: +Nokia/Onyx*
08-06 20:56:18.284  1024  1035 I audio_hw_ext_control: create_audio_pipe pipe mode check success:0x11b6
08-06 20:56:18.285  1024  1035 I audio_hw_ext_control: create_audio_pipe set audio fifo mode
08-06 20:56:18.285  1024  1035 I audio_hw_ext_control: Check pipe mode try:4
08-06 20:56:18.285  1024  1035 I audio_hw_ext_control: create_audio_pipe pipe mode check success:0x11b6
08-06 20:56:18.285  1024  1035 I audio_hw_monitor: modem_monitor_open,pthread_create ok, rc=0x0
08-06 20:56:18.285  1024  1035 I audio_hw_dsp_loop: audio_dsp_loop_open out:0xe8d43a10
08-06 20:56:18.285  1024  1035 I audio_hw_primary: audio_add_output type:8 out:0xe8d43a10
08-06 20:56:18.285  1024  1035 I audio_hw_dsp_loop: audio_dsp_loop_open success
08-06 20:56:18.285  1024  1035 I audio_hw_primary: audio_add_output type:2 out:0xe8d44c30
08-06 20:56:18.285  1024  1035 I audio_hw_primary: audio_add_output type:3 out:0xe8d458e0
08-06 20:56:18.285  1024  1035 I audio_hw_primary: adev_open get sysinfo, uptime:49
08-06 20:56:18.285  1024  1035 I audio_hw_primary: create_bootup_timer ,in
08-06 20:56:18.285  1024  1035 I audio_hw_primary: create_bootup_timer ,out
08-06 20:56:18.285  1024  1035 I audio_hw_primary: adev_open success primary_dev_count 1
08-06 20:56:18.286   804   804 I PackageParser: Skipping target and overlay pair android and /system/product/overlay/treble-overlay-nokia-ctl-7-1.apk: overlay ignored due to required system property: ro.vendor.build.fingerprint with value: +Nokia/Crystal*
08-06 20:56:18.286   226   226 I hwservicemanager: getTransport: Cannot find entry android.hardware.graphics.mapper@4.0::IMapper/default in either framework or device manifest.
08-06 20:56:18.286  1033  1033 I Gralloc4: mapper 4.x is not supported
08-06 20:56:18.286  1024  1035 I audio_hw_primary: adev_init_check
08-06 20:56:18.286   226   226 I hwservicemanager: getTransport: Cannot find entry android.hardware.graphics.mapper@3.0::IMapper/default in either framework or device manifest.
08-06 20:56:18.287  1033  1033 W Gralloc3: mapper 3.x is not supported
08-06 20:56:18.287  1024  1035 W DeviceHAL: Error from HAL Device in function set_master_volume: Function not implemented
08-06 20:56:18.287  1024  1035 I audio_hw_primary: adev_set_mode:0 adev mode:0
08-06 20:56:18.287   804   804 I PackageParser: Skipping target and overlay pair android and /system/product/overlay/treble-overlay-nokia-drg-6.1plus-x6.apk: overlay ignored due to required system property: ro.vendor.build.fingerprint with value: +Nokia/Dragon*
08-06 20:56:18.287  1030  1030 I AudioFlinger: loadHwModule() Loaded primary audio interface, handle 10
08-06 20:56:18.287  1030  1030 I AudioFlinger: openOutput() this 0x72ada129c0, module 10 Device type:0x2,@:, SamplingRate 48000, Format 0x000001, Channels 0x3, flags 0x2
08-06 20:56:18.287  1024  1059 I audio_hw_control: audio_param_thread profile:6 Enter
08-06 20:56:18.288   816   837 I ServiceManager: Waiting for service 'package_native' on '/dev/binder'...
08-06 20:56:18.288   804   804 I PackageParser: Skipping target and overlay pair android and /system/product/overlay/treble-overlay-nokia-nokia_4_2.apk: overlay ignored due to required system property: ro.vendor.build.fingerprint with value: +Nokia/Panther_00WW/PAN_sprout*
08-06 20:56:18.288   825   825 D WheelSensors:  open 'event4'
08-06 20:56:18.288  1024  1059 I audio_hw_param: load_audio_param profile:6 is_tunning:0
08-06 20:56:18.288   825   825 D WheelSensors:  get 'sprdphone-sc2730 Headset Jack'
08-06 20:56:18.288  1024  1059 I audio_hw_param: open_audio_param_file:/vendor/etc/audio_params/sprd/dsp_smartamp.xml
08-06 20:56:18.289  1024  1035 I audio_hw_primary: adev_open_output_stream, devices = 0x2 flags:0x2 rate:48000
08-06 20:56:18.289  1024  1035 I audio_hw_primary: adev_open_output_stream out:0xe8d45c80
08-06 20:56:18.289   804   804 I PackageParser: Skipping target and overlay pair android and /system/product/overlay/treble-overlay-nokia-pda_sprout-5.1plus-x5.apk: overlay ignored due to required system property: ro.vendor.build.fingerprint with value: +Nokia/Panda_00WW*
08-06 20:56:18.289  1024  1055 I audio_hw_control: audio_param_thread profile:5 Enter
08-06 20:56:18.289  1024  1055 I audio_hw_param: load_audio_param profile:5 is_tunning:0
08-06 20:56:18.289  1024  1055 I audio_hw_param: load_audio_param audio_process
08-06 20:56:18.289  1024  1055 I audio_hw_param: init_ap_audio_param data is null failed
08-06 20:56:18.289  1024  1055 I audio_hw_param: init_sprd_xml enter
08-06 20:56:18.289  1024  1055 I audio_hw_param: init_sprd_xml:/vendor/etc/audio_params/sprd/audio_process.xml
08-06 20:56:18.289  1024  1056 I audio_hw_control: audio_param_thread profile:0 Enter
08-06 20:56:18.289  1024  1056 I audio_hw_param: load_audio_param profile:0 is_tunning:0
08-06 20:56:18.289  1024  1056 I audio_hw_param: open_audio_param_file:/vendor/etc/audio_params/sprd/dsp_vbc.xml
08-06 20:56:18.289  1024  1054 I audio_hw_control: audio_param_thread profile:3 Enter
08-06 20:56:18.289  1024  1054 I audio_hw_param: load_audio_param profile:3 is_tunning:0
08-06 20:56:18.289  1024  1054 I audio_hw_param: init_sprd_xml enter
08-06 20:56:18.289  1024  1054 I audio_hw_param: init_sprd_xml:/vendor/etc/audio_params/sprd/audio_pga.xml
08-06 20:56:18.290  1024  1053 I audio_hw_control: audio_param_thread profile:4 Enter
08-06 20:56:18.290  1024  1053 I audio_hw_param: load_audio_param profile:4 is_tunning:0
08-06 20:56:18.290  1024  1053 I audio_hw_param: open_audio_param_file:/vendor/etc/audio_params/sprd/codec.xml
08-06 20:56:18.290  1024  1057 I audio_hw_control: audio_param_thread profile:2 Enter
08-06 20:56:18.290  1024  1057 I audio_hw_param: load_audio_param profile:2 is_tunning:0
08-06 20:56:18.290  1024  1057 I audio_hw_param: open_audio_param_file:/vendor/etc/audio_params/sprd/cvs.xml
08-06 20:56:18.290  1024  1051 I audio_hw_dsp: peter: pthread_setschedparam dsp_ctrl_tx_thread_routine ret 1
08-06 20:56:18.290  1024  1051 I audio_hw_dsp: dsp_ctrl_tx_thread_routine wait begin
08-06 20:56:18.290   804   804 I PackageParser: Skipping target and overlay pair android and /system/product/overlay/treble-overlay-nokia-pl2-6.1.apk: overlay ignored due to required system property: ro.vendor.build.fingerprint with value: +Nokia/Plate2*
08-06 20:56:18.289  1024  1058 I audio_hw_control: audio_param_thread profile:1 Enter
08-06 20:56:18.291  1024  1058 I audio_hw_param: load_audio_param profile:1 is_tunning:0
08-06 20:56:18.291  1024  1058 I audio_hw_param: open_audio_param_file:/vendor/etc/audio_params/sprd/audio_structure.xml
08-06 20:56:18.291   804   804 I PackageParser: Skipping target and overlay pair android and /system/product/overlay/treble-overlay-nokia-pnx-8.1-x7.apk: overlay ignored due to required system property: ro.vendor.build.fingerprint with value: +Nokia/Phoenix*
08-06 20:56:18.292   733   738 D MODEMD  : modemd_listenaccept_thread: accept client n=12
08-06 20:56:18.292   733   738 D MODEMD  : modemd_listenaccept_thread: fill12 to client[3]
08-06 20:56:18.292   733   738 D MODEMD  : modemd_listenaccept_thread: Waiting for new connect ...
08-06 20:56:18.292   733   740 D MODEMD  : modemd_listen_read_thread: after  select n = 1
08-06 20:56:18.292   733   740 D MODEMD  : modemd_listen_read_thread: client cnct to modemd num = 1, buf = 0
08-06 20:56:18.292   733   740 D MODEMD  : modemd_listen_read_thread: begin select
08-06 20:56:18.292   804   804 I PackageParser: Skipping target and overlay pair android and /system/product/overlay/treble-overlay-nubia-z18mini.apk: overlay ignored due to required system property: ro.vendor.build.fingerprint with value: +*ubia/NX611J*
08-06 20:56:18.293   804   804 I PackageParser: Skipping target and overlay pair com.android.systemui and /system/product/overlay/treble-overlay-oneplus-n200-systemui.apk: overlay ignored due to required system property: ro.vendor.build.fingerprint with value: +OnePlus/OnePlusN200*
08-06 20:56:18.293  1024  1061 I audio_hw_ext_control: begin to receive audio control message
08-06 20:56:18.294   804   804 I PackageParser: Skipping target and overlay pair android and /system/product/overlay/treble-overlay-oneplus-n200.apk: overlay ignored due to required system property: ro.vendor.build.fingerprint with value: +OnePlus/OnePlusN200*
08-06 20:56:18.294   804   804 I PackageParser: Skipping target and overlay pair android and /system/product/overlay/treble-overlay-oneplus-op6.apk: overlay ignored due to required system property: ro.vendor.build.fingerprint with value: +OnePlus/OnePlus6/OnePlus6*
08-06 20:56:18.295   804   804 I PackageParser: Skipping target and overlay pair android and /system/product/overlay/treble-overlay-oneplus-op6t.apk: overlay ignored due to required system property: ro.vendor.build.fingerprint with value: +OnePlus/OnePlus6T/OnePlus6T*
08-06 20:56:18.295   804   804 I PackageParser: Skipping target and overlay pair com.android.systemui and /system/product/overlay/treble-overlay-oppo-peqm00-systemui.apk: overlay ignored due to required system property: ro.vendor.product.oem with value: PEQM00
08-06 20:56:18.296   813   813 I ServiceManager: Waiting for service 'package_native' on '/dev/binder'...
08-06 20:56:18.297  1024  1052 I audio_hw_dsp: dsp_ctrl_modemd_notify_thread_routine exit,dsp_ctl->fd_modemd_notify 22
08-06 20:56:18.297  1024  1035 I audio_hw_primary: adev_open_output_stream pcm config:48000 960 960
08-06 20:56:18.297  1024  1035 I audio_hw_primary: audio_add_output type:0 out:0xe8d45c80
08-06 20:56:18.297  1024  1035 I audio_hw_bbat: audio_endpoint_test_init 1520 0xe8d45c80
08-06 20:56:18.297  1024  1035 I audio_hw_primary: adev_open_output_stream Successful audio_app_type:0 out:0xe8d45c80
08-06 20:56:18.297  1024  1062 I audio_hw_monitor: modem_monitor_routine in
08-06 20:56:18.297  1024  1062 I audio_hw_monitor: modem_monitor_routine line:97 maxfd:24 wait
08-06 20:56:18.298   733   738 D MODEMD  : modemd_listenaccept_thread: accept client n=13
08-06 20:56:18.298   733   738 D MODEMD  : modemd_listenaccept_thread: fill13 to client[4]
08-06 20:56:18.298   733   738 D MODEMD  : modemd_listenaccept_thread: Waiting for new connect ...
08-06 20:56:18.298   733   740 D MODEMD  : modemd_listen_read_thread: after  select n = 1
08-06 20:56:18.298   733   740 D MODEMD  : modemd_listen_read_thread: client cnct to modemd num = 1, buf = 0
08-06 20:56:18.298   733   740 D MODEMD  : modemd_listen_read_thread: begin select
08-06 20:56:18.300  1030  1030 I AudioFlinger: HAL output buffer size 960 frames, normal sink buffer size 960 frames
08-06 20:56:18.301   226   226 I hwservicemanager: getTransport: Cannot find entry android.hardware.audio.effect@6.0::IEffectsFactory/default in either framework or device manifest.
08-06 20:56:18.301   226   226 I hwservicemanager: getTransport: Cannot find entry android.hardware.audio.effect@5.0::IEffectsFactory/default in either framework or device manifest.
08-06 20:56:18.302   804   804 I PackageParser: Skipping target and overlay pair android and /system/product/overlay/treble-overlay-oppo-peqm00.apk: overlay ignored due to required system property: ro.vendor.product.oem with value: PEQM00
08-06 20:56:18.304   804   804 I PackageParser: Skipping target and overlay pair android and /system/product/overlay/treble-overlay-oukitel-wp8pro.apk: overlay ignored due to required system property: ro.vendor.build.fingerprint with value: +OUKITEL/WP8_Pro*
08-06 20:56:18.305   804   804 I PackageParser: Skipping target and overlay pair android and /system/product/overlay/treble-overlay-razer-cheryl.apk: overlay ignored due to required system property: ro.vendor.build.fingerprint with value: +razer/cheryl/cheryl*
08-06 20:56:18.306   804   804 I PackageParser: Skipping target and overlay pair android and /system/product/overlay/treble-overlay-realme-6.apk: overlay ignored due to required system property: ro.build.overlay.deviceid with value: +RMX2001
08-06 20:56:18.306   804   804 I PackageParser: Skipping target and overlay pair android and /system/product/overlay/treble-overlay-realme-6i.apk: overlay ignored due to required system property: ro.build.overlay.deviceid with value: +RMX2002
08-06 20:56:18.307   804   804 I PackageParser: Skipping target and overlay pair android and /system/product/overlay/treble-overlay-realme-c2.apk: overlay ignored due to required system property: ro.product.vendor.model with value: +RMX194*
08-06 20:56:18.307   804   804 I PackageParser: Skipping target and overlay pair android and /system/product/overlay/treble-overlay-realme-c3.apk: overlay ignored due to required system property: ro.build.overlay.deviceid with value: +RMX2027
08-06 20:56:18.308   804   804 I PackageParser: Skipping target and overlay pair android and /system/product/overlay/treble-overlay-realme-narzo10a.apk: overlay ignored due to required system property: ro.build.overlay.deviceid with value: +RMX2020
08-06 20:56:18.308   804   804 I PackageParser: Skipping target and overlay pair android and /system/product/overlay/treble-overlay-realme-x2pro.apk: overlay ignored due to required system property: ro.build.overlay.deviceid with value: +RMX1931*
08-06 20:56:18.309   804   804 I PackageParser: Skipping target and overlay pair android and /system/product/overlay/treble-overlay-samsung-S10pq.apk: overlay ignored due to required system property: ro.vendor.build.fingerprint with value: +*samsung/beyond2qlte*
08-06 20:56:18.310   804   804 I PackageParser: Skipping target and overlay pair android and /system/product/overlay/treble-overlay-samsung-S10q.apk: overlay ignored due to required system property: ro.vendor.build.fingerprint with value: +*samsung/beyond1qlte*
08-06 20:56:18.310   226   226 I hwservicemanager: getTransport: Cannot find entry android.hardware.graphics.allocator@4.0::IAllocator/default in either framework or device manifest.
08-06 20:56:18.310  1033  1033 W Gralloc4: allocator 3.x is not supported
08-06 20:56:18.311   226   226 I hwservicemanager: getTransport: Cannot find entry android.hardware.graphics.allocator@3.0::IAllocator/default in either framework or device manifest.
08-06 20:56:18.311   804   804 I PackageParser: Skipping target and overlay pair android and /system/product/overlay/treble-overlay-samsung-a30.apk: overlay ignored due to required system property: ro.vendor.build.fingerprint with value: +*samsung/a30*
08-06 20:56:18.311  1033  1033 W Gralloc3: allocator 3.x is not supported
08-06 20:56:18.311   804   804 I PackageParser: Skipping target and overlay pair android and /system/product/overlay/treble-overlay-samsung-a40.apk: overlay ignored due to required system property: ro.vendor.build.fingerprint with value: +*amsung/a40*
08-06 20:56:18.312   804   804 I PackageParser: Skipping target and overlay pair android and /system/product/overlay/treble-overlay-samsung-a50.apk: overlay ignored due to required system property: ro.vendor.build.fingerprint with value: +*samsung/a50*
08-06 20:56:18.313   804   804 I PackageParser: Skipping target and overlay pair android and /system/product/overlay/treble-overlay-samsung-a51.apk: overlay ignored due to required system property: ro.vendor.build.fingerprint with value: +*samsung/a51*
08-06 20:56:18.314   804   804 I PackageParser: Skipping target and overlay pair android and /system/product/overlay/treble-overlay-samsung-a51x.apk: overlay ignored due to required system property: ro.vendor.build.fingerprint with value: +*amsung/a51x*
08-06 20:56:18.314   684   764 D android.hardware.graphics.allocator@2.0-service: GBuffer--------------(*format)=1
08-06 20:56:18.314   684   764 D android.hardware.graphics.allocator@2.0-service: Gralloc alloc start  w:1, h:1, f:0x1, usage:0x300, line = 1511
08-06 20:56:18.314   804   804 I PackageParser: Skipping target and overlay pair android and /system/product/overlay/treble-overlay-samsung-a60q.apk: overlay ignored due to required system property: ro.vendor.build.fingerprint with value: +*amsung/a60q*
08-06 20:56:18.315   684   764 D android.hardware.graphics.allocator@2.0-service: Gralloc Alloc end  w:1, h:1, f:0x1, usage:0x300, handle:0x27871770, ui64Stamp:121, sSize:4096, line = 1877
08-06 20:56:18.315   684   764 D android.hardware.graphics.allocator@2.0-service: Gralloc Free  w:1, h:1, f:0x1, usage:0x300, ui64Stamp:121 line = 2210
08-06 20:56:18.315  1033  1033 D surfaceflinger: Gralloc Register  w:1, h:1, f:0x1, usage:0x300, ui64Stamp:121, sSize:4096, line = 2104
08-06 20:56:18.315   804   804 I PackageParser: Skipping target and overlay pair android and /system/product/overlay/treble-overlay-samsung-a7.apk: overlay ignored due to required system property: ro.vendor.build.fingerprint with value: +*samsung/a7y18*
08-06 20:56:18.316  1033  1033 I RenderEngine: OpenGL ES informations:
08-06 20:56:18.316  1033  1033 I RenderEngine: vendor    : Imagination Technologies
08-06 20:56:18.316  1033  1033 I RenderEngine: renderer  : PowerVR Rogue GE8300
08-06 20:56:18.316  1033  1033 I RenderEngine: version   : OpenGL ES 3.2 build 1.10@5307123
08-06 20:56:18.316  1033  1033 I RenderEngine: extensions: GL_EXT_debug_marker GL_ANDROID_extension_pack_es31a GL_EXT_blend_minmax GL_EXT_buffer_storage GL_EXT_clear_texture GL_EXT_clip_control GL_EXT_color_buffer_float GL_EXT_conservative_depth GL_EXT_copy_image GL_EXT_discard_framebuffer GL_EXT_draw_buffers GL_EXT_draw_buffers_indexed GL_EXT_draw_elements_base_vertex GL_EXT_EGL_image_array GL_EXT_external_buffer GL_EXT_float_blend GL_EXT_geometry_point_size GL_EXT_geometry_shader GL_EXT_gpu_shader5 GL_EXT_memory_object GL_EXT_memory_object_fd GL_EXT_multi_draw_arrays GL_EXT_multisampled_render_to_texture GL_EXT_multisampled_render_to_texture2 GL_EXT_occlusion_query_boolean GL_EXT_polygon_offset_clamp GL_EXT_primitive_bounding_box GL_EXT_pvrtc_sRGB GL_EXT_read_format_bgra GL_EXT_robustness GL_EXT_separate_shader_objects GL_EXT_shader_framebuffer_fetch GL_EXT_shader_group_vote GL_EXT_shader_implicit_conversions GL_EXT_shader_io_blocks GL_EXT_shader_non_constant_global_initializers GL_EXT_shader_pixel_local_storage GL_EXT_shader_pixel_local_storage2 GL_EX
08-06 20:56:18.316  1033  1033 I RenderEngine: GL_MAX_TEXTURE_SIZE = 4096
08-06 20:56:18.316  1033  1033 I RenderEngine: GL_MAX_VIEWPORT_DIMS = 4096
08-06 20:56:18.316   804   804 I PackageParser: Skipping target and overlay pair android and /system/product/overlay/treble-overlay-samsung-a70.apk: overlay ignored due to required system property: ro.vendor.build.fingerprint with value: +*samsung/a70*
08-06 20:56:18.317   804   804 I PackageParser: Skipping target and overlay pair android and /system/product/overlay/treble-overlay-samsung-a80.apk: overlay ignored due to required system property: ro.vendor.build.fingerprint with value: +*samsung/a80*
08-06 20:56:18.317   804   804 I PackageParser: Skipping target and overlay pair android and /system/product/overlay/treble-overlay-samsung-gta3xl.apk: overlay ignored due to required system property: ro.vendor.build.fingerprint with value: +*amsung/gta3xl*
08-06 20:56:18.318   804   804 I PackageParser: Skipping target and overlay pair android and /system/product/overlay/treble-overlay-samsung-j6.apk: overlay ignored due to required system property: ro.vendor.build.fingerprint with value: +*samsung/j6lte
08-06 20:56:18.319   804   804 I PackageParser: Skipping target and overlay pair android and /system/product/overlay/treble-overlay-samsung-n9q.apk: overlay ignored due to required system property: ro.vendor.build.fingerprint with value: +*amsung/crownqlte*
08-06 20:56:18.319   825   825 D WheelSensors:  open 'event0'
08-06 20:56:18.319   825   825 D WheelSensors:  get 'sc27xx:vibrator'
08-06 20:56:18.320   804   804 I PackageParser: Skipping target and overlay pair android and /system/product/overlay/treble-overlay-samsung-s10e.apk: overlay ignored due to required system property: ro.vendor.build.fingerprint with value: +*amsung/beyond0*lte*
08-06 20:56:18.320   804   804 I PackageParser: Skipping target and overlay pair android and /system/product/overlay/treble-overlay-samsung-s9pq.apk: overlay ignored due to required system property: ro.vendor.build.fingerprint with value: +*amsung/star2qlte*
08-06 20:56:18.321   804   804 I PackageParser: Skipping target and overlay pair android and /system/product/overlay/treble-overlay-samsung-s9q.apk: overlay ignored due to required system property: ro.vendor.build.fingerprint with value: +*amsung/starqlte*
08-06 20:56:18.322   804   804 I PackageParser: Skipping target and overlay pair android and /system/product/overlay/treble-overlay-sec-ims.apk: overlay ignored due to required system property: persist.sys.phh.ims.sec with value: true
08-06 20:56:18.322   823   823 I ServiceManager: Waiting for service 'package_native' on '/dev/binder'...
08-06 20:56:18.322   804   804 I PackageParser: Skipping target and overlay pair android and /system/product/overlay/treble-overlay-sharp-s2.apk: overlay ignored due to required system property: ro.product.board with value: SAT
08-06 20:56:18.322   804   804 I PackageParser: Skipping target and overlay pair android and /system/product/overlay/treble-overlay-sony-XZ3.apk: overlay ignored due to required system property: ro.vendor.build.fingerprint with value: +Sony/H94*
08-06 20:56:18.323   804   804 I PackageParser: Skipping target and overlay pair android and /system/product/overlay/treble-overlay-sprd-ims.apk: overlay ignored due to required system property: persist.sys.phh.ims.sprd with value: true
08-06 20:56:18.323   804   804 I PackageParser: Skipping target and overlay pair android and /system/product/overlay/treble-overlay-teclast-m30.apk: overlay ignored due to required system property: ro.vendor.build.fingerprint with value: +NODROPOUT/T25*
08-06 20:56:18.324   804   804 I PackageParser: Skipping target and overlay pair android and /system/product/overlay/treble-overlay-teclast-t30.apk: overlay ignored due to required system property: ro.vendor.build.fingerprint with value: +alps/full_tb8788p1_64_bsp*
08-06 20:56:18.324   804   804 I PackageParser: Skipping target and overlay pair android and /system/product/overlay/treble-overlay-tecno-camon11.apk: overlay ignored due to required system property: ro.vendor.build.fingerprint with value: +TECNO/H399*
08-06 20:56:18.325   804   804 I PackageParser: Skipping target and overlay pair android and /system/product/overlay/treble-overlay-teracube-2e.apk: overlay ignored due to required system property: ro.vendor.build.fingerprint with value: +Teracube/Teracube_2e*
08-06 20:56:18.325  1033  1033 E HWComposer: loadLayerMetadataSupport: getLayerGenericMetadataKeys failed: UNSUPPORTED (8)
08-06 20:56:18.325   804   804 I PackageParser: Skipping target and overlay pair android and /system/product/overlay/treble-overlay-teracube-v7101o.apk: overlay ignored due to required system property: ro.vendor.build.fingerprint with value: +Teracube/Teracube_One*
08-06 20:56:18.326   686   686 E SPRDHWComposer: SprdPrimaryDisplayDevice::HotplugCallback count: 1
08-06 20:56:18.326  1033  1033 I HWComposer: Switching to legacy multi-display mode
08-06 20:56:18.326  1033  1033 E HWComposer: isConnected failed for display 0: Invalid display
08-06 20:56:18.326   804   804 I PackageParser: Skipping target and overlay pair android and /system/product/overlay/treble-overlay-umidigi-A3S.apk: overlay ignored due to required system property: ro.vendor.build.fingerprint with value: +UMIDIGI/A3S/A3S*
08-06 20:56:18.326   686   686 D SPRDHWComposer: SPRD_SR SprdHWComposer2::GET_DISPLAY_CONFIGS, PRIMARYDISPLAY, *outNumConfigs:1,
08-06 20:56:18.327   804   804 I PackageParser: Skipping target and overlay pair android and /system/product/overlay/treble-overlay-umidigi-power.apk: overlay ignored due to required system property: ro.vendor.build.fingerprint with value: +UMIDIGI/Power/Power*
08-06 20:56:18.327   804   804 I PackageParser: Skipping target and overlay pair android and /system/product/overlay/treble-overlay-unihertz-jelly2.apk: overlay ignored due to required system property: ro.vendor.build.fingerprint with value: +Unihertz/Jelly2*
08-06 20:56:18.327   686   686 E SPRDHWComposer: GET_DISPLAY_ATTRIBUTE not support attribute: 7
08-06 20:56:18.327  1033  1033 E HWC2    : getDisplayAttribute(527743539344, 0, Unknown) failed: BadParameter (4)
08-06 20:56:18.328   804   804 I PackageParser: Skipping target and overlay pair android and /system/product/overlay/treble-overlay-vsmart-live.apk: overlay ignored due to required system property: ro.vendor.build.fingerprint with value: +vsmart/V620A_open*
08-06 20:56:18.328   804   804 I PackageParser: Skipping target and overlay pair android and /system/product/overlay/treble-overlay-wifi5g.apk: overlay ignored due to required system property: persist.sys.overlay.wifi5g with value: true
08-06 20:56:18.329   804   804 I PackageParser: Skipping target and overlay pair android and /system/product/overlay/treble-overlay-xiaomi-mi11lite5g.apk: overlay ignored due to required system property: ro.vendor.build.fingerprint with value: +*iaomi/renoir*
08-06 20:56:18.330  1033  1068 W SurfaceFlinger: Ignoring VSYNC request while display is disconnected
08-06 20:56:18.330   804   804 I PackageParser: Skipping target and overlay pair android and /system/product/overlay/treble-overlay-xiaomi-mi6x.apk: overlay ignored due to required system property: ro.vendor.build.fingerprint with value: +*iaomi/wayne*
08-06 20:56:18.330   804   804 I PackageParser: Skipping target and overlay pair android and /system/product/overlay/treble-overlay-xiaomi-mi8.apk: overlay ignored due to required system property: ro.vendor.build.fingerprint with value: +Xiaomi/dipper*
08-06 20:56:18.330  1033  1068 W SurfaceFlinger: Ignoring VSYNC request while display is disconnected
08-06 20:56:18.330  1033  1069 W SurfaceFlinger: Ignoring VSYNC request while display is disconnected
08-06 20:56:18.331  1033  1069 W SurfaceFlinger: Ignoring VSYNC request while display is disconnected
08-06 20:56:18.331  1033  1068 W SurfaceFlinger: Ignoring VSYNC request while display is disconnected
08-06 20:56:18.331  1033  1033 E HWComposer: getDisplayConnectionType: getDisplayConnectionType failed for display 0: Unsupported (8)
08-06 20:56:18.331   804   804 I PackageParser: Skipping target and overlay pair android and /system/product/overlay/treble-overlay-xiaomi-mi8ee.apk: overlay ignored due to required system property: ro.vendor.build.fingerprint with value: +*iaomi/ursa*
08-06 20:56:18.331  1033  1068 W SurfaceFlinger: Ignoring VSYNC request while display is disconnected
08-06 20:56:18.332  1033  1033 I FramebufferSurface: framebuffer size has been limited to [408x502] from [408x502]
08-06 20:56:18.332   804   804 I PackageParser: Skipping target and overlay pair android and /system/product/overlay/treble-overlay-xiaomi-mi8lite.apk: overlay ignored due to required system property: ro.vendor.build.fingerprint with value: +*iaomi/platina*
08-06 20:56:18.333   684   764 D android.hardware.graphics.allocator@2.0-service: GBuffer--------------(*format)=1
08-06 20:56:18.333   684   764 D android.hardware.graphics.allocator@2.0-service: Gralloc alloc start  w:408, h:502, f:0x1, usage:0x1a00, line = 1511
08-06 20:56:18.333   804   804 I PackageParser: Skipping target and overlay pair android and /system/product/overlay/treble-overlay-xiaomi-mi8pro.apk: overlay ignored due to required system property: ro.vendor.build.fingerprint with value: +*iaomi/equuleus*
08-06 20:56:18.333   684   764 D android.hardware.graphics.allocator@2.0-service: Gralloc Alloc end  w:408, h:502, f:0x1, usage:0x1a00, handle:0x27870850, ui64Stamp:123, sSize:851968, line = 1877
08-06 20:56:18.333   684   764 D android.hardware.graphics.allocator@2.0-service: Gralloc Free  w:408, h:502, f:0x1, usage:0x1a00, ui64Stamp:123 line = 2210
08-06 20:56:18.333  1033  1033 D surfaceflinger: Gralloc Register  w:408, h:502, f:0x1, usage:0x1a00, ui64Stamp:123, sSize:851968, line = 2104
08-06 20:56:18.334   804   804 I PackageParser: Skipping target and overlay pair android and /system/product/overlay/treble-overlay-xiaomi-mi8se.apk: overlay ignored due to required system property: ro.vendor.build.fingerprint with value: +*iaomi/sirius*
08-06 20:56:18.334   684   764 D android.hardware.graphics.allocator@2.0-service: GBuffer--------------(*format)=1
08-06 20:56:18.334   684   764 D android.hardware.graphics.allocator@2.0-service: Gralloc alloc start  w:408, h:502, f:0x1, usage:0x1a00, line = 1511
08-06 20:56:18.334   684   764 D android.hardware.graphics.allocator@2.0-service: Gralloc Alloc end  w:408, h:502, f:0x1, usage:0x1a00, handle:0x278707a0, ui64Stamp:124, sSize:851968, line = 1877
08-06 20:56:18.334   684   764 D android.hardware.graphics.allocator@2.0-service: Gralloc Free  w:408, h:502, f:0x1, usage:0x1a00, ui64Stamp:124 line = 2210
08-06 20:56:18.334  1033  1033 D surfaceflinger: Gralloc Register  w:408, h:502, f:0x1, usage:0x1a00, ui64Stamp:124, sSize:851968, line = 2104
08-06 20:56:18.334   804   804 I PackageParser: Skipping target and overlay pair android and /system/product/overlay/treble-overlay-xiaomi-mi9.apk: overlay ignored due to required system property: ro.vendor.build.fingerprint with value: +*iaomi/cepheus*
08-06 20:56:18.334   684   764 D android.hardware.graphics.allocator@2.0-service: GBuffer--------------(*format)=1
08-06 20:56:18.334   684   764 D android.hardware.graphics.allocator@2.0-service: Gralloc alloc start  w:408, h:502, f:0x1, usage:0x1a00, line = 1511
08-06 20:56:18.335   684   764 D android.hardware.graphics.allocator@2.0-service: Gralloc Alloc end  w:408, h:502, f:0x1, usage:0x1a00, handle:0x27871770, ui64Stamp:125, sSize:851968, line = 1877
08-06 20:56:18.335   684   764 D android.hardware.graphics.allocator@2.0-service: Gralloc Free  w:408, h:502, f:0x1, usage:0x1a00, ui64Stamp:125 line = 2210
08-06 20:56:18.335   804   804 I PackageParser: Skipping target and overlay pair android and /system/product/overlay/treble-overlay-xiaomi-mi9se.apk: overlay ignored due to required system property: ro.vendor.build.fingerprint with value: +*iaomi/grus*
08-06 20:56:18.335  1033  1033 D surfaceflinger: Gralloc Register  w:408, h:502, f:0x1, usage:0x1a00, ui64Stamp:125, sSize:851968, line = 2104
08-06 20:56:18.336   804   804 I PackageParser: Skipping target and overlay pair android and /system/product/overlay/treble-overlay-xiaomi-mia2.apk: overlay ignored due to required system property: ro.vendor.build.fingerprint with value: +*iaomi/jasmine*
08-06 20:56:18.337   804   804 I PackageParser: Skipping target and overlay pair android and /system/product/overlay/treble-overlay-xiaomi-mia2lite.apk: overlay ignored due to required system property: ro.vendor.build.fingerprint with value: +*iaomi/daisy*
08-06 20:56:18.337   804   804 I PackageParser: Skipping target and overlay pair android and /system/product/overlay/treble-overlay-xiaomi-mimax3.apk: overlay ignored due to required system property: ro.vendor.build.fingerprint with value: +*iaomi/nitrogen*
08-06 20:56:18.338   804   804 I PackageParser: Skipping target and overlay pair android and /system/product/overlay/treble-overlay-xiaomi-mimix2s.apk: overlay ignored due to required system property: ro.vendor.build.fingerprint with value: +Xiaomi/polaris*
08-06 20:56:18.339   804   804 I PackageParser: Skipping target and overlay pair android and /system/product/overlay/treble-overlay-xiaomi-mimix3.apk: overlay ignored due to required system property: ro.vendor.build.fingerprint with value: +*iaomi/perseus*
08-06 20:56:18.339   804   804 I PackageParser: Skipping target and overlay pair android and /system/product/overlay/treble-overlay-xiaomi-mipad4.apk: overlay ignored due to required system property: ro.vendor.build.fingerprint with value: +Xiaomi/clover*
08-06 20:56:18.340   804   804 I PackageParser: Skipping target and overlay pair android and /system/product/overlay/treble-overlay-xiaomi-miplay.apk: overlay ignored due to required system property: ro.vendor.build.fingerprint with value: +*iaomi/lotus*
08-06 20:56:18.341   804   804 I PackageParser: Skipping target and overlay pair android and /system/product/overlay/treble-overlay-xiaomi-pocof1.apk: overlay ignored due to required system property: ro.vendor.build.fingerprint with value: +*iaomi/beryllium*
08-06 20:56:18.342   804   804 I PackageParser: Skipping target and overlay pair android and /system/product/overlay/treble-overlay-xiaomi-redmi10x5g.apk: overlay ignored due to required system property: ro.vendor.build.fingerprint with value: +*edmi/atom*
08-06 20:56:18.342   804   804 I PackageParser: Skipping target and overlay pair android and /system/product/overlay/treble-overlay-xiaomi-redmi6.apk: overlay ignored due to required system property: ro.vendor.build.fingerprint with value: +*iaomi/cereus*
08-06 20:56:18.343   804   804 I PackageParser: Skipping target and overlay pair android and /system/product/overlay/treble-overlay-xiaomi-redmi6a.apk: overlay ignored due to required system property: ro.vendor.build.fingerprint with value: +*iaomi/cactus*
08-06 20:56:18.344   804   804 I PackageParser: Skipping target and overlay pair android and /system/product/overlay/treble-overlay-xiaomi-redmi6pro.apk: overlay ignored due to required system property: ro.vendor.build.fingerprint with value: +*iaomi/sakura*
08-06 20:56:18.345   804   804 I PackageParser: Skipping target and overlay pair android and /system/product/overlay/treble-overlay-xiaomi-redmi7a.apk: overlay ignored due to required system property: ro.vendor.build.fingerprint with value: +*iaomi/pine*
08-06 20:56:18.346   804   804 I PackageParser: Skipping target and overlay pair android and /system/product/overlay/treble-overlay-xiaomi-redmi7onc.apk: overlay ignored due to required system property: ro.vendor.build.fingerprint with value: +*iaomi/onc*
08-06 20:56:18.346   804   804 I PackageParser: Skipping target and overlay pair android and /system/product/overlay/treble-overlay-xiaomi-redmi8.apk: overlay ignored due to required system property: ro.vendor.build.fingerprint with value: +*iaomi/olive*
08-06 20:56:18.347   804   804 I PackageParser: Skipping target and overlay pair android and /system/product/overlay/treble-overlay-xiaomi-redmi8a.apk: overlay ignored due to required system property: ro.vendor.build.fingerprint with value: +*iaomi/olivelite*
08-06 20:56:18.352   804   804 I PackageParser: Skipping target and overlay pair android and /system/product/overlay/treble-overlay-xiaomi-redmi9a.apk: overlay ignored due to required system property: ro.vendor.build.fingerprint with value: +*edmi/dandelion*
08-06 20:56:18.353   804   804 I PackageParser: Skipping target and overlay pair android and /system/product/overlay/treble-overlay-xiaomi-redmigo.apk: overlay ignored due to required system property: ro.vendor.build.fingerprint with value: +Xiaomi/tiare*
08-06 20:56:18.354   804   804 I PackageParser: Skipping target and overlay pair android and /system/product/overlay/treble-overlay-xiaomi-redmik20pro.apk: overlay ignored due to required system property: ro.vendor.build.fingerprint with value: +*iaomi/raphael*
08-06 20:56:18.355   804   804 I PackageParser: Skipping target and overlay pair android and /system/product/overlay/treble-overlay-xiaomi-redminote5.apk: overlay ignored due to required system property: ro.vendor.build.fingerprint with value: +*iaomi/whyred*
08-06 20:56:18.355   804   804 I PackageParser: Skipping target and overlay pair android and /system/product/overlay/treble-overlay-xiaomi-redminote6pro.apk: overlay ignored due to required system property: ro.vendor.build.fingerprint with value: +*iaomi/tulip*
08-06 20:56:18.356   804   804 I PackageParser: Skipping target and overlay pair android and /system/product/overlay/treble-overlay-xiaomi-redminote7.apk: overlay ignored due to required system property: ro.product.vendor.device with value: lavender
08-06 20:56:18.356   804   804 I PackageParser: Skipping target and overlay pair android and /system/product/overlay/treble-overlay-xiaomi-redminote8pro.apk: overlay ignored due to required system property: ro.product.vendor.device with value: begonia
08-06 20:56:18.357   804   804 I PackageParser: Skipping target and overlay pair android and /system/product/overlay/treble-overlay-xiaomi-redminote9pro.apk: overlay ignored due to required system property: ro.product.vendor.device with value: joyeuse
08-06 20:56:18.357   804   804 I PackageParser: Skipping target and overlay pair android and /system/product/overlay/treble-overlay-xiaomi-redminote9promax.apk: overlay ignored due to required system property: ro.product.vendor.device with value: Excalibur
08-06 20:56:18.358   804   804 I PackageParser: Skipping target and overlay pair android and /system/product/overlay/treble-overlay-xiaomi-redminote9s.apk: overlay ignored due to required system property: ro.product.vendor.device with value: curtana
08-06 20:56:18.359   804   804 I PackageParser: Skipping target and overlay pair android and /system/product/overlay/treble-overlay-xiaomi-redmis2.apk: overlay ignored due to required system property: ro.vendor.build.fingerprint with value: +*iaomi/ysl*
08-06 20:56:18.363   825   825 D WheelSensors:  open 'event2'
08-06 20:56:18.364   825   825 D WheelSensors:  get 'accelerometer'
08-06 20:56:18.376   793   793 I ServiceManager: Waiting for service 'SurfaceFlinger' on '/dev/binder'...
08-06 20:56:18.383   825   825 D WheelSensors:  open 'event1'
08-06 20:56:18.384   825   825 D WheelSensors:  get 'hyn_ts'
08-06 20:56:18.389   816   837 I ServiceManager: Waiting for service 'package_native' on '/dev/binder'...
08-06 20:56:18.397   813   813 I ServiceManager: Waiting for service 'package_native' on '/dev/binder'...
08-06 20:56:18.415   825   825 D WheelSensors: 'madev' fd = -1 input device
08-06 20:56:18.427   823   823 I ServiceManager: Waiting for service 'package_native' on '/dev/binder'...
08-06 20:56:18.477   793   793 I ServiceManager: Waiting for service 'SurfaceFlinger' on '/dev/binder'...
08-06 20:56:18.483  1030  1030 I BufferProvider: found effect "Multichannel Downmix To Stereo" from The Android Open Source Project
08-06 20:56:18.489   816   837 I ServiceManager: Waiting for service 'package_native' on '/dev/binder'...
08-06 20:56:18.496  1030  1030 E AudioFlinger: Failed to add event callback
08-06 20:56:18.497  1024  1035 I audio_hw_primary: adev_get_parameters:routing=1;supEncapsulationMetadataTypes;supEncapsulationModes
08-06 20:56:18.498  1024  1035 I audio_hw_primary: adev_get_parameters:routing=2;supEncapsulationMetadataTypes;supEncapsulationModes
08-06 20:56:18.498   813   813 I ServiceManager: Waiting for service 'package_native' on '/dev/binder'...
08-06 20:56:18.500  1030  1030 V APM_AudioPolicyManager: checkAndSetVolume cannot set volume group 3 volume with force use = 0 for comm
08-06 20:56:18.505  1030  1075 I AudioFlinger: AudioFlinger's thread 0x7420287040 tid=1075 ready to run
08-06 20:56:18.505  1030  1075 W AudioFlinger: no wake lock to update, system not ready yet
08-06 20:56:18.505  1030  1075 D AudioFlinger: ro.audio.silent is ignored since no output device is set
08-06 20:56:18.506  1024  1035 I audio_hw_primary: out_standby 0xe8d45c80
08-06 20:56:18.506  1024  1035 I audio_hw_primary: do_output_standby 0xe8d45c80 audio_app_type:0
08-06 20:56:18.513  1024  1035 I audio_hw_primary: adev_set_voice_volume volume:-0.000000 level:0
08-06 20:56:18.513  1030  1075 W AudioFlinger: no wake lock to update, system not ready yet
08-06 20:56:18.513  1030  1075 D AudioFlinger: ro.audio.silent is ignored since no output device is set
08-06 20:56:18.516   825   825 D WheelSensors: WheelSensor amb0420, data_fd = -1
08-06 20:56:18.516   825   825 D sensor  : numSensors=3, WheelSensor::numSensors=1
08-06 20:56:18.516   825   825 E sensor  : open /dev/input/mice fail , fd=-1
08-06 20:56:18.517  1030  1030 W AudioFlinger: moveEffects() bad srcOutput 0
08-06 20:56:18.517  1030  1030 V APM_AudioPolicyManager: selectOutputForMusicEffects selected output 13
08-06 20:56:18.517  1030  1030 V APM_AudioPolicyManager: setOutputDevices device {type:0x2,@:} delayMs 0
08-06 20:56:18.517  1030  1030 V APM_AudioPolicyManager: setOutputDevices() prevDevice {type:0x2,@:}
08-06 20:56:18.518  1030  1030 W APM::AudioPolicyEngine: getDevicesForStrategy() unknown strategy: -1
08-06 20:56:18.519  1030  1030 V APM_AudioPolicyManager: setOutputDevices changing device to {type:0x2,@:}
08-06 20:56:18.528   823   823 I ServiceManager: Waiting for service 'package_native' on '/dev/binder'...
08-06 20:56:18.529   804   804 W Zygote  : Class not found for preloading: com.android.internal.telephony.IccSmsInterfaceManager$2
08-06 20:56:18.546   804   804 W Zygote  : Class not found for preloading: com.android.internal.telephony.dataconnection.DcTracker$5
08-06 20:56:18.560  1024  1035 I audio_hw_primary: get_boot_status true
08-06 20:56:18.564   804   804 W Zygote  : Class not found for preloading: com.android.internal.widget.-$$Lambda$gPQuiuEDuOmrh2MixBcV6a5gu5s
08-06 20:56:18.565   804   804 W Zygote  : Class not found for preloading: com.android.internal.widget.LockPatternUtils$2
08-06 20:56:18.569  1024  1054 I audio_hw_param: load_xml_handle:0xe8275f48 /vendor/etc/audio_params/sprd/audio_pga.xml
08-06 20:56:18.569  1024  1054 I audio_hw_parse: parse_device_gain dev_gain is null
08-06 20:56:18.578   793   793 I ServiceManager: Waiting for service 'SurfaceFlinger' on '/dev/binder'...
08-06 20:56:18.584  1024  1055 I audio_hw_param: load_xml_handle:0xe8174f48 /vendor/etc/audio_params/sprd/audio_process.xml
08-06 20:56:18.584  1024  1035 I audio_hw_primary: adev_create_audio_patch: source[0] type=2 address=
08-06 20:56:18.584  1024  1035 I audio_hw_primary: AUDIO_PORT_TYPE_MIX source handle:13 hw_module:10 stream:-1  source:-1
08-06 20:56:18.584  1024  1035 I audio_hw_primary: adev_create_audio_patch: sink[0] type=1 address=
08-06 20:56:18.584  1024  1035 I audio_hw_primary: AUDIO_PORT_TYPE_DEVICE sink device type:0x2 hw_module:10
08-06 20:56:18.584  1024  1035 I audio_hw_primary: sources_device_type:0 sinks_device_type:2
08-06 20:56:18.584  1024  1035 I audio_hw_primary: sinks type:1 sources type:2
08-06 20:56:18.584  1024  1049 I audio_hw_primary: adev_out_apm_devices_check update apm_devices:0x2
08-06 20:56:18.584  1024  1049 I chatty  : uid=1041(audioserver) Audio Routing T identical 2 lines
08-06 20:56:18.584  1024  1049 I audio_hw_primary: adev_out_apm_devices_check update apm_devices:0x2
08-06 20:56:18.584  1024  1049 I audio_hw_control: select_devices_new devices 0x2, is in 0 app type:-1 sync is 0,force:0
08-06 20:56:18.584  1024  1048 I audio_hw_control: do_select_device in device:2,is_in:0,force_set:0,actl->usecase:0,in:0,out:0
08-06 20:56:18.584  1024  1048 I audio_hw_control: do_select_device usecase is 0
08-06 20:56:18.591  1024  1054 I audio_hw_param: release_xml_handle:0xe8275f48
08-06 20:56:18.591  1024  1055 I audio_hw_param: release_xml_handle:0xe8174f48
08-06 20:56:18.595  1030  1030 V APM_AudioPolicyManager: setOutputDevices() AF::createAudioPatch returned 0 patchHandle 12 num_sources 1 num_sinks 1
08-06 20:56:18.596   816   837 I ServiceManager: Waiting for service 'package_native' on '/dev/binder'...
08-06 20:56:18.598  1030  1030 V APM_AudioPolicyManager: checkAndSetVolume cannot set volume group 3 volume with force use = 0 for comm
08-06 20:56:18.599   813   813 I ServiceManager: Waiting for service 'package_native' on '/dev/binder'...
08-06 20:56:18.604  1030  1030 I AudioFlinger: openOutput() this 0x72ada129c0, module 10 Device type:0x2,@:, SamplingRate 8000, Format 0x1000000, Channels 0x1, flags 0x31
08-06 20:56:18.604  1024  1024 I audio_hw_primary: adev_open_output_stream, devices = 0x2 flags:0x31 rate:8000
08-06 20:56:18.604  1024  1024 I audio_hw_primary: adev_open_output_stream out:0xe8d41970
08-06 20:56:18.604  1024  1024 I audio_hw_primary: compress_config fragment_size:0x5000 fragments:0x40
08-06 20:56:18.604  1024  1024 I audio_hw_offload: audio_offload_create_thread, successful, id:3866870240 
08-06 20:56:18.604  1024  1024 I audio_hw_primary: adev_open_output_stream pcm config:48000 960 960
08-06 20:56:18.604  1024  1024 I audio_hw_primary: audio_add_output type:1 out:0xe8d41970
08-06 20:56:18.604  1024  1024 I audio_hw_primary: adev_open_output_stream Successful audio_app_type:1 out:0xe8d41970
08-06 20:56:18.607  1030  1030 I AudioFlinger: HAL output buffer size 20480 frames, normal sink buffer size 20480 frames
08-06 20:56:18.607  1030  1030 E AudioFlinger: Failed to add event callback
08-06 20:56:18.612   804   804 I Zygote  : ...preloaded 12107 classes in 1914ms.
08-06 20:56:18.612   804   804 I zygote64: VMRuntime.preloadDexCaches starting
08-06 20:56:18.615  1024  1055 I audio_hw_param: init_sprd_xml exit
08-06 20:56:18.615  1024  1055 I audio_hw_param: load_audio_param check audio param load_status:0x20
08-06 20:56:18.615  1024  1055 I audio_hw_control: audio_param_thread profile:5 Exit load_status:0x20
08-06 20:56:18.616  1030  1079 I AudioFlinger: AudioFlinger's thread 0x731da13b30 tid=1079 ready to run
08-06 20:56:18.626  1024  1054 I audio_hw_param: init_sprd_xml exit
08-06 20:56:18.626  1024  1054 I audio_hw_param: load_audio_param check audio param load_status:0x28
08-06 20:56:18.626  1024  1054 I audio_hw_control: audio_param_thread profile:3 Exit load_status:0x28
08-06 20:56:18.658   804   804 I zygote64: VMRuntime.preloadDexCaches strings total=364470 before=10997 after=10997
08-06 20:56:18.658   804   804 I zygote64: VMRuntime.preloadDexCaches types total=41195 before=11242 after=11416
08-06 20:56:18.658   804   804 I zygote64: VMRuntime.preloadDexCaches fields total=174920 before=14196 after=15086
08-06 20:56:18.658   804   804 I zygote64: VMRuntime.preloadDexCaches methods total=319003 before=18044 after=18044
08-06 20:56:18.658   804   804 I zygote64: VMRuntime.preloadDexCaches finished
08-06 20:56:18.659   823   823 I ServiceManager: Waiting for service 'package_native' on '/dev/binder'...
08-06 20:56:18.660  1030  1079 W AudioFlinger: no wake lock to update, system not ready yet
08-06 20:56:18.660  1030  1079 D AudioFlinger: ro.audio.silent is ignored since no output device is set
08-06 20:56:18.663  1030  1030 I auditd  : type=1400 audit(0.0:29): avc: denied { write } for comm="audioserver" path="pipe:[25852]" dev="pipefs" ino=25852 scontext=u:r:hal_audio_default:s0 tcontext=u:r:audioserver:s0 tclass=fifo_file permissive=0
08-06 20:56:18.663  1030  1030 W audioserver: type=1400 audit(0.0:29): avc: denied { write } for path="pipe:[25852]" dev="pipefs" ino=25852 scontext=u:r:hal_audio_default:s0 tcontext=u:r:audioserver:s0 tclass=fifo_file permissive=0
08-06 20:56:18.663  1030  1079 W AudioFlinger: no wake lock to update, system not ready yet
08-06 20:56:18.663  1030  1079 D AudioFlinger: ro.audio.silent is ignored since no output device is set
08-06 20:56:18.664  1024  1024 I audio_hw_primary: out_set_parameters type:1:closing=true
08-06 20:56:18.665   804   804 I zygote64: The ClassLoaderContext is a special shared library.
08-06 20:56:18.668  1030  1030 E HalHidl : Stream 0x721da1a6e0 dump: Status(EX_TRANSACTION_FAILED): 'FAILED_TRANSACTION: ' (from rpc)
08-06 20:56:18.669   804   804 D ApplicationLoaders: Created zygote-cached class loader: /system/framework/android.hidl.base-V1.0-java.jar
08-06 20:56:18.672  1024  1077 I audio_hw_offload: audio_offload_thread_loop in
08-06 20:56:18.672  1024  1077 I audio_hw_offload: audio_offload_thread_loop audio_offload_cmd_list is empty,wait
08-06 20:56:18.673  1024  1024 I audio_hw_primary: out_set_parameters type:1:exiting=1
08-06 20:56:18.673  1024  1076 I audio_hw_offload: out_offload_drain in, audio_app_type:1, audio_offload_state:0, type:0 
08-06 20:56:18.673  1024  1076 I audio_hw_offload: out_offload_drain exit
08-06 20:56:18.674   804   804 I zygote64: The ClassLoaderContext is a special shared library.
08-06 20:56:18.674  1030  1030 I AudioFlinger: openOutput() this 0x72ada129c0, module 10 Device type:0x2,@:, SamplingRate 48000, Format 0x000001, Channels 0x3, flags 0x4
08-06 20:56:18.674  1024  1035 I audio_hw_primary: adev_open_output_stream, devices = 0x2 flags:0x4 rate:48000
08-06 20:56:18.674  1024  1035 I audio_hw_primary: adev_open_output_stream out:0xe8d41d10
08-06 20:56:18.674  1024  1035 I audio_hw_primary: adev_open_output_stream pcm config:48000 960 960
08-06 20:56:18.674  1024  1035 I audio_hw_primary: audio_add_output type:5 out:0xe8d41d10
08-06 20:56:18.674  1024  1035 I audio_hw_primary: adev_open_output_stream Successful audio_app_type:5 out:0xe8d41d10
08-06 20:56:18.675  1024  1024 I audio_hw_primary: adev_close_output_stream type:1
08-06 20:56:18.675  1024  1024 I audio_hw_primary: out_standby 0xe8d41970
08-06 20:56:18.675  1024  1024 I audio_hw_primary: do_output_standby 0xe8d41970 audio_app_type:1
08-06 20:56:18.675  1024  1024 I audio_hw_primary: audio_del_output type:1 out:0xe8d41970
08-06 20:56:18.675  1024  1024 I audio_hw_primary: audio_del_output out:0x0 0x0 0xe998463c 0xe998463c
08-06 20:56:18.675  1024  1024 I audio_hw_primary: audio_del_output:0xe8d41970 type:1
08-06 20:56:18.675  1024  1024 I audio_hw_offload: audio_offload_destroy_thread enter
08-06 20:56:18.675  1024  1024 I audio_hw_offload: audio_stop_compress_output in, audio_app_type:1, audio_offload_state:0 
08-06 20:56:18.676  1030  1030 I AudioFlinger: HAL output buffer size 960 frames, normal sink buffer size 960 frames
08-06 20:56:18.676  1030  1030 E AudioFlinger: Failed to add event callback
08-06 20:56:18.677   804   804 D ApplicationLoaders: Created zygote-cached class loader: /system/framework/android.hidl.manager-V1.0-java.jar
08-06 20:56:18.677  1030  1030 V APM_AudioPolicyManager: checkAndSetVolume cannot set volume group 3 volume with force use = 0 for comm
08-06 20:56:18.679   793   793 I ServiceManager: Waiting for service 'SurfaceFlinger' on '/dev/binder'...
08-06 20:56:18.679  1024  1077 I audio_hw_offload: audio_offload_thread_loop, offload_state:0, offload_cmd:1, out->compress:0x0 
08-06 20:56:18.679  1024  1077 I audio_hw_offload: audio_offload_thread_loop:compress is null
08-06 20:56:18.679  1024  1077 I audio_hw_offload: audio_offload_thread_loop, offload_state:0, offload_cmd:0, out->compress:0x0 
08-06 20:56:18.679  1024  1077 I audio_hw_offload: audio_offload_thread_loop AUDIO_OFFLOAD_CMD_EXIT
08-06 20:56:18.679  1024  1077 I audio_hw_offload: audio_offload_thread_loop:start exit
08-06 20:56:18.679  1024  1077 I audio_hw_offload: audio_offload_thread_loop:exit
08-06 20:56:18.680  1024  1024 I audio_hw_offload: audio_offload_destroy_thread exit
08-06 20:56:18.682   804   804 I zygote64: The ClassLoaderContext is a special shared library.
08-06 20:56:18.683   804   804 D ApplicationLoaders: Created zygote-cached class loader: /system/framework/android.test.base.jar
08-06 20:56:18.684   804   804 I Zygote  : Preloading resources...
08-06 20:56:18.686  1030  1083 I AudioFlinger: AudioFlinger's thread 0x741fea3040 tid=1083 ready to run
08-06 20:56:18.686  1030  1083 W AudioFlinger: no wake lock to update, system not ready yet
08-06 20:56:18.686  1030  1083 D AudioFlinger: ro.audio.silent is ignored since no output device is set
08-06 20:56:18.686  1024  1024 I audio_hw_primary: out_standby 0xe8d41d10
08-06 20:56:18.686  1024  1024 I audio_hw_primary: do_output_standby 0xe8d41d10 audio_app_type:5
08-06 20:56:18.690  1030  1030 V APM_AudioPolicyManager: selectOutputForMusicEffects selected output 13
08-06 20:56:18.690  1030  1030 V APM_AudioPolicyManager: setOutputDevices device {type:0x2,@:} delayMs 0
08-06 20:56:18.691  1030  1030 V APM_AudioPolicyManager: setOutputDevices() prevDevice {type:0x2,@:}
08-06 20:56:18.691  1030  1030 W APM::AudioPolicyEngine: getDevicesForStrategy() unknown strategy: -1
08-06 20:56:18.691  1030  1030 V APM_AudioPolicyManager: setOutputDevices changing device to {type:0x2,@:}
08-06 20:56:18.695   804   804 E TypedArray: Attempt to invoke virtual method 'android.content.ContentResolver android.content.Context.getContentResolver()' on a null object reference
08-06 20:56:18.696   804   804 E Resources: Attempt to invoke virtual method 'android.content.ContentResolver android.content.Context.getContentResolver()' on a null object reference
08-06 20:56:18.696   816   837 I ServiceManager: Waiting for service 'package_native' on '/dev/binder'...
08-06 20:56:18.697   804   804 E Resources: Attempt to invoke virtual method 'android.content.ContentResolver android.content.Context.getContentResolver()' on a null object reference
08-06 20:56:18.704   804   804 I chatty  : uid=0(root) main identical 8 lines
08-06 20:56:18.705   804   804 E Resources: Attempt to invoke virtual method 'android.content.ContentResolver android.content.Context.getContentResolver()' on a null object reference
08-06 20:56:18.705   804   804 W Resources: Preloaded drawable resource #0x108028d (android:drawable/dialog_background_material) that varies with configuration!!
08-06 20:56:18.705   804   804 E Resources: Attempt to invoke virtual method 'android.content.ContentResolver android.content.Context.getContentResolver()' on a null object reference
08-06 20:56:18.708   804   804 I chatty  : uid=0(root) main identical 6 lines
08-06 20:56:18.708   804   804 E Resources: Attempt to invoke virtual method 'android.content.ContentResolver android.content.Context.getContentResolver()' on a null object reference
08-06 20:56:18.708   804   804 E TypedArray: Attempt to invoke virtual method 'android.content.ContentResolver android.content.Context.getContentResolver()' on a null object reference
08-06 20:56:18.709   804   804 E TypedArray: Attempt to invoke virtual method 'android.content.ContentResolver android.content.Context.getContentResolver()' on a null object reference
08-06 20:56:18.709   804   804 E Resources: Attempt to invoke virtual method 'android.content.ContentResolver android.content.Context.getContentResolver()' on a null object reference
08-06 20:56:18.709   804   804 E Resources: Attempt to invoke virtual method 'android.content.ContentResolver android.content.Context.getContentResolver()' on a null object reference
08-06 20:56:18.709   804   804 E TypedArray: Attempt to invoke virtual method 'android.content.ContentResolver android.content.Context.getContentResolver()' on a null object reference
08-06 20:56:18.710   804   804 E TypedArray: Attempt to invoke virtual method 'android.content.ContentResolver android.content.Context.getContentResolver()' on a null object reference
08-06 20:56:18.710   804   804 E Resources: Attempt to invoke virtual method 'android.content.ContentResolver android.content.Context.getContentResolver()' on a null object reference
08-06 20:56:18.717   804   804 I chatty  : uid=0(root) main identical 14 lines
08-06 20:56:18.718   804   804 E Resources: Attempt to invoke virtual method 'android.content.ContentResolver android.content.Context.getContentResolver()' on a null object reference
08-06 20:56:18.718   804   804 E TypedArray: Attempt to invoke virtual method 'android.content.ContentResolver android.content.Context.getContentResolver()' on a null object reference
08-06 20:56:18.718   804   804 E Resources: Attempt to invoke virtual method 'android.content.ContentResolver android.content.Context.getContentResolver()' on a null object reference
08-06 20:56:18.719   804   804 E TypedArray: Attempt to invoke virtual method 'android.content.ContentResolver android.content.Context.getContentResolver()' on a null object reference
08-06 20:56:18.719   804   804 E TypedArray: Attempt to invoke virtual method 'android.content.ContentResolver android.content.Context.getContentResolver()' on a null object reference
08-06 20:56:18.720   813   813 I ServiceManager: Waiting for service 'package_native' on '/dev/binder'...
08-06 20:56:18.720   804   804 E TypedArray: Attempt to invoke virtual method 'android.content.ContentResolver android.content.Context.getContentResolver()' on a null object reference
08-06 20:56:18.720   804   804 E Resources: Attempt to invoke virtual method 'android.content.ContentResolver android.content.Context.getContentResolver()' on a null object reference
08-06 20:56:18.721   804   804 E TypedArray: Attempt to invoke virtual method 'android.content.ContentResolver android.content.Context.getContentResolver()' on a null object reference
08-06 20:56:18.721   804   804 E Resources: Attempt to invoke virtual method 'android.content.ContentResolver android.content.Context.getContentResolver()' on a null object reference
08-06 20:56:18.721   804   804 E TypedArray: Attempt to invoke virtual method 'android.content.ContentResolver android.content.Context.getContentResolver()' on a null object reference
08-06 20:56:18.721   804   804 E Resources: Attempt to invoke virtual method 'android.content.ContentResolver android.content.Context.getContentResolver()' on a null object reference
08-06 20:56:18.723   804   804 I chatty  : uid=0(root) main identical 3 lines
08-06 20:56:18.723   804   804 E Resources: Attempt to invoke virtual method 'android.content.ContentResolver android.content.Context.getContentResolver()' on a null object reference
08-06 20:56:18.724   804   804 E TypedArray: Attempt to invoke virtual method 'android.content.ContentResolver android.content.Context.getContentResolver()' on a null object reference
08-06 20:56:18.724   804   804 E Resources: Attempt to invoke virtual method 'android.content.ContentResolver android.content.Context.getContentResolver()' on a null object reference
08-06 20:56:18.734   804   804 I chatty  : uid=0(root) main identical 16 lines
08-06 20:56:18.735   804   804 E Resources: Attempt to invoke virtual method 'android.content.ContentResolver android.content.Context.getContentResolver()' on a null object reference
08-06 20:56:18.735   804   804 E TypedArray: Attempt to invoke virtual method 'android.content.ContentResolver android.content.Context.getContentResolver()' on a null object reference
08-06 20:56:18.735   804   804 E Resources: Attempt to invoke virtual method 'android.content.ContentResolver android.content.Context.getContentResolver()' on a null object reference
08-06 20:56:18.735  1030  1083 W AudioFlinger: no wake lock to update, system not ready yet
08-06 20:56:18.735  1030  1083 D AudioFlinger: ro.audio.silent is ignored since no output device is set
08-06 20:56:18.736  1024  1024 I audio_hw_primary: adev_create_audio_patch: source[0] type=2 address=
08-06 20:56:18.736  1024  1024 I audio_hw_primary: AUDIO_PORT_TYPE_MIX source handle:29 hw_module:10 stream:-1  source:-1
08-06 20:56:18.736  1024  1024 I audio_hw_primary: adev_create_audio_patch: sink[0] type=1 address=
08-06 20:56:18.736  1024  1024 I audio_hw_primary: AUDIO_PORT_TYPE_DEVICE sink device type:0x2 hw_module:10
08-06 20:56:18.736  1024  1024 I audio_hw_primary: sources_device_type:0 sinks_device_type:2
08-06 20:56:18.736  1024  1024 I audio_hw_primary: sinks type:1 sources type:2
08-06 20:56:18.736  1024  1049 I audio_hw_primary: adev_out_apm_devices_check update apm_devices:0x2
08-06 20:56:18.736  1024  1049 I chatty  : uid=1041(audioserver) Audio Routing T identical 3 lines
08-06 20:56:18.736  1024  1049 I audio_hw_primary: adev_out_apm_devices_check update apm_devices:0x2
08-06 20:56:18.736  1024  1049 I audio_hw_control: select_devices_new devices 0x2, is in 0 app type:-1 sync is 0,force:0
08-06 20:56:18.736  1024  1048 I audio_hw_control: do_select_device in device:2,is_in:0,force_set:0,actl->usecase:0,in:0,out:0
08-06 20:56:18.736  1024  1048 I audio_hw_control: do_select_device usecase is 0
08-06 20:56:18.736   804   804 E Resources: Attempt to invoke virtual method 'android.content.ContentResolver android.content.Context.getContentResolver()' on a null object reference
08-06 20:56:18.737   804   804 E TypedArray: Attempt to invoke virtual method 'android.content.ContentResolver android.content.Context.getContentResolver()' on a null object reference
08-06 20:56:18.737   804   804 E TypedArray: Attempt to invoke virtual method 'android.content.ContentResolver android.content.Context.getContentResolver()' on a null object reference
08-06 20:56:18.737   804   804 E Resources: Attempt to invoke virtual method 'android.content.ContentResolver android.content.Context.getContentResolver()' on a null object reference
08-06 20:56:18.738   804   804 I Zygote  : ...preloaded 64 resources in 54ms.
08-06 20:56:18.738   804   804 E Resources: Attempt to invoke virtual method 'android.content.ContentResolver android.content.Context.getContentResolver()' on a null object reference
08-06 20:56:18.738   804   804 E TypedArray: Attempt to invoke virtual method 'android.content.ContentResolver android.content.Context.getContentResolver()' on a null object reference
08-06 20:56:18.738   804   804 I chatty  : uid=0(root) main identical 4 lines
08-06 20:56:18.739   804   804 E TypedArray: Attempt to invoke virtual method 'android.content.ContentResolver android.content.Context.getContentResolver()' on a null object reference
08-06 20:56:18.739   804   804 E Resources: Attempt to invoke virtual method 'android.content.ContentResolver android.content.Context.getContentResolver()' on a null object reference
08-06 20:56:18.739   804   804 E TypedArray: Attempt to invoke virtual method 'android.content.ContentResolver android.content.Context.getContentResolver()' on a null object reference
08-06 20:56:18.739   804   804 E TypedArray: Attempt to invoke virtual method 'android.content.ContentResolver android.content.Context.getContentResolver()' on a null object reference
08-06 20:56:18.739   804   804 E Resources: Attempt to invoke virtual method 'android.content.ContentResolver android.content.Context.getContentResolver()' on a null object reference
08-06 20:56:18.740   804   804 E TypedArray: Attempt to invoke virtual method 'android.content.ContentResolver android.content.Context.getContentResolver()' on a null object reference
08-06 20:56:18.740   804   804 I chatty  : uid=0(root) main identical 1 line
08-06 20:56:18.740   804   804 E TypedArray: Attempt to invoke virtual method 'android.content.ContentResolver android.content.Context.getContentResolver()' on a null object reference
08-06 20:56:18.740   804   804 E Resources: Attempt to invoke virtual method 'android.content.ContentResolver android.content.Context.getContentResolver()' on a null object reference
08-06 20:56:18.740   804   804 E TypedArray: Attempt to invoke virtual method 'android.content.ContentResolver android.content.Context.getContentResolver()' on a null object reference
08-06 20:56:18.740   804   804 E TypedArray: Attempt to invoke virtual method 'android.content.ContentResolver android.content.Context.getContentResolver()' on a null object reference
08-06 20:56:18.740   804   804 E Resources: Attempt to invoke virtual method 'android.content.ContentResolver android.content.Context.getContentResolver()' on a null object reference
08-06 20:56:18.741   804   804 E TypedArray: Attempt to invoke virtual method 'android.content.ContentResolver android.content.Context.getContentResolver()' on a null object reference
08-06 20:56:18.741   804   804 E TypedArray: Attempt to invoke virtual method 'android.content.ContentResolver android.content.Context.getContentResolver()' on a null object reference
08-06 20:56:18.741   804   804 E Resources: Attempt to invoke virtual method 'android.content.ContentResolver android.content.Context.getContentResolver()' on a null object reference
08-06 20:56:18.742   804   804 E TypedArray: Attempt to invoke virtual method 'android.content.ContentResolver android.content.Context.getContentResolver()' on a null object reference
08-06 20:56:18.742   804   804 I chatty  : uid=0(root) main identical 4 lines
08-06 20:56:18.742   804   804 E TypedArray: Attempt to invoke virtual method 'android.content.ContentResolver android.content.Context.getContentResolver()' on a null object reference
08-06 20:56:18.742   804   804 E Resources: Attempt to invoke virtual method 'android.content.ContentResolver android.content.Context.getContentResolver()' on a null object reference
08-06 20:56:18.743   804   804 E TypedArray: Attempt to invoke virtual method 'android.content.ContentResolver android.content.Context.getContentResolver()' on a null object reference
08-06 20:56:18.743   804   804 I chatty  : uid=0(root) main identical 4 lines
08-06 20:56:18.743   804   804 E TypedArray: Attempt to invoke virtual method 'android.content.ContentResolver android.content.Context.getContentResolver()' on a null object reference
08-06 20:56:18.743   804   804 E Resources: Attempt to invoke virtual method 'android.content.ContentResolver android.content.Context.getContentResolver()' on a null object reference
08-06 20:56:18.744  1030  1030 V APM_AudioPolicyManager: setOutputDevices() AF::createAudioPatch returned 0 patchHandle 20 num_sources 1 num_sinks 1
08-06 20:56:18.744   804   804 E TypedArray: Attempt to invoke virtual method 'android.content.ContentResolver android.content.Context.getContentResolver()' on a null object reference
08-06 20:56:18.744   804   804 I chatty  : uid=0(root) main identical 4 lines
08-06 20:56:18.744   804   804 E TypedArray: Attempt to invoke virtual method 'android.content.ContentResolver android.content.Context.getContentResolver()' on a null object reference
08-06 20:56:18.744   804   804 E Resources: Attempt to invoke virtual method 'android.content.ContentResolver android.content.Context.getContentResolver()' on a null object reference
08-06 20:56:18.745   804   804 E TypedArray: Attempt to invoke virtual method 'android.content.ContentResolver android.content.Context.getContentResolver()' on a null object reference
08-06 20:56:18.745   804   804 E TypedArray: Attempt to invoke virtual method 'android.content.ContentResolver android.content.Context.getContentResolver()' on a null object reference
08-06 20:56:18.745   804   804 E Resources: Attempt to invoke virtual method 'android.content.ContentResolver android.content.Context.getContentResolver()' on a null object reference
08-06 20:56:18.746   804   804 E TypedArray: Attempt to invoke virtual method 'android.content.ContentResolver android.content.Context.getContentResolver()' on a null object reference
08-06 20:56:18.746   804   804 I chatty  : uid=0(root) main identical 1 line
08-06 20:56:18.746   804   804 E TypedArray: Attempt to invoke virtual method 'android.content.ContentResolver android.content.Context.getContentResolver()' on a null object reference
08-06 20:56:18.746   804   804 E Resources: Attempt to invoke virtual method 'android.content.ContentResolver android.content.Context.getContentResolver()' on a null object reference
08-06 20:56:18.746   804   804 E TypedArray: Attempt to invoke virtual method 'android.content.ContentResolver android.content.Context.getContentResolver()' on a null object reference
08-06 20:56:18.747   804   804 I chatty  : uid=0(root) main identical 1 line
08-06 20:56:18.747   804   804 E TypedArray: Attempt to invoke virtual method 'android.content.ContentResolver android.content.Context.getContentResolver()' on a null object reference
08-06 20:56:18.747   804   804 E Resources: Attempt to invoke virtual method 'android.content.ContentResolver android.content.Context.getContentResolver()' on a null object reference
08-06 20:56:18.747   804   804 E TypedArray: Attempt to invoke virtual method 'android.content.ContentResolver android.content.Context.getContentResolver()' on a null object reference
08-06 20:56:18.747   804   804 I chatty  : uid=0(root) main identical 1 line
08-06 20:56:18.747   804   804 E TypedArray: Attempt to invoke virtual method 'android.content.ContentResolver android.content.Context.getContentResolver()' on a null object reference
08-06 20:56:18.747   804   804 E Resources: Attempt to invoke virtual method 'android.content.ContentResolver android.content.Context.getContentResolver()' on a null object reference
08-06 20:56:18.748   804   804 E TypedArray: Attempt to invoke virtual method 'android.content.ContentResolver android.content.Context.getContentResolver()' on a null object reference
08-06 20:56:18.748   804   804 I chatty  : uid=0(root) main identical 7 lines
08-06 20:56:18.749   804   804 E TypedArray: Attempt to invoke virtual method 'android.content.ContentResolver android.content.Context.getContentResolver()' on a null object reference
08-06 20:56:18.749   804   804 E Resources: Attempt to invoke virtual method 'android.content.ContentResolver android.content.Context.getContentResolver()' on a null object reference
08-06 20:56:18.749   804   804 E TypedArray: Attempt to invoke virtual method 'android.content.ContentResolver android.content.Context.getContentResolver()' on a null object reference
08-06 20:56:18.749   804   804 I chatty  : uid=0(root) main identical 1 line
08-06 20:56:18.749   804   804 E TypedArray: Attempt to invoke virtual method 'android.content.ContentResolver android.content.Context.getContentResolver()' on a null object reference
08-06 20:56:18.749   804   804 E Resources: Attempt to invoke virtual method 'android.content.ContentResolver android.content.Context.getContentResolver()' on a null object reference
08-06 20:56:18.750   804   804 E TypedArray: Attempt to invoke virtual method 'android.content.ContentResolver android.content.Context.getContentResolver()' on a null object reference
08-06 20:56:18.750   804   804 I chatty  : uid=0(root) main identical 7 lines
08-06 20:56:18.750   804   804 E TypedArray: Attempt to invoke virtual method 'android.content.ContentResolver android.content.Context.getContentResolver()' on a null object reference
08-06 20:56:18.750   804   804 E Resources: Attempt to invoke virtual method 'android.content.ContentResolver android.content.Context.getContentResolver()' on a null object reference
08-06 20:56:18.751   804   804 E TypedArray: Attempt to invoke virtual method 'android.content.ContentResolver android.content.Context.getContentResolver()' on a null object reference
08-06 20:56:18.752   804   804 I chatty  : uid=0(root) main identical 7 lines
08-06 20:56:18.752   804   804 E TypedArray: Attempt to invoke virtual method 'android.content.ContentResolver android.content.Context.getContentResolver()' on a null object reference
08-06 20:56:18.752   804   804 E Resources: Attempt to invoke virtual method 'android.content.ContentResolver android.content.Context.getContentResolver()' on a null object reference
08-06 20:56:18.752   804   804 E TypedArray: Attempt to invoke virtual method 'android.content.ContentResolver android.content.Context.getContentResolver()' on a null object reference
08-06 20:56:18.753   804   804 I chatty  : uid=0(root) main identical 7 lines
08-06 20:56:18.753   804   804 E TypedArray: Attempt to invoke virtual method 'android.content.ContentResolver android.content.Context.getContentResolver()' on a null object reference
08-06 20:56:18.753   804   804 E Resources: Attempt to invoke virtual method 'android.content.ContentResolver android.content.Context.getContentResolver()' on a null object reference
08-06 20:56:18.753   804   804 E TypedArray: Attempt to invoke virtual method 'android.content.ContentResolver android.content.Context.getContentResolver()' on a null object reference
08-06 20:56:18.754   804   804 I chatty  : uid=0(root) main identical 1 line
08-06 20:56:18.754   804   804 E TypedArray: Attempt to invoke virtual method 'android.content.ContentResolver android.content.Context.getContentResolver()' on a null object reference
08-06 20:56:18.754   804   804 E Resources: Attempt to invoke virtual method 'android.content.ContentResolver android.content.Context.getContentResolver()' on a null object reference
08-06 20:56:18.754   804   804 E TypedArray: Attempt to invoke virtual method 'android.content.ContentResolver android.content.Context.getContentResolver()' on a null object reference
08-06 20:56:18.754   804   804 I chatty  : uid=0(root) main identical 1 line
08-06 20:56:18.754   804   804 E TypedArray: Attempt to invoke virtual method 'android.content.ContentResolver android.content.Context.getContentResolver()' on a null object reference
08-06 20:56:18.754   804   804 E Resources: Attempt to invoke virtual method 'android.content.ContentResolver android.content.Context.getContentResolver()' on a null object reference
08-06 20:56:18.755   804   804 E TypedArray: Attempt to invoke virtual method 'android.content.ContentResolver android.content.Context.getContentResolver()' on a null object reference
08-06 20:56:18.755   804   804 I chatty  : uid=0(root) main identical 1 line
08-06 20:56:18.755   804   804 E TypedArray: Attempt to invoke virtual method 'android.content.ContentResolver android.content.Context.getContentResolver()' on a null object reference
08-06 20:56:18.755   804   804 E Resources: Attempt to invoke virtual method 'android.content.ContentResolver android.content.Context.getContentResolver()' on a null object reference
08-06 20:56:18.757   804   804 I chatty  : uid=0(root) main identical 7 lines
08-06 20:56:18.757   804   804 E Resources: Attempt to invoke virtual method 'android.content.ContentResolver android.content.Context.getContentResolver()' on a null object reference
08-06 20:56:18.757   804   804 E TypedArray: Attempt to invoke virtual method 'android.content.ContentResolver android.content.Context.getContentResolver()' on a null object reference
08-06 20:56:18.757   804   804 E TypedArray: Attempt to invoke virtual method 'android.content.ContentResolver android.content.Context.getContentResolver()' on a null object reference
08-06 20:56:18.757   804   804 E Resources: Attempt to invoke virtual method 'android.content.ContentResolver android.content.Context.getContentResolver()' on a null object reference
08-06 20:56:18.758   804   804 E TypedArray: Attempt to invoke virtual method 'android.content.ContentResolver android.content.Context.getContentResolver()' on a null object reference
08-06 20:56:18.758   804   804 E TypedArray: Attempt to invoke virtual method 'android.content.ContentResolver android.content.Context.getContentResolver()' on a null object reference
08-06 20:56:18.758   804   804 E Resources: Attempt to invoke virtual method 'android.content.ContentResolver android.content.Context.getContentResolver()' on a null object reference
08-06 20:56:18.758   804   804 E TypedArray: Attempt to invoke virtual method 'android.content.ContentResolver android.content.Context.getContentResolver()' on a null object reference
08-06 20:56:18.758   804   804 E TypedArray: Attempt to invoke virtual method 'android.content.ContentResolver android.content.Context.getContentResolver()' on a null object reference
08-06 20:56:18.758   804   804 E Resources: Attempt to invoke virtual method 'android.content.ContentResolver android.content.Context.getContentResolver()' on a null object reference
08-06 20:56:18.759   804   804 E TypedArray: Attempt to invoke virtual method 'android.content.ContentResolver android.content.Context.getContentResolver()' on a null object reference
08-06 20:56:18.759   804   804 E TypedArray: Attempt to invoke virtual method 'android.content.ContentResolver android.content.Context.getContentResolver()' on a null object reference
08-06 20:56:18.759   804   804 E Resources: Attempt to invoke virtual method 'android.content.ContentResolver android.content.Context.getContentResolver()' on a null object reference
08-06 20:56:18.759   804   804 E TypedArray: Attempt to invoke virtual method 'android.content.ContentResolver android.content.Context.getContentResolver()' on a null object reference
08-06 20:56:18.759   804   804 E TypedArray: Attempt to invoke virtual method 'android.content.ContentResolver android.content.Context.getContentResolver()' on a null object reference
08-06 20:56:18.759   804   804 E Resources: Attempt to invoke virtual method 'android.content.ContentResolver android.content.Context.getContentResolver()' on a null object reference
08-06 20:56:18.760   804   804 E TypedArray: Attempt to invoke virtual method 'android.content.ContentResolver android.content.Context.getContentResolver()' on a null object reference
08-06 20:56:18.760   804   804 E TypedArray: Attempt to invoke virtual method 'android.content.ContentResolver android.content.Context.getContentResolver()' on a null object reference
08-06 20:56:18.760   804   804 E Resources: Attempt to invoke virtual method 'android.content.ContentResolver android.content.Context.getContentResolver()' on a null object reference
08-06 20:56:18.760   804   804 E TypedArray: Attempt to invoke virtual method 'android.content.ContentResolver android.content.Context.getContentResolver()' on a null object reference
08-06 20:56:18.760   804   804 E TypedArray: Attempt to invoke virtual method 'android.content.ContentResolver android.content.Context.getContentResolver()' on a null object reference
08-06 20:56:18.760   804   804 E Resources: Attempt to invoke virtual method 'android.content.ContentResolver android.content.Context.getContentResolver()' on a null object reference
08-06 20:56:18.761   804   804 E TypedArray: Attempt to invoke virtual method 'android.content.ContentResolver android.content.Context.getContentResolver()' on a null object reference
08-06 20:56:18.761   804   804 E TypedArray: Attempt to invoke virtual method 'android.content.ContentResolver android.content.Context.getContentResolver()' on a null object reference
08-06 20:56:18.761   804   804 E Resources: Attempt to invoke virtual method 'android.content.ContentResolver android.content.Context.getContentResolver()' on a null object reference
08-06 20:56:18.761   804   804 E TypedArray: Attempt to invoke virtual method 'android.content.ContentResolver android.content.Context.getContentResolver()' on a null object reference
08-06 20:56:18.761   804   804 I chatty  : uid=0(root) main identical 1 line
08-06 20:56:18.761   804   804 E TypedArray: Attempt to invoke virtual method 'android.content.ContentResolver android.content.Context.getContentResolver()' on a null object reference
08-06 20:56:18.761   804   804 E Resources: Attempt to invoke virtual method 'android.content.ContentResolver android.content.Context.getContentResolver()' on a null object reference
08-06 20:56:18.762   804   804 E TypedArray: Attempt to invoke virtual method 'android.content.ContentResolver android.content.Context.getContentResolver()' on a null object reference
08-06 20:56:18.762   804   804 I chatty  : uid=0(root) main identical 1 line
08-06 20:56:18.762   804   804 E TypedArray: Attempt to invoke virtual method 'android.content.ContentResolver android.content.Context.getContentResolver()' on a null object reference
08-06 20:56:18.762   804   804 I Zygote  : ...preloaded 41 resources in 24ms.
08-06 20:56:18.764  1030  1030 V APM_AudioPolicyManager: checkAndSetVolume cannot set volume group 3 volume with force use = 0 for comm
08-06 20:56:18.768   823   823 I ServiceManager: Waiting for service 'package_native' on '/dev/binder'...
08-06 20:56:18.770   804   804 D libEGL  : loaded /vendor/lib64/egl/libEGL_POWERVR_ROGUE.so
08-06 20:56:18.778   804   804 D libEGL  : loaded /vendor/lib64/egl/libGLESv1_CM_POWERVR_ROGUE.so
08-06 20:56:18.779   793   793 I ServiceManager: Waiting for service 'SurfaceFlinger' on '/dev/binder'...
08-06 20:56:18.786   804   804 D libEGL  : loaded /vendor/lib64/egl/libGLESv2_POWERVR_ROGUE.so
08-06 20:56:18.791   825   825 E sensor  : couldn't find 'heart_rate' input devicei fd=-1
08-06 20:56:18.792   825   825 D HRSensors:  open 'mice'
08-06 20:56:18.792   825   825 D HRSensors:  open 'event5'
08-06 20:56:18.792   825   825 D HRSensors:  get 'sprdphone-sc2730 Headset Keyboard'
08-06 20:56:18.804   816   837 I ServiceManager: Waiting for service 'package_native' on '/dev/binder'...
08-06 20:56:18.807   825   825 D HRSensors:  open 'event3'
08-06 20:56:18.808   825   825 D HRSensors:  get 'gpio-keys'
08-06 20:56:18.816   804   804 I Zygote  : Preloading shared libraries...
08-06 20:56:18.822   813   813 I ServiceManager: Waiting for service 'package_native' on '/dev/binder'...
08-06 20:56:18.827   804   804 I Zygote  : Called ZygoteHooks.endPreload()
08-06 20:56:18.827  1030  1030 I AudioFlinger: openOutput() this 0x72ada129c0, module 10 Device type:0x2,@:, SamplingRate 48000, Format 0x000001, Channels 0x3, flags 0x4000
08-06 20:56:18.827   804   804 I Zygote  : Installed AndroidKeyStoreProvider in 1ms.
08-06 20:56:18.827  1024  1024 I audio_hw_primary: adev_open_output_stream, devices = 0x2 flags:0x4000 rate:48000
08-06 20:56:18.827  1024  1024 I audio_hw_primary: adev_open_output_stream out:0xe8d41970
08-06 20:56:18.827  1024  1024 I audio_hw_primary: adev_open_output_stream pcm config:48000 960 960
08-06 20:56:18.828  1024  1024 I audio_hw_primary: audio_add_output type:16 out:0xe8d41970
08-06 20:56:18.828  1024  1024 I audio_hw_primary: adev_open_output_stream Successful audio_app_type:16 out:0xe8d41970
08-06 20:56:18.831  1030  1030 V APM_AudioPolicyManager: checkAndSetVolume cannot set volume group 3 volume with force use = 0 for comm
08-06 20:56:18.834   804   804 I Zygote  : Warmed up JCA providers in 7ms.
08-06 20:56:18.835   804   804 D Zygote  : end preload
08-06 20:56:18.835   804   804 I boot_progress_preload_end: 49155
08-06 20:56:18.835   825   825 D HRSensors:  open 'event4'
08-06 20:56:18.835   825   825 D HRSensors:  get 'sprdphone-sc2730 Headset Jack'
08-06 20:56:18.844  1030  1086 I AudioFlinger: AudioFlinger's thread 0x731da0e010 tid=1086 ready to run
08-06 20:56:18.852  1024  1024 W StreamOutHAL: Can not set a stream output volume {nan, nan} outside [0,1]
08-06 20:56:18.852  1030  1086 W AudioFlinger: Could not set MMAP stream volume: no volume callback!
08-06 20:56:18.875   825   825 D HRSensors:  open 'event0'
08-06 20:56:18.876   825   825 D HRSensors:  get 'sc27xx:vibrator'
08-06 20:56:18.877   804   804 I zygote64: Explicit concurrent copying GC freed 45978(2397KB) AllocSpace objects, 0(0B) LOS objects, 49% free, 5129KB/10MB, paused 59us total 42.666ms
08-06 20:56:18.878   823   823 I ServiceManager: Waiting for service 'package_native' on '/dev/binder'...
08-06 20:56:18.882   793   793 I ServiceManager: Waiting for service 'SurfaceFlinger' on '/dev/binder'...
08-06 20:56:18.893  1030  1030 V APM_AudioPolicyManager: selectOutputForMusicEffects selected output 13
08-06 20:56:18.894  1030  1030 V APM_AudioPolicyManager: setOutputDevices device {type:0x2,@:} delayMs 0
08-06 20:56:18.894  1030  1030 V APM_AudioPolicyManager: setOutputDevices() prevDevice {type:0x2,@:}
08-06 20:56:18.894  1030  1030 W APM::AudioPolicyEngine: getDevicesForStrategy() unknown strategy: -1
08-06 20:56:18.895  1030  1030 V APM_AudioPolicyManager: setOutputDevices changing device to {type:0x2,@:}
08-06 20:56:18.896  1024  1024 I audio_hw_primary: adev_create_audio_patch: source[0] type=2 address=
08-06 20:56:18.896  1024  1024 I audio_hw_primary: AUDIO_PORT_TYPE_MIX source handle:37 hw_module:10 stream:-1  source:-1
08-06 20:56:18.896  1024  1024 I audio_hw_primary: adev_create_audio_patch: sink[0] type=1 address=
08-06 20:56:18.896  1024  1024 I audio_hw_primary: AUDIO_PORT_TYPE_DEVICE sink device type:0x2 hw_module:10
08-06 20:56:18.896  1024  1024 I audio_hw_primary: sources_device_type:0 sinks_device_type:2
08-06 20:56:18.896  1024  1024 I audio_hw_primary: sinks type:1 sources type:2
08-06 20:56:18.896  1024  1049 I audio_hw_primary: adev_out_apm_devices_check update apm_devices:0x2
08-06 20:56:18.896  1024  1049 I chatty  : uid=1041(audioserver) Audio Routing T identical 4 lines
08-06 20:56:18.897  1024  1049 I audio_hw_primary: adev_out_apm_devices_check update apm_devices:0x2
08-06 20:56:18.897  1024  1049 I audio_hw_control: select_devices_new devices 0x2, is in 0 app type:-1 sync is 0,force:0
08-06 20:56:18.897  1024  1024 W StreamOutHAL: Can not set a stream output volume {nan, nan} outside [0,1]
08-06 20:56:18.897  1024  1048 I audio_hw_control: do_select_device in device:2,is_in:0,force_set:0,actl->usecase:0,in:0,out:0
08-06 20:56:18.897  1024  1048 I audio_hw_control: do_select_device usecase is 0
08-06 20:56:18.897  1030  1086 W AudioFlinger: Could not set MMAP stream volume: no volume callback!
08-06 20:56:18.897  1030  1030 V APM_AudioPolicyManager: setOutputDevices() AF::createAudioPatch returned 0 patchHandle 28 num_sources 1 num_sinks 1
08-06 20:56:18.907   825   825 D HRSensors:  open 'event2'
08-06 20:56:18.907   825   825 D HRSensors:  get 'accelerometer'
08-06 20:56:18.908   816   837 I ServiceManager: Waiting for service 'package_native' on '/dev/binder'...
08-06 20:56:18.915  1030  1030 V APM_AudioPolicyManager: checkAndSetVolume cannot set volume group 3 volume with force use = 0 for comm
08-06 20:56:18.918   804   804 I zygote64: Explicit concurrent copying GC freed 11206(444KB) AllocSpace objects, 0(0B) LOS objects, 49% free, 4717KB/9434KB, paused 35us total 34.865ms
08-06 20:56:18.922  1024  1024 W StreamOutHAL: Can not set a stream output volume {nan, nan} outside [0,1]
08-06 20:56:18.922  1030  1086 W AudioFlinger: Could not set MMAP stream volume: no volume callback!
08-06 20:56:18.922   813   813 I ServiceManager: Waiting for service 'package_native' on '/dev/binder'...
08-06 20:56:18.927  1024  1024 I audio_hw_primary: adev_open_input_stream,devices=0x80000004,sample_rate=48000, channel_count=2 flags:0 source:1
08-06 20:56:18.927  1024  1024 I audio_hw_control: dev_ctl_get_in_pcm_config AUDIO_HW_APP_NORMAL_RECORD
08-06 20:56:18.927  1024  1024 I audio_hw_primary: audio_add_input type:7 in:0xea081330 
08-06 20:56:18.927  1024  1024 I audio_hw_primary: adev_open_input_stream,devices=0x80000004,sample_rate=48000, channel_count=2
08-06 20:56:18.929  1030  1030 I ashmem  : memfd: device VNDK version (28) is < Q so using ashmem.
08-06 20:56:18.931   825   825 D HRSensors:  open 'event1'
08-06 20:56:18.932   825   825 D HRSensors:  get 'hyn_ts'
08-06 20:56:18.932  1024  1024 I audio_hw_primary: 0xea081330 in_get_buffer_size:7680
08-06 20:56:18.927  1030  1030 I auditd  : type=1400 audit(0.0:30): avc: denied { write } for comm="audioserver" path="pipe:[24829]" dev="pipefs" ino=24829 scontext=u:r:hal_audio_default:s0 tcontext=u:r:audioserver:s0 tclass=fifo_file permissive=0
08-06 20:56:18.927  1030  1030 W audioserver: type=1400 audit(0.0:30): avc: denied { write } for path="pipe:[24829]" dev="pipefs" ino=24829 scontext=u:r:hal_audio_default:s0 tcontext=u:r:audioserver:s0 tclass=fifo_file permissive=0
08-06 20:56:18.932  1024  1024 I audio_hw_primary: 0xea081330 in_get_buffer_size:7680
08-06 20:56:18.934  1030  1030 E HalHidl : Stream 0x720da11750 dump: Status(EX_TRANSACTION_FAILED): 'FAILED_TRANSACTION: ' (from rpc)
08-06 20:56:18.936  1030  1087 I AudioFlinger: AudioFlinger's thread 0x741fbd7040 tid=1087 ready to run
08-06 20:56:18.936  1024  1024 I audio_hw_primary: in_standby:0xea081330
08-06 20:56:18.937  1030  1087 W AudioFlinger: no wake lock to update, system not ready yet
08-06 20:56:18.937  1024  1024 I audio_hw_primary: in_standby:0xea081330
08-06 20:56:18.939  1030  1087 W AudioFlinger: no wake lock to update, system not ready yet
08-06 20:56:18.942  1024  1024 I audio_hw_primary: in_standby:0xea081330
08-06 20:56:18.942  1024  1024 I audio_hw_primary: audio_del_input type:7 out:0xea081330
08-06 20:56:18.942  1024  1024 I audio_hw_primary: audio_del_input:0xea081330 type:7
08-06 20:56:18.942  1024  1024 I audio_hw_primary: adev_close_input_stream 4320
08-06 20:56:18.943  1024  1082 I audio_hw_primary: adev_open_input_stream,devices=0x80000004,sample_rate=48000, channel_count=2 flags:0 source:1
08-06 20:56:18.943  1024  1082 I audio_hw_control: dev_ctl_get_in_pcm_config AUDIO_HW_APP_NORMAL_RECORD
08-06 20:56:18.943  1024  1082 I audio_hw_primary: audio_add_input type:7 in:0xea081330 
08-06 20:56:18.943  1024  1082 I audio_hw_primary: adev_open_input_stream,devices=0x80000004,sample_rate=48000, channel_count=2
08-06 20:56:18.952  1024  1082 I audio_hw_primary: 0xea081330 in_get_buffer_size:7680
08-06 20:56:18.947  1030  1030 I auditd  : type=1400 audit(0.0:31): avc: denied { write } for comm="audioserver" path="pipe:[23445]" dev="pipefs" ino=23445 scontext=u:r:hal_audio_default:s0 tcontext=u:r:audioserver:s0 tclass=fifo_file permissive=0
08-06 20:56:18.952  1024  1082 I audio_hw_primary: 0xea081330 in_get_buffer_size:7680
08-06 20:56:18.947  1030  1030 W audioserver: type=1400 audit(0.0:31): avc: denied { write } for path="pipe:[23445]" dev="pipefs" ino=23445 scontext=u:r:hal_audio_default:s0 tcontext=u:r:audioserver:s0 tclass=fifo_file permissive=0
08-06 20:56:18.954  1030  1030 E HalHidl : Stream 0x720da11ac0 dump: Status(EX_TRANSACTION_FAILED): 'FAILED_TRANSACTION: ' (from rpc)
08-06 20:56:18.959  1030  1089 I AudioFlinger: AudioFlinger's thread 0x741fbd7040 tid=1089 ready to run
08-06 20:56:18.960  1024  1082 I audio_hw_primary: in_standby:0xea081330
08-06 20:56:18.960  1030  1089 W AudioFlinger: no wake lock to update, system not ready yet
08-06 20:56:18.960  1024  1082 I audio_hw_primary: in_standby:0xea081330
08-06 20:56:18.968   825   825 D HRSensors: 'hx3918' fd = -1 input device
08-06 20:56:18.968   825   825 D HRSensors: hx3918 init, data_fd = -1, dev_fd = -1
08-06 20:56:18.968   825   825 D sensor  : numSensors=4; PPGSensors::numSensors=1, hrt = 3
08-06 20:56:18.968   825   825 E sensor  : open /dev/input/mice fail , fd=-1
08-06 20:56:18.972  1030  1089 W AudioFlinger: no wake lock to update, system not ready yet
08-06 20:56:18.980   823   823 I ServiceManager: Waiting for service 'package_native' on '/dev/binder'...
08-06 20:56:18.980  1024  1082 I audio_hw_primary: in_standby:0xea081330
08-06 20:56:18.980  1024  1024 I audio_hw_primary: adev_open_input_stream,devices=0x80002000,sample_rate=48000, channel_count=2 flags:0 source:1
08-06 20:56:18.980  1024  1082 I audio_hw_primary: audio_del_input type:7 out:0xea081330
08-06 20:56:18.981  1024  1082 I audio_hw_primary: audio_del_input:0xea081330 type:7
08-06 20:56:18.981  1024  1024 I audio_hw_control: dev_ctl_get_in_pcm_config AUDIO_HW_APP_NORMAL_RECORD
08-06 20:56:18.981  1024  1024 I audio_hw_primary: audio_add_input type:7 in:0xea082870 
08-06 20:56:18.981  1024  1024 I audio_hw_primary: adev_open_input_stream,devices=0x80002000,sample_rate=48000, channel_count=2
08-06 20:56:18.981  1024  1082 I audio_hw_primary: adev_close_input_stream 4320
08-06 20:56:18.979  1030  1030 I auditd  : type=1400 audit(0.0:32): avc: denied { write } for comm="audioserver" path="pipe:[24831]" dev="pipefs" ino=24831 scontext=u:r:hal_audio_default:s0 tcontext=u:r:audioserver:s0 tclass=fifo_file permissive=0
08-06 20:56:18.979  1030  1030 W audioserver: type=1400 audit(0.0:32): avc: denied { write } for path="pipe:[24831]" dev="pipefs" ino=24831 scontext=u:r:hal_audio_default:s0 tcontext=u:r:audioserver:s0 tclass=fifo_file permissive=0
08-06 20:56:18.982  1024  1024 I audio_hw_primary: 0xea082870 in_get_buffer_size:7680
08-06 20:56:18.982   793   793 I ServiceManager: Waiting for service 'SurfaceFlinger' on '/dev/binder'...
08-06 20:56:18.982  1024  1024 I audio_hw_primary: 0xea082870 in_get_buffer_size:7680
08-06 20:56:18.983  1030  1030 E HalHidl : Stream 0x720da11750 dump: Status(EX_TRANSACTION_FAILED): 'FAILED_TRANSACTION: ' (from rpc)
08-06 20:56:18.991  1030  1030 I auditd  : type=1400 audit(0.0:33): avc: denied { write } for comm="audioserver" path="pipe:[25861]" dev="pipefs" ino=25861 scontext=u:r:hal_audio_default:s0 tcontext=u:r:audioserver:s0 tclass=fifo_file permissive=0
08-06 20:56:18.991  1030  1030 W audioserver: type=1400 audit(0.0:33): avc: denied { write } for path="pipe:[25861]" dev="pipefs" ino=25861 scontext=u:r:hal_audio_default:s0 tcontext=u:r:audioserver:s0 tclass=fifo_file permissive=0
08-06 20:56:18.996  1030  1092 I AudioFlinger: AudioFlinger's thread 0x741fbd7040 tid=1092 ready to run
08-06 20:56:18.997  1024  1024 I audio_hw_primary: in_standby:0xea082870
08-06 20:56:18.997  1024  1024 I audio_hw_primary: audio_del_input type:7 out:0xea082870
08-06 20:56:18.997  1024  1024 I audio_hw_primary: audio_del_input:0xea082870 type:7
08-06 20:56:18.997  1024  1024 I audio_hw_primary: adev_close_input_stream 4320
08-06 20:56:18.997  1024  1024 I audio_hw_primary: adev_open_input_stream,devices=0x80000004,sample_rate=16000, channel_count=1 flags:0 source:1
08-06 20:56:18.997  1024  1024 I audio_hw_control: dev_ctl_get_in_pcm_config AUDIO_HW_APP_NORMAL_RECORD
08-06 20:56:18.997  1024  1024 I audio_hw_primary: audio_add_input type:7 in:0xea082870 
08-06 20:56:18.997  1024  1024 I audio_hw_primary: adev_open_input_stream,devices=0x80000004,sample_rate=16000, channel_count=2
08-06 20:56:18.998  1024  1024 I audio_hw_primary: 0xea082870 in_get_buffer_size:1280
08-06 20:56:18.998  1024  1024 I audio_hw_primary: 0xea082870 in_get_buffer_size:320
08-06 20:56:18.998  1030  1030 E HalHidl : Stream 0x720da11ac0 dump: Status(EX_TRANSACTION_FAILED): 'FAILED_TRANSACTION: ' (from rpc)
08-06 20:56:18.999  1030  1094 I AudioFlinger: AudioFlinger's thread 0x741fbd7040 tid=1094 ready to run
08-06 20:56:19.000  1024  1024 I audio_hw_primary: in_standby:0xea082870
08-06 20:56:19.000  1030  1094 W AudioFlinger: no wake lock to update, system not ready yet
08-06 20:56:19.000  1024  1024 I audio_hw_primary: in_standby:0xea082870
08-06 20:56:19.001   585   586 I zn-daemon64: [zn-zygisk-loader64,0,804,804]mntbuf cleaned
08-06 20:56:19.006  1030  1094 W AudioFlinger: no wake lock to update, system not ready yet
08-06 20:56:19.008  1024  1082 I audio_hw_primary: in_standby:0xea082870
08-06 20:56:19.008  1024  1082 I audio_hw_primary: audio_del_input type:7 out:0xea082870
08-06 20:56:19.008  1024  1082 I audio_hw_primary: audio_del_input:0xea082870 type:7
08-06 20:56:19.008  1024  1082 I audio_hw_primary: adev_close_input_stream 4320
08-06 20:56:19.008  1033  1033 D RenderEngine: shader cache generated - 48 shaders in 672.034851 ms
08-06 20:56:19.008   816   837 I ServiceManager: Waiting for service 'package_native' on '/dev/binder'...
08-06 20:56:19.011  1033  1033 I HidlServiceManagement: Registered android.frameworks.displayservice@1.0::IDisplayService/default
08-06 20:56:19.012  1033  1033 D SurfaceFlinger: Setting power mode 2 on display 0
08-06 20:56:19.012   686   686 D SPRDHWComposer: mode change(0 -> 0)
08-06 20:56:19.012   686   686 E SPRDHWComposer: failed to open /sys/class/display/dsi/dpms_mode, fd = -1
08-06 20:56:19.013  1033  1033 D SurfaceFlinger: Finished setting power mode 2 on display 0
08-06 20:56:19.021  1024  1024 I r_submix: adev_open(name=audio_hw_if)
08-06 20:56:19.024   813   813 I ServiceManager: Waiting for service 'package_native' on '/dev/binder'...
08-06 20:56:19.028  1024  1024 I r_submix: adev_init_check()
08-06 20:56:19.028  1024  1024 W DeviceHAL: Error from HAL Device in function set_master_volume: Function not implemented
08-06 20:56:19.028  1024  1082 W DeviceHAL: Error from HAL Device in function set_master_mute: Function not implemented
08-06 20:56:19.028  1030  1030 I AudioFlinger: loadHwModule() Loaded r_submix audio interface, handle 18
08-06 20:56:19.028  1024  1082 D r_submix: adev_open_input_stream(addr=0)
08-06 20:56:19.029  1024  1082 D r_submix: submix_audio_device_create_pipe_l(addr=0, idx=9)
08-06 20:56:19.029  1024  1082 D r_submix:   now using address 0 for route 9
08-06 20:56:19.027  1030  1030 I auditd  : type=1400 audit(0.0:34): avc: denied { write } for comm="audioserver" path="pipe:[24836]" dev="pipefs" ino=24836 scontext=u:r:hal_audio_default:s0 tcontext=u:r:audioserver:s0 tclass=fifo_file permissive=0
08-06 20:56:19.027  1030  1030 W audioserver: type=1400 audit(0.0:34): avc: denied { write } for path="pipe:[24836]" dev="pipefs" ino=24836 scontext=u:r:hal_audio_default:s0 tcontext=u:r:audioserver:s0 tclass=fifo_file permissive=0
08-06 20:56:19.033  1030  1030 E HalHidl : Stream 0x720da127d0 dump: Status(EX_TRANSACTION_FAILED): 'FAILED_TRANSACTION: ' (from rpc)
08-06 20:56:19.035  1030  1097 I AudioFlinger: AudioFlinger's thread 0x741fbd7040 tid=1097 ready to run
08-06 20:56:19.037  1024  1024 I r_submix: in_standby()
08-06 20:56:19.037  1030  1097 W AudioFlinger: no wake lock to update, system not ready yet
08-06 20:56:19.037  1024  1024 I r_submix: in_standby()
08-06 20:56:19.040  1030  1097 W AudioFlinger: no wake lock to update, system not ready yet
08-06 20:56:19.040  1024  1024 D r_submix: adev_close_input_stream()
08-06 20:56:19.040  1024  1024 D r_submix: submix_audio_device_release_pipe_l(idx=9) addr=0
08-06 20:56:19.040  1024  1024 D r_submix: submix_audio_device_destroy_pipe_l(): pipe destroyed
08-06 20:56:19.057  1030  1030 I bt_a2dp_hw: adev_open:  adev_open in A2dp_hw module
08-06 20:56:19.057  1030  1030 I AudioFlinger: loadHwModule() Loaded a2dp audio interface, handle 26
08-06 20:56:19.057  1030  1030 E APM_AudioPolicyManager: onNewAudioModulesAvailableInt: Input device list is empty!
08-06 20:56:19.059  1024  1053 I audio_hw_param: load_xml_handle:0xe9984460 /vendor/etc/audio_params/sprd/codec.xml
08-06 20:56:19.070   585   646 I zn-daemon64: nscleaner for zygote started
08-06 20:56:19.079   793   793 I auditd  : type=1400 audit(0.0:35): avc: denied { read } for comm="bootanimation" name="u:object_r:userspace_reboot_exported_prop:s0" dev="tmpfs" ino=10791 scontext=u:r:bootanim:s0 tcontext=u:object_r:userspace_reboot_exported_prop:s0 tclass=file permissive=0
08-06 20:56:19.079   793   793 W bootanimation: type=1400 audit(0.0:35): avc: denied { read } for name="u:object_r:userspace_reboot_exported_prop:s0" dev="tmpfs" ino=10791 scontext=u:r:bootanim:s0 tcontext=u:object_r:userspace_reboot_exported_prop:s0 tclass=file permissive=0
08-06 20:56:19.075  1024  1024 W DeviceHAL: Error from HAL Device in function set_master_volume: Function not implemented
08-06 20:56:19.075  1030  1030 I AudioFlinger: loadHwModule() Loaded usb audio interface, handle 34
08-06 20:56:19.075  1030  1030 E APM_AudioPolicyManager: onNewAudioModulesAvailableInt: Input device list is empty!
08-06 20:56:19.077  1030  1030 W APM::AudioPolicyEngine: getDevicesForStrategy() unknown strategy: -1
08-06 20:56:19.077  1030  1030 W APM::AudioPolicyEngine: getDevicesForStrategy() unknown strategy: -1
08-06 20:56:19.078  1030  1030 I audioserver: Waiting for activity service
08-06 20:56:19.078  1024  1053 I audio_hw_param: init_sprd_audio_param_from_xml profile:4 end 0x2be4 offset:0x2be4 param_struct_size:0xd4 mode:53
08-06 20:56:19.078  1024  1053 I audio_hw_param: release_xml_handle:0xe9984460
08-06 20:56:19.083   793   793 D BootAnimation: BootAnimationStartTiming start time: 49403ms
08-06 20:56:19.083   793   793 D BootAnimation: BootAnimationPreloadTiming start time: 49403ms
08-06 20:56:19.084   793   793 E libc    : Access denied finding property "sys.init.userspace_reboot.in_progress"
08-06 20:56:19.088   823   823 I ServiceManager: Waiting for service 'package_native' on '/dev/binder'...
08-06 20:56:19.110   816   837 I ServiceManager: Waiting for service 'package_native' on '/dev/binder'...
08-06 20:56:19.125   813   813 I ServiceManager: Waiting for service 'package_native' on '/dev/binder'...
08-06 20:56:19.125  1024  1053 I audio_hw_param: load_audio_param check audio param load_status:0x38
08-06 20:56:19.125  1024  1053 I audio_hw_control: audio_param_thread profile:4 Exit load_status:0x38
08-06 20:56:19.175   777  1047 W adbd    : timed out while waiting for FUNCTIONFS_BIND, trying again
08-06 20:56:19.175   777  1047 I adbd    : UsbFfs: connection terminated: monitor thread finished
08-06 20:56:19.176   921   921 I LSPosedService: service package is not started, wait 1s.
08-06 20:56:19.176   777   777 I adbd    : UsbFfs: already offline
08-06 20:56:19.176   777   777 I adbd    : destroying transport UsbFfs
08-06 20:56:19.176   777   777 I adbd    : UsbFfsConnection being destroyed
08-06 20:56:19.177   825   825 E sensor  : couldn't find 'spo2' input devicei fd=-1
08-06 20:56:19.177   825   825 D SPO2Sensors: SPO2Sensor::SPO2Sensor
08-06 20:56:19.177   825   825 D SPO2Sensors:  open 'mice'
08-06 20:56:19.177   825   825 D SPO2Sensors:  open 'event5'
08-06 20:56:19.177   825   825 D SPO2Sensors:  get 'sprdphone-sc2730 Headset Keyboard'
08-06 20:56:19.200   825   825 D SPO2Sensors:  open 'event3'
08-06 20:56:19.200   825   825 D SPO2Sensors:  get 'gpio-keys'
08-06 20:56:19.200   823   823 I ServiceManager: Waiting for service 'package_native' on '/dev/binder'...
08-06 20:56:19.214   816   837 I ServiceManager: Waiting for service 'package_native' on '/dev/binder'...
08-06 20:56:19.220   825   825 D SPO2Sensors:  open 'event4'
08-06 20:56:19.220   777   782 I adbd    : opening control endpoint /dev/usb-ffs/adb/ep0
08-06 20:56:19.220   825   825 D SPO2Sensors:  get 'sprdphone-sc2730 Headset Jack'
08-06 20:56:19.224   777   782 I adbd    : UsbFfsConnection constructed
08-06 20:56:19.228   813   813 I ServiceManager: Waiting for service 'package_native' on '/dev/binder'...
08-06 20:56:19.229   585   586 I zn-daemon64: [zn-zygisk-loader64,0,804,804]preload zygisk modules
08-06 20:56:19.229   777  1102 I adbd    : UsbFfs-monitor thread spawned
08-06 20:56:19.253   585   586 I zn-daemon64: [zn-zygisk-loader64,0,804,804]preloaded 2/2 modules
08-06 20:56:19.259   825   825 D SPO2Sensors:  open 'event0'
08-06 20:56:19.260   825   825 D SPO2Sensors:  get 'sc27xx:vibrator'
08-06 20:56:19.261   793   793 D BootAnimation: BootAnimationPreloadStopTiming start time: 49582ms
08-06 20:56:19.261   804   804 D Zygote  : Forked child process 1103
08-06 20:56:19.262   804   804 I Zygote  : System server process 1103 has been created
08-06 20:56:19.263   804   804 I Zygote  : Accepting command socket connections
08-06 20:56:19.289  1024  1050 I audio_hw_dsp: begin to receive agdsp pipe message
08-06 20:56:19.292   793  1105 D libEGL  : loaded /vendor/lib64/egl/libEGL_POWERVR_ROGUE.so
08-06 20:56:19.299   825   825 D SPO2Sensors:  open 'event2'
08-06 20:56:19.299   825   825 D SPO2Sensors:  get 'accelerometer'
08-06 20:56:19.301   793  1105 D libEGL  : loaded /vendor/lib64/egl/libGLESv1_CM_POWERVR_ROGUE.so
08-06 20:56:19.310   823   823 I ServiceManager: Waiting for service 'package_native' on '/dev/binder'...
08-06 20:56:19.315   816   837 I ServiceManager: Waiting for service 'package_native' on '/dev/binder'...
08-06 20:56:19.317   793  1105 D libEGL  : loaded /vendor/lib64/egl/libGLESv2_POWERVR_ROGUE.so
08-06 20:56:19.319   825   825 D SPO2Sensors:  open 'event1'
08-06 20:56:19.320   825   825 D SPO2Sensors:  get 'hyn_ts'
08-06 20:56:19.329   813   813 I ServiceManager: Waiting for service 'package_native' on '/dev/binder'...
08-06 20:56:19.362   684   764 D android.hardware.graphics.allocator@2.0-service: GBuffer--------------(*format)=2
08-06 20:56:19.363   684   764 D android.hardware.graphics.allocator@2.0-service: Gralloc alloc start  w:408, h:502, f:0x2, usage:0xb00, line = 1511
08-06 20:56:19.363   684   764 D android.hardware.graphics.allocator@2.0-service: Gralloc Alloc end  w:408, h:502, f:0x2, usage:0xb00, handle:0x27870850, ui64Stamp:151, sSize:835584, line = 1877
08-06 20:56:19.365  1033  1043 D surfaceflinger: Gralloc Register  w:408, h:502, f:0x2, usage:0xb00, ui64Stamp:151, sSize:835584, line = 2104
08-06 20:56:19.365  1033  1041 I ashmem  : memfd: device VNDK version (28) is < Q so using ashmem.
08-06 20:56:19.365   684   764 D android.hardware.graphics.allocator@2.0-service: Gralloc Free  w:408, h:502, f:0x2, usage:0xb00, ui64Stamp:151 line = 2210
08-06 20:56:19.366   226   226 I hwservicemanager: getTransport: Cannot find entry android.hardware.graphics.mapper@4.0::IMapper/default in either framework or device manifest.
08-06 20:56:19.366   793  1105 I Gralloc4: mapper 4.x is not supported
08-06 20:56:19.366   226   226 I hwservicemanager: getTransport: Cannot find entry android.hardware.graphics.mapper@3.0::IMapper/default in either framework or device manifest.
08-06 20:56:19.366   793  1105 W Gralloc3: mapper 3.x is not supported
08-06 20:56:19.367   825   825 D SPO2Sensors: 'hx3918' fd = -1 input device
08-06 20:56:19.367   825   825 D SPO2Sensors: hx3918_spo2 init, data_fd = -1, dev_fd = -1
08-06 20:56:19.367   825   825 D sensor  : numSensors=5, SPO2Sensor::numSensors=1, spo2 = 4
08-06 20:56:19.367   825   825 E sensor  : open /dev/input/mice fail , fd=-1
08-06 20:56:19.379   793  1105 D bootanimation: Gralloc Register  w:408, h:502, f:0x2, usage:0xb00, ui64Stamp:151, sSize:835584, line = 2104
08-06 20:56:19.387   585   586 I zn-daemon64: [zn-zygisk-loader64,0,1103,1103]cfi shadow addr 0x72b7d41000
08-06 20:56:19.412   823   823 I ServiceManager: Waiting for service 'package_native' on '/dev/binder'...
08-06 20:56:19.415   793  1105 D BootAnimation: BootAnimationShownTiming start time: 49736ms
08-06 20:56:19.415   816   837 I ServiceManager: Waiting for service 'package_native' on '/dev/binder'...
08-06 20:56:19.424   793  1113 E BootAnimation: Could not add watch for /data/system: Permission denied
08-06 20:56:19.429   813   813 I ServiceManager: Waiting for service 'package_native' on '/dev/binder'...
08-06 20:56:19.442  1112  1112 I zn-zygisk-companion64: spawning companion for zygisk_lsposed
08-06 20:56:19.444   921  1007 I LSPosedService: LSPSystemServerService: starting new bridge
08-06 20:56:19.450  1024  1056 I audio_hw_param: load_xml_handle:0xe99843f0 /vendor/etc/audio_params/sprd/dsp_vbc.xml
08-06 20:56:19.454   793  1105 I ashmem  : memfd: device VNDK version (28) is < Q so using ashmem.
08-06 20:56:19.471  1033  1033 I SurfaceFlinger: Enter boot animation
08-06 20:56:19.473  1033  1033 E FMQ     : grantorIdx must be less than 3
08-06 20:56:19.474   686   686 D android.hardware.graphics.composer@2.1-service: Gralloc Register  w:408, h:502, f:0x2, usage:0xb00, ui64Stamp:151, sSize:835584, line = 2104
08-06 20:56:19.475  1033  1033 E FMQ     : grantorIdx must be less than 3
08-06 20:56:19.506  1024  1056 I audio_hw_param: init_sprd_audio_param_from_xml profile:0 end 0x1d2d4 offset:0x1d2d4 param_struct_size:0x6c4 mode:69
08-06 20:56:19.511  1024  1056 I audio_hw_param: check audio param profile:0 buffer_size:119532 param size:119508 header size:24
08-06 20:56:19.512  1024  1056 I audio_hw_param: release_xml_handle:0xe99843f0
08-06 20:56:19.513   823   823 I ServiceManager: Waiting for service 'package_native' on '/dev/binder'...
08-06 20:56:19.516   816   837 I ServiceManager: Waiting for service 'package_native' on '/dev/binder'...
08-06 20:56:19.530   813   813 I ServiceManager: Waiting for service 'package_native' on '/dev/binder'...
08-06 20:56:19.555   825   825 E sensor  : couldn't find 'vp' input devicei fd=-1
08-06 20:56:19.556   825   825 D VPSensors: VPSensor::VPSensor
08-06 20:56:19.556   825   825 D VPSensors:  open 'mice'
08-06 20:56:19.556   825   825 D VPSensors:  open 'event5'
08-06 20:56:19.556   825   825 D VPSensors:  get 'sprdphone-sc2730 Headset Keyboard'
08-06 20:56:19.579  1024  1059 I audio_hw_param: load_xml_handle:0xe9984498 /vendor/etc/audio_params/sprd/dsp_smartamp.xml
08-06 20:56:19.579  1024  1059 I audio_hw_SmartAmp: set_smartamp_cali_offset q10_max:256 q10_normal:184
08-06 20:56:19.579   825   825 D VPSensors:  open 'event3'
08-06 20:56:19.579   825   825 D VPSensors:  get 'gpio-keys'
08-06 20:56:19.595   825   825 D VPSensors:  open 'event4'
08-06 20:56:19.595   825   825 D VPSensors:  get 'sprdphone-sc2730 Headset Jack'
08-06 20:56:19.601  1024  1056 I audio_hw_param: upload_audio_profile_param_firmware:0, ret(0)
08-06 20:56:19.601  1024  1056 I audio_hw_param: load_audio_param check audio param load_status:0x39
08-06 20:56:19.601  1024  1056 I audio_hw_control: audio_param_thread profile:0 Exit load_status:0x39
08-06 20:56:19.615   823   823 I ServiceManager: Waiting for service 'package_native' on '/dev/binder'...
08-06 20:56:19.617   816   837 I ServiceManager: Waiting for service 'package_native' on '/dev/binder'...
08-06 20:56:19.631   813   813 I ServiceManager: Waiting for service 'package_native' on '/dev/binder'...
08-06 20:56:19.655   825   825 D VPSensors:  open 'event0'
08-06 20:56:19.656   825   825 D VPSensors:  get 'sc27xx:vibrator'
08-06 20:56:19.656  1024  1059 I audio_hw_param: init_sprd_audio_param_from_xml profile:6 end 0x82a4 offset:0x82a4 param_struct_size:0xe84 mode:9
08-06 20:56:19.661  1024  1059 I audio_hw_param: check audio param profile:6 buffer_size:33468 param size:33444 header size:24
08-06 20:56:19.661  1024  1059 I audio_hw_param: release_xml_handle:0xe9984498
08-06 20:56:19.691   825   825 D VPSensors:  open 'event2'
08-06 20:56:19.692   825   825 D VPSensors:  get 'accelerometer'
08-06 20:56:19.716   825   825 D VPSensors:  open 'event1'
08-06 20:56:19.716   825   825 D VPSensors:  get 'hyn_ts'
08-06 20:56:19.717   816   837 I ServiceManager: Waiting for service 'package_native' on '/dev/binder'...
08-06 20:56:19.719   823   823 I ServiceManager: Waiting for service 'package_native' on '/dev/binder'...
08-06 20:56:19.732   813   813 I ServiceManager: Waiting for service 'package_native' on '/dev/binder'...
08-06 20:56:19.759   825   825 D VPSensors: 'hx3918' fd = -1 input device
08-06 20:56:19.759   825   825 D VPSensors: hx3918_vp init, data_fd = -1, dev_fd = -1
08-06 20:56:19.760   825   825 D sensor  : numSensors=6, VPSensor::numSensors=1, vp = 5
08-06 20:56:19.760   825   825 D sensor  : no BLSSensor
08-06 20:56:19.760   825   825 D sensor  : no PressureSensor
08-06 20:56:19.760   825   825 D sensor  : no HallSensor
08-06 20:56:19.760   825   825 D sensor  : no finger_motion_detect
08-06 20:56:19.760   825   825 E sensor  : wakeIndex=6, flushIndex=7 
08-06 20:56:19.761   825   825 I ServiceManagement: Removing namespace from process name android.hardware.sensors@1.0-service to sensors@1.0-service.
08-06 20:56:19.762   825   825 I android.hardware.sensors@1.0-service: Registration complete for android.hardware.sensors@1.0::ISensors/default.
08-06 20:56:19.782  1024  1059 I audio_hw_param: upload_audio_profile_param_firmware:6, ret(0)
08-06 20:56:19.782  1024  1059 I audio_hw_param: load_audio_param check audio param load_status:0x79
08-06 20:56:19.782  1024  1059 I audio_hw_control: audio_param_thread profile:6 Exit load_status:0x79
08-06 20:56:19.818   816   837 I ServiceManager: Waiting for service 'package_native' on '/dev/binder'...
08-06 20:56:19.823   823   823 I ServiceManager: Waiting for service 'package_native' on '/dev/binder'...
08-06 20:56:19.833   813   813 I ServiceManager: Waiting for service 'package_native' on '/dev/binder'...
08-06 20:56:19.919   816   837 I ServiceManager: Waiting for service 'package_native' on '/dev/binder'...
08-06 20:56:19.924   823   823 I ServiceManager: Waiting for service 'package_native' on '/dev/binder'...
08-06 20:56:19.934   813   813 W ServiceManager: Service package_native didn't start. Returning NULL
08-06 20:56:19.934   813   813 E iorapd  : Cannot get package manager service!
08-06 20:56:20.020   816   837 I ServiceManager: Waiting for service 'package_native' on '/dev/binder'...
08-06 20:56:20.025   823   823 I ServiceManager: Waiting for service 'package_native' on '/dev/binder'...
08-06 20:56:20.049  1024  1058 I audio_hw_param: load_xml_handle:0xe998440c /vendor/etc/audio_params/sprd/audio_structure.xml
08-06 20:56:20.096  1024  1058 I audio_hw_param: get_audio_param_id_frome_name failed:Audio\HighVolume\NB1
08-06 20:56:20.096  1024  1058 W audio_hw_param: invalid param next_path:Audio\HighVolume\NB1 name:NB1 depth:3 id:-1 id:0x000006c4 max:ca76 offset:9722
08-06 20:56:20.097  1024  1058 I audio_hw_param: get_audio_param_id_frome_name failed:Audio\HighVolume\NB2
08-06 20:56:20.097  1024  1058 W audio_hw_param: invalid param next_path:Audio\HighVolume\NB2 name:NB2 depth:3 id:-1 id:0x000006c4 max:ca76 offset:99fc
08-06 20:56:20.098  1024  1058 I audio_hw_param: get_audio_param_id_frome_name failed:Audio\HighVolume\WB1
08-06 20:56:20.098  1024  1058 W audio_hw_param: invalid param next_path:Audio\HighVolume\WB1 name:WB1 depth:3 id:-1 id:0x000006c4 max:ca76 offset:9cd6
08-06 20:56:20.099  1024  1058 I audio_hw_param: get_audio_param_id_frome_name failed:Audio\HighVolume\WB2
08-06 20:56:20.099  1024  1058 W audio_hw_param: invalid param next_path:Audio\HighVolume\WB2 name:WB2 depth:3 id:-1 id:0x000006c4 max:ca76 offset:9fb0
08-06 20:56:20.100  1024  1058 I audio_hw_param: get_audio_param_id_frome_name failed:Audio\HighVolume\SWB1
08-06 20:56:20.100  1024  1058 W audio_hw_param: invalid param next_path:Audio\HighVolume\SWB1 name:SWB1 depth:3 id:-1 id:0x000006c4 max:ca76 offset:a28a
08-06 20:56:20.101  1024  1058 I audio_hw_param: get_audio_param_id_frome_name failed:Audio\HighVolume\FB1
08-06 20:56:20.101  1024  1058 W audio_hw_param: invalid param next_path:Audio\HighVolume\FB1 name:FB1 depth:3 id:-1 id:0x000006c4 max:ca76 offset:a564
08-06 20:56:20.102  1024  1058 I audio_hw_param: get_audio_param_id_frome_name failed:Audio\HighVolume\VOIP1
08-06 20:56:20.102  1024  1058 W audio_hw_param: invalid param next_path:Audio\HighVolume\VOIP1 name:VOIP1 depth:3 id:-1 id:0x000006c4 max:ca76 offset:a83e
08-06 20:56:20.110  1024  1058 I audio_hw_param: init_sprd_audio_param_from_xml profile:1 end 0xca76 offset:0xca76 param_struct_size:0x2da mode:71
08-06 20:56:20.113  1024  1058 I audio_hw_param: check audio param profile:1 buffer_size:51854 param size:51830 header size:24
08-06 20:56:20.113  1024  1058 I audio_hw_param: release_xml_handle:0xe998440c
08-06 20:56:20.121   816   837 I ServiceManager: Waiting for service 'package_native' on '/dev/binder'...
08-06 20:56:20.126   823   823 I ServiceManager: Waiting for service 'package_native' on '/dev/binder'...
08-06 20:56:20.177   921   921 I LSPosedService: service package is not started, wait 1s.
08-06 20:56:20.223   816   837 I ServiceManager: Waiting for service 'package_native' on '/dev/binder'...
08-06 20:56:20.227   823   823 I ServiceManager: Waiting for service 'package_native' on '/dev/binder'...
08-06 20:56:20.231   777  1102 W adbd    : timed out while waiting for FUNCTIONFS_BIND, trying again
08-06 20:56:20.231   777  1102 I adbd    : UsbFfs: connection terminated: monitor thread finished
08-06 20:56:20.232   777   777 I adbd    : UsbFfs: already offline
08-06 20:56:20.232   777   777 I adbd    : destroying transport UsbFfs
08-06 20:56:20.232   777   777 I adbd    : UsbFfsConnection being destroyed
08-06 20:56:20.264   777   782 I adbd    : opening control endpoint /dev/usb-ffs/adb/ep0
08-06 20:56:20.265   777   782 I adbd    : UsbFfsConnection constructed
08-06 20:56:20.267   777  1122 I adbd    : UsbFfs-monitor thread spawned
08-06 20:56:20.273  1024  1057 I audio_hw_param: load_xml_handle:0xe9984428 /vendor/etc/audio_params/sprd/cvs.xml
08-06 20:56:20.323   816   837 I ServiceManager: Waiting for service 'package_native' on '/dev/binder'...
08-06 20:56:20.328   823   823 I ServiceManager: Waiting for service 'package_native' on '/dev/binder'...
08-06 20:56:20.345  1024  1057 I audio_hw_param: init_sprd_audio_param_from_xml profile:2 end 0xcf00 offset:0xcf00 param_struct_size:0x33c mode:64
08-06 20:56:20.347  1024  1057 I audio_hw_param: check audio param profile:2 buffer_size:53016 param size:52992 header size:24
08-06 20:56:20.347  1024  1057 I audio_hw_param: release_xml_handle:0xe9984428
08-06 20:56:20.364  1024  1058 I audio_hw_param: upload_audio_profile_param_firmware:1, ret(0)
08-06 20:56:20.364  1024  1058 I audio_hw_param: load_audio_param check audio param load_status:0x7b
08-06 20:56:20.364  1024  1058 I audio_hw_control: audio_param_thread profile:1 Exit load_status:0x7b
08-06 20:56:20.380  1120  1120 D AndroidRuntime: >>>>>> START com.android.internal.os.RuntimeInit uid 0 <<<<<<
08-06 20:56:20.385  1120  1120 I AndroidRuntime: Using default boot image
08-06 20:56:20.385  1120  1120 I AndroidRuntime: Leaving lock profiling enabled
08-06 20:56:20.389  1120  1120 I lspd    : Core platform API reporting enabled, enforcing=false
08-06 20:56:20.424   816   837 I ServiceManager: Waiting for service 'package_native' on '/dev/binder'...
08-06 20:56:20.429   823   823 I ServiceManager: Waiting for service 'package_native' on '/dev/binder'...
08-06 20:56:20.508  1120  1120 D lspd    : Time zone APEX ICU file found: /apex/com.android.tzdata/etc/icu/icu_tzdata.dat
08-06 20:56:20.508  1120  1120 D lspd    : I18n APEX ICU file found: /apex/com.android.i18n/etc/icu/icudt66l.dat
08-06 20:56:20.525   816   837 I ServiceManager: Waiting for service 'package_native' on '/dev/binder'...
08-06 20:56:20.529   823   823 W ServiceManager: Service package_native didn't start. Returning NULL
08-06 20:56:20.529   823   823 E storaged: getService package_native failed
08-06 20:56:20.532   823  1135 I storaged: storaged: Start
08-06 20:56:20.535   823  1135 I ServiceManager: Waiting for service 'package_native' on '/dev/binder'...
08-06 20:56:20.569  1024  1057 I audio_hw_param: upload_audio_profile_param_firmware:2, ret(0)
08-06 20:56:20.569  1024  1057 I audio_hw_param: load_audio_param check audio param load_status:0x7f
08-06 20:56:20.569  1024  1057 I audio_hw_control: load audio param success
08-06 20:56:20.569  1024  1057 I audio_hw_param: get_audio_param_mode type:4 param_id:65 param_mode:2b default_mode:41
08-06 20:56:20.570  1024  1057 I audio_hw_control: set_speaker_pa_default_config set inner_pa :0x13f
08-06 20:56:20.570  1024  1057 I audio_hw_control: audio_param_thread profile:2 Exit load_status:0x7f
08-06 20:56:20.573  1120  1120 W lspd    : JNI RegisterNativeMethods: attempt to register 0 native methods for android.media.AudioAttributes
08-06 20:56:20.582  1120  1120 D AndroidRuntime: Calling main entry org.lsposed.lspd.Main
08-06 20:56:20.619   777   783 I adbd    : jdwp connection from 1103
08-06 20:56:20.624  1120  1138 I lspd    : System.exit called, status: 0
08-06 20:56:20.624  1120  1138 I AndroidRuntime: VM exiting with result code 0.
08-06 20:56:20.626   816   837 I ServiceManager: Waiting for service 'package_native' on '/dev/binder'...
08-06 20:56:20.636   823  1135 I ServiceManager: Waiting for service 'package_native' on '/dev/binder'...
08-06 20:56:20.727   816   837 I ServiceManager: Waiting for service 'package_native' on '/dev/binder'...
08-06 20:56:20.736   823  1135 I ServiceManager: Waiting for service 'package_native' on '/dev/binder'...
08-06 20:56:20.828   816   837 I ServiceManager: Waiting for service 'package_native' on '/dev/binder'...
08-06 20:56:20.837   823  1135 I ServiceManager: Waiting for service 'package_native' on '/dev/binder'...
08-06 20:56:20.929   816   837 I ServiceManager: Waiting for service 'package_native' on '/dev/binder'...
08-06 20:56:20.934   813   813 W iorapd  : Reconnect to package manager service: 2 times
08-06 20:56:20.937   813   813 I ServiceManager: Waiting for service 'package_native' on '/dev/binder'...
08-06 20:56:20.938   823  1135 I ServiceManager: Waiting for service 'package_native' on '/dev/binder'...
08-06 20:56:20.957   684   764 D android.hardware.graphics.allocator@2.0-service: GBuffer--------------(*format)=2
08-06 20:56:20.957   684   764 D android.hardware.graphics.allocator@2.0-service: Gralloc alloc start  w:408, h:502, f:0x2, usage:0xb00, line = 1511
08-06 20:56:20.958   684   764 D android.hardware.graphics.allocator@2.0-service: Gralloc Alloc end  w:408, h:502, f:0x2, usage:0xb00, handle:0x278707a0, ui64Stamp:180, sSize:835584, line = 1877
08-06 20:56:20.958   684   764 D android.hardware.graphics.allocator@2.0-service: Gralloc Free  w:408, h:502, f:0x2, usage:0xb00, ui64Stamp:180 line = 2210
08-06 20:56:20.958  1033  1110 D surfaceflinger: Gralloc Register  w:408, h:502, f:0x2, usage:0xb00, ui64Stamp:180, sSize:835584, line = 2104
08-06 20:56:20.959   793  1105 D bootanimation: Gralloc Register  w:408, h:502, f:0x2, usage:0xb00, ui64Stamp:180, sSize:835584, line = 2104
08-06 20:56:20.974   686   686 D android.hardware.graphics.composer@2.1-service: Gralloc Register  w:408, h:502, f:0x2, usage:0xb00, ui64Stamp:180, sSize:835584, line = 2104
08-06 20:56:20.974   684   764 D android.hardware.graphics.allocator@2.0-service: GBuffer--------------(*format)=2
08-06 20:56:20.974   684   764 D android.hardware.graphics.allocator@2.0-service: Gralloc alloc start  w:408, h:502, f:0x2, usage:0xb00, line = 1511
08-06 20:56:20.975   684   764 D android.hardware.graphics.allocator@2.0-service: Gralloc Alloc end  w:408, h:502, f:0x2, usage:0xb00, handle:0x27871770, ui64Stamp:182, sSize:835584, line = 1877
08-06 20:56:20.975   684   764 D android.hardware.graphics.allocator@2.0-service: Gralloc Free  w:408, h:502, f:0x2, usage:0xb00, ui64Stamp:182 line = 2210
08-06 20:56:20.976  1033  1110 D surfaceflinger: Gralloc Register  w:408, h:502, f:0x2, usage:0xb00, ui64Stamp:182, sSize:835584, line = 2104
08-06 20:56:20.976   793  1105 D bootanimation: Gralloc Register  w:408, h:502, f:0x2, usage:0xb00, ui64Stamp:182, sSize:835584, line = 2104
08-06 20:56:20.990   686   686 D android.hardware.graphics.composer@2.1-service: Gralloc Register  w:408, h:502, f:0x2, usage:0xb00, ui64Stamp:182, sSize:835584, line = 2104
08-06 20:56:20.996   921   992 W PackageParser: Unknown element under <application>: property at /data/app/~~ShN5ET3byY8zStgAATnA0A==/github.tornaco.android.thanos.pro-6ZhFTMjtkil7TDsWVlxbVA==/base.apk Binary XML file line #637
08-06 20:56:21.029   816   837 I ServiceManager: Waiting for service 'package_native' on '/dev/binder'...
08-06 20:56:21.038   813   813 I ServiceManager: Waiting for service 'package_native' on '/dev/binder'...
08-06 20:56:21.041   823  1135 I ServiceManager: Waiting for service 'package_native' on '/dev/binder'...
08-06 20:56:21.130   816   837 I ServiceManager: Waiting for service 'package_native' on '/dev/binder'...
08-06 20:56:21.133   838   865 I ThermalCvtGovernor: soc-thmzone Sum: 193248, cala times: 4
08-06 20:56:21.134   838   865 I ThermalCvtGovernor: soc-thmzone average temp: 48312
08-06 20:56:21.136   838   864 I ThermalCvtGovernor: board-thmzone-backup Sum: 233572, cala times: 4
08-06 20:56:21.136   838   864 I ThermalCvtGovernor: board-thmzone-backup average temp: 58393
08-06 20:56:21.138   813   813 I ServiceManager: Waiting for service 'package_native' on '/dev/binder'...
08-06 20:56:21.145   823  1135 I ServiceManager: Waiting for service 'package_native' on '/dev/binder'...
08-06 20:56:21.178   921   921 I LSPosedService: service package is not started, wait 1s.
08-06 20:56:21.230   816   837 I ServiceManager: Waiting for service 'package_native' on '/dev/binder'...
08-06 20:56:21.239   813   813 I ServiceManager: Waiting for service 'package_native' on '/dev/binder'...
08-06 20:56:21.246   823  1135 I ServiceManager: Waiting for service 'package_native' on '/dev/binder'...
08-06 20:56:21.269   777  1122 W adbd    : timed out while waiting for FUNCTIONFS_BIND, trying again
08-06 20:56:21.269   777  1122 I adbd    : UsbFfs: connection terminated: monitor thread finished
08-06 20:56:21.269   777   777 I adbd    : UsbFfs: already offline
08-06 20:56:21.269   777   777 I adbd    : destroying transport UsbFfs
08-06 20:56:21.270   777   777 I adbd    : UsbFfsConnection being destroyed
08-06 20:56:21.300   777   782 I adbd    : opening control endpoint /dev/usb-ffs/adb/ep0
08-06 20:56:21.302   777   782 I adbd    : UsbFfsConnection constructed
08-06 20:56:21.304   777  1150 I adbd    : UsbFfs-monitor thread spawned
08-06 20:56:21.331   816   837 I ServiceManager: Waiting for service 'package_native' on '/dev/binder'...
08-06 20:56:21.341   813   813 I ServiceManager: Waiting for service 'package_native' on '/dev/binder'...
08-06 20:56:21.349   823  1135 I ServiceManager: Waiting for service 'package_native' on '/dev/binder'...
08-06 20:56:21.432   816   837 I ServiceManager: Waiting for service 'package_native' on '/dev/binder'...
08-06 20:56:21.441   813   813 I ServiceManager: Waiting for service 'package_native' on '/dev/binder'...
08-06 20:56:21.450   823  1135 I ServiceManager: Waiting for service 'package_native' on '/dev/binder'...
08-06 20:56:21.532   816   837 I ServiceManager: Waiting for service 'package_native' on '/dev/binder'...
08-06 20:56:21.543   813   813 I ServiceManager: Waiting for service 'package_native' on '/dev/binder'...
08-06 20:56:21.552   823  1135 I ServiceManager: Waiting for service 'package_native' on '/dev/binder'...
08-06 20:56:21.633   816   837 I ServiceManager: Waiting for service 'package_native' on '/dev/binder'...
08-06 20:56:21.643   813   813 I ServiceManager: Waiting for service 'package_native' on '/dev/binder'...
08-06 20:56:21.653   823  1135 I ServiceManager: Waiting for service 'package_native' on '/dev/binder'...
08-06 20:56:21.737   816   837 I ServiceManager: Waiting for service 'package_native' on '/dev/binder'...
08-06 20:56:21.744   813   813 I ServiceManager: Waiting for service 'package_native' on '/dev/binder'...
08-06 20:56:21.754   823  1135 I ServiceManager: Waiting for service 'package_native' on '/dev/binder'...
08-06 20:56:21.838   816   837 I ServiceManager: Waiting for service 'package_native' on '/dev/binder'...
08-06 20:56:21.845   813   813 I ServiceManager: Waiting for service 'package_native' on '/dev/binder'...
08-06 20:56:21.855   823  1135 I ServiceManager: Waiting for service 'package_native' on '/dev/binder'...
08-06 20:56:21.939   816   837 I ServiceManager: Waiting for service 'package_native' on '/dev/binder'...
08-06 20:56:21.948   813   813 I ServiceManager: Waiting for service 'package_native' on '/dev/binder'...
08-06 20:56:21.957   823  1135 I ServiceManager: Waiting for service 'package_native' on '/dev/binder'...
08-06 20:56:22.039   816   837 I ServiceManager: Waiting for service 'package_native' on '/dev/binder'...
08-06 20:56:22.049   813   813 I ServiceManager: Waiting for service 'package_native' on '/dev/binder'...
08-06 20:56:22.058   823  1135 I ServiceManager: Waiting for service 'package_native' on '/dev/binder'...
08-06 20:56:22.075   921   987 I lspd    : NativeAlloc concurrent copying GC freed 26796(1685KB) AllocSpace objects, 1(20KB) LOS objects, 49% free, 1788KB/3576KB, paused 135us total 120.292ms
08-06 20:56:22.140   816   837 I ServiceManager: Waiting for service 'package_native' on '/dev/binder'...
08-06 20:56:22.151   813   813 I ServiceManager: Waiting for service 'package_native' on '/dev/binder'...
08-06 20:56:22.159   823  1135 I ServiceManager: Waiting for service 'package_native' on '/dev/binder'...
08-06 20:56:22.180   921   921 I LSPosedService: service package is not started, wait 1s.
08-06 20:56:22.241   816   837 I ServiceManager: Waiting for service 'package_native' on '/dev/binder'...
08-06 20:56:22.252   813   813 I ServiceManager: Waiting for service 'package_native' on '/dev/binder'...
08-06 20:56:22.259   823  1135 I ServiceManager: Waiting for service 'package_native' on '/dev/binder'...
08-06 20:56:22.306   777  1150 W adbd    : timed out while waiting for FUNCTIONFS_BIND, trying again
08-06 20:56:22.306   777  1150 I adbd    : UsbFfs: connection terminated: monitor thread finished
08-06 20:56:22.306   777   777 I adbd    : UsbFfs: already offline
08-06 20:56:22.306   777   777 I adbd    : destroying transport UsbFfs
08-06 20:56:22.306   777   777 I adbd    : UsbFfsConnection being destroyed
08-06 20:56:22.342   816   837 I ServiceManager: Waiting for service 'package_native' on '/dev/binder'...
08-06 20:56:22.344   777   782 I adbd    : opening control endpoint /dev/usb-ffs/adb/ep0
08-06 20:56:22.347   777   782 I adbd    : UsbFfsConnection constructed
08-06 20:56:22.353   813   813 I ServiceManager: Waiting for service 'package_native' on '/dev/binder'...
08-06 20:56:22.354   777  1154 I adbd    : UsbFfs-monitor thread spawned
08-06 20:56:22.360   823  1135 I ServiceManager: Waiting for service 'package_native' on '/dev/binder'...
08-06 20:56:22.443   816   837 I ServiceManager: Waiting for service 'package_native' on '/dev/binder'...
08-06 20:56:22.453   813   813 I ServiceManager: Waiting for service 'package_native' on '/dev/binder'...
08-06 20:56:22.461   823  1135 I ServiceManager: Waiting for service 'package_native' on '/dev/binder'...
08-06 20:56:22.544   816   837 I ServiceManager: Waiting for service 'package_native' on '/dev/binder'...
08-06 20:56:22.554   813   813 I ServiceManager: Waiting for service 'package_native' on '/dev/binder'...
08-06 20:56:22.562   823  1135 I ServiceManager: Waiting for service 'package_native' on '/dev/binder'...
08-06 20:56:22.645   816   837 I ServiceManager: Waiting for service 'package_native' on '/dev/binder'...
08-06 20:56:22.654   813   813 I ServiceManager: Waiting for service 'package_native' on '/dev/binder'...
08-06 20:56:22.662   823  1135 I ServiceManager: Waiting for service 'package_native' on '/dev/binder'...
08-06 20:56:22.745   816   837 I ServiceManager: Waiting for service 'package_native' on '/dev/binder'...
08-06 20:56:22.756   813   813 I ServiceManager: Waiting for service 'package_native' on '/dev/binder'...
08-06 20:56:22.763   823  1135 I ServiceManager: Waiting for service 'package_native' on '/dev/binder'...
08-06 20:56:22.846   816   837 I ServiceManager: Waiting for service 'package_native' on '/dev/binder'...
08-06 20:56:22.857   813   813 I ServiceManager: Waiting for service 'package_native' on '/dev/binder'...
08-06 20:56:22.866   823  1135 I ServiceManager: Waiting for service 'package_native' on '/dev/binder'...
08-06 20:56:22.946   816   837 I ServiceManager: Waiting for service 'package_native' on '/dev/binder'...
08-06 20:56:22.958   813   813 I ServiceManager: Waiting for service 'package_native' on '/dev/binder'...
08-06 20:56:22.968   823  1135 I ServiceManager: Waiting for service 'package_native' on '/dev/binder'...
08-06 20:56:23.047   816   837 I ServiceManager: Waiting for service 'package_native' on '/dev/binder'...
08-06 20:56:23.059   813   813 I ServiceManager: Waiting for service 'package_native' on '/dev/binder'...
08-06 20:56:23.074   823  1135 I ServiceManager: Waiting for service 'package_native' on '/dev/binder'...
08-06 20:56:23.134   838   865 I ThermalCvtGovernor: soc-thmzone curTemp: 49314 tripTemp: 105000 setPollingDelay: 6000
08-06 20:56:23.134   838   865 I ThermalCvtGovernor: soc-thmzone start calculate temperature.
08-06 20:56:23.134   838   865 I ThermalCvtGovernor: soc-thmzone setPollingDelay: 2000
08-06 20:56:23.140   838   864 I ThermalCvtGovernor: board-thmzone-backup curTemp: 58617 tripTemp: 105000 setPollingDelay: 6000
08-06 20:56:23.140   838   864 I ThermalCvtGovernor: board-thmzone-backup start calculate temperature.
08-06 20:56:23.140   838   864 I ThermalCvtGovernor: board-thmzone-backup setPollingDelay: 2000
08-06 20:56:23.147   816   837 W ServiceManager: Service package_native didn't start. Returning NULL
08-06 20:56:23.147   816   837 E ServiceUtilities: getInfo: Cannot find package_native
08-06 20:56:23.147   816   837 W AudioAnalytics: (key=audio.flinger) Audioflinger constructor event detected
08-06 20:56:23.159   813   813 I ServiceManager: Waiting for service 'package_native' on '/dev/binder'...
08-06 20:56:23.175   823  1135 I ServiceManager: Waiting for service 'package_native' on '/dev/binder'...
08-06 20:56:23.181   921   921 I LSPosedService: service package is not started, wait 1s.
08-06 20:56:23.261   813   813 I ServiceManager: Waiting for service 'package_native' on '/dev/binder'...
08-06 20:56:23.281   823  1135 I ServiceManager: Waiting for service 'package_native' on '/dev/binder'...
08-06 20:56:23.355   777  1154 W adbd    : timed out while waiting for FUNCTIONFS_BIND, trying again
08-06 20:56:23.355   777  1154 I adbd    : UsbFfs: connection terminated: monitor thread finished
08-06 20:56:23.355   777   777 I adbd    : UsbFfs: already offline
08-06 20:56:23.355   777   777 I adbd    : destroying transport UsbFfs
08-06 20:56:23.355   777   777 I adbd    : UsbFfsConnection being destroyed
08-06 20:56:23.362   813   813 I ServiceManager: Waiting for service 'package_native' on '/dev/binder'...
08-06 20:56:23.383   823  1135 I ServiceManager: Waiting for service 'package_native' on '/dev/binder'...
08-06 20:56:23.391   777   782 I adbd    : opening control endpoint /dev/usb-ffs/adb/ep0
08-06 20:56:23.393   777   782 I adbd    : UsbFfsConnection constructed
08-06 20:56:23.397   777  1158 I adbd    : UsbFfs-monitor thread spawned
08-06 20:56:23.463   813   813 I ServiceManager: Waiting for service 'package_native' on '/dev/binder'...
08-06 20:56:23.491   823  1135 I ServiceManager: Waiting for service 'package_native' on '/dev/binder'...
08-06 20:56:23.564   813   813 I ServiceManager: Waiting for service 'package_native' on '/dev/binder'...
08-06 20:56:23.592   823  1135 I ServiceManager: Waiting for service 'package_native' on '/dev/binder'...
08-06 20:56:23.665   813   813 I ServiceManager: Waiting for service 'package_native' on '/dev/binder'...
08-06 20:56:23.694   823  1135 I ServiceManager: Waiting for service 'package_native' on '/dev/binder'...
08-06 20:56:23.766   813   813 I ServiceManager: Waiting for service 'package_native' on '/dev/binder'...
08-06 20:56:23.794   823  1135 I ServiceManager: Waiting for service 'package_native' on '/dev/binder'...
08-06 20:56:23.867   813   813 I ServiceManager: Waiting for service 'package_native' on '/dev/binder'...
08-06 20:56:23.895   823  1135 I ServiceManager: Waiting for service 'package_native' on '/dev/binder'...
08-06 20:56:23.968   813   813 I ServiceManager: Waiting for service 'package_native' on '/dev/binder'...
08-06 20:56:23.996   823  1135 I ServiceManager: Waiting for service 'package_native' on '/dev/binder'...
08-06 20:56:24.069   813   813 I ServiceManager: Waiting for service 'package_native' on '/dev/binder'...
08-06 20:56:24.099   823  1135 I ServiceManager: Waiting for service 'package_native' on '/dev/binder'...
08-06 20:56:24.169   813   813 I ServiceManager: Waiting for service 'package_native' on '/dev/binder'...
08-06 20:56:24.182   921   921 I LSPosedService: service package is not started, wait 1s.
08-06 20:56:24.201   823  1135 I ServiceManager: Waiting for service 'package_native' on '/dev/binder'...
08-06 20:56:24.270   813   813 I ServiceManager: Waiting for service 'package_native' on '/dev/binder'...
08-06 20:56:24.307   823  1135 I ServiceManager: Waiting for service 'package_native' on '/dev/binder'...
08-06 20:56:24.371   813   813 I ServiceManager: Waiting for service 'package_native' on '/dev/binder'...
08-06 20:56:24.399   777  1158 W adbd    : timed out while waiting for FUNCTIONFS_BIND, trying again
08-06 20:56:24.399   777  1158 I adbd    : UsbFfs: connection terminated: monitor thread finished
08-06 20:56:24.399   777   777 I adbd    : UsbFfs: already offline
08-06 20:56:24.399   777   777 I adbd    : destroying transport UsbFfs
08-06 20:56:24.400   777   777 I adbd    : UsbFfsConnection being destroyed
08-06 20:56:24.408   823  1135 I ServiceManager: Waiting for service 'package_native' on '/dev/binder'...
08-06 20:56:24.435   777   782 I adbd    : opening control endpoint /dev/usb-ffs/adb/ep0
08-06 20:56:24.437   777   782 I adbd    : UsbFfsConnection constructed
08-06 20:56:24.451   777  1161 I adbd    : UsbFfs-monitor thread spawned
08-06 20:56:24.472   813   813 I ServiceManager: Waiting for service 'package_native' on '/dev/binder'...
08-06 20:56:24.512   823  1135 I ServiceManager: Waiting for service 'package_native' on '/dev/binder'...
08-06 20:56:24.576   813   813 I ServiceManager: Waiting for service 'package_native' on '/dev/binder'...
08-06 20:56:24.619   823  1135 I ServiceManager: Waiting for service 'package_native' on '/dev/binder'...
08-06 20:56:24.677   813   813 I ServiceManager: Waiting for service 'package_native' on '/dev/binder'...
08-06 20:56:24.726   823  1135 I ServiceManager: Waiting for service 'package_native' on '/dev/binder'...
08-06 20:56:24.777   813   813 I ServiceManager: Waiting for service 'package_native' on '/dev/binder'...
08-06 20:56:24.828   823  1135 I ServiceManager: Waiting for service 'package_native' on '/dev/binder'...
08-06 20:56:24.878   813   813 I ServiceManager: Waiting for service 'package_native' on '/dev/binder'...
08-06 20:56:24.933   823  1135 I ServiceManager: Waiting for service 'package_native' on '/dev/binder'...
08-06 20:56:24.979   813   813 I ServiceManager: Waiting for service 'package_native' on '/dev/binder'...
08-06 20:56:25.034   823  1135 I ServiceManager: Waiting for service 'package_native' on '/dev/binder'...
08-06 20:56:25.080   813   813 I ServiceManager: Waiting for service 'package_native' on '/dev/binder'...
08-06 20:56:25.082  1012  1012 D NVITEM  : : get wake_lock 1
08-06 20:56:25.082  1012  1012 D NVITEM  : : channel_read: wake lock bEnable = 1!
08-06 20:56:25.082  1012  1012 D NVITEM  : : channel_read success
08-06 20:56:25.082  1012  1012 D NVITEM  : : _getPacket start read 1044 size 1024 grp 1 sub 0
08-06 20:56:25.082  1012  1012 D NVITEM  : : _getPacket
08-06 20:56:25.082  1012  1012 D NVITEM  : : get wake_lock 0
08-06 20:56:25.083  1012  1012 D NVITEM  : : channel_read success
08-06 20:56:25.083  1012  1012 D NVITEM  : : _getPacket continue read 1044 size 1024 grp 1 sub 1
08-06 20:56:25.083  1012  1012 D NVITEM  : : _getPacket
08-06 20:56:25.083  1012  1012 D NVITEM  : : get wake_lock 0
08-06 20:56:25.083  1012  1012 D NVITEM  : : channel_read success
08-06 20:56:25.083  1012  1012 D NVITEM  : : _getPacket continue read 1044 size 1024 grp 1 sub 2
08-06 20:56:25.083  1012  1012 D NVITEM  : : _getPacket
08-06 20:56:25.083  1012  1012 D NVITEM  : : get wake_lock 0
08-06 20:56:25.083  1012  1012 D NVITEM  : : channel_read success
08-06 20:56:25.083  1012  1012 D NVITEM  : : _getPacket continue read 1044 size 1024 grp 1 sub 3
08-06 20:56:25.083  1012  1012 D NVITEM  : : _getPacket
08-06 20:56:25.083  1012  1012 D NVITEM  : : get wake_lock 0
08-06 20:56:25.083  1012  1012 D NVITEM  : : channel_read success
08-06 20:56:25.083  1012  1012 D NVITEM  : : _getPacket continue read 1044 size 1024 grp 1 sub 4
08-06 20:56:25.083  1012  1012 D NVITEM  : : _getPacket
08-06 20:56:25.084  1012  1012 D NVITEM  : : get wake_lock 0
08-06 20:56:25.084  1012  1012 D NVITEM  : : channel_read success
08-06 20:56:25.084  1012  1012 D NVITEM  : : _getPacket continue read 1044 size 1024 grp 1 sub 5
08-06 20:56:25.084  1012  1012 D NVITEM  : : _getPacket
08-06 20:56:25.084  1012  1012 D NVITEM  : : get wake_lock 0
08-06 20:56:25.084  1012  1012 D NVITEM  : : channel_read success
08-06 20:56:25.084  1012  1012 D NVITEM  : : _getPacket continue read 1044 size 1024 grp 1 sub 6
08-06 20:56:25.084  1012  1012 D NVITEM  : : _getPacket
08-06 20:56:25.084  1012  1012 D NVITEM  : : get wake_lock 0
08-06 20:56:25.084  1012  1012 D NVITEM  : : channel_read success
08-06 20:56:25.084  1012  1012 D NVITEM  : : _getPacket continue read 1044 size 1024 grp 1 sub 7
08-06 20:56:25.085  1012  1012 D NVITEM  : : _getPacket
08-06 20:56:25.085  1012  1012 D NVITEM  : : get wake_lock 0
08-06 20:56:25.085  1012  1012 D NVITEM  : : channel_read success
08-06 20:56:25.085  1012  1012 D NVITEM  : : _getPacket continue read 1044 size 1024 grp 1 sub 8
08-06 20:56:25.085  1012  1012 D NVITEM  : : _getPacket
08-06 20:56:25.085  1012  1012 D NVITEM  : : get wake_lock 0
08-06 20:56:25.085  1012  1012 D NVITEM  : : channel_read success
08-06 20:56:25.085  1012  1012 D NVITEM  : : _getPacket continue read 1044 size 1024 grp 1 sub 9
08-06 20:56:25.085  1012  1012 D NVITEM  : : _getPacket
08-06 20:56:25.086  1012  1012 D NVITEM  : : get wake_lock 0
08-06 20:56:25.086  1012  1012 D NVITEM  : : channel_read success
08-06 20:56:25.086  1012  1012 D NVITEM  : : _getPacket continue read 1044 size 160 grp 1 sub 10
08-06 20:56:25.086  1012  1012 D NVITEM  : : sync _syncGetTail success
08-06 20:56:25.087  1012  1012 D NVITEM  : : partId2:checksum_64=1
08-06 20:56:25.092  1012  1012 D NVITEM  : : write backup header
08-06 20:56:25.102   226   226 E SELinux : avc:  denied  { find } for interface=vendor.oppo.hardware.biometrics.fingerprint::IBiometricsFingerprint sid=u:r:hal_fingerprint_oppo_compat:s0 pid=852 scontext=u:r:hal_fingerprint_oppo_compat:s0 tcontext=u:object_r:default_android_hwservice:s0 tclass=hwservice_manager permissive=0
08-06 20:56:25.103   226   226 I auditd  : avc:  denied  { find } for interface=vendor.oppo.hardware.biometrics.fingerprint::IBiometricsFingerprint sid=u:r:hal_fingerprint_oppo_compat:s0 pid=852 scontext=u:r:hal_fingerprint_oppo_compat:s0 tcontext=u:object_r:default_android_hwservice:s0 tclass=hwservice_manager permissive=0
08-06 20:56:25.108   226   226 E SELinux : avc:  denied  { find } for interface=vendor.oplus.hardware.biometrics.fingerprint::IBiometricsFingerprint sid=u:r:hal_fingerprint_oppo_compat:s0 pid=851 scontext=u:r:hal_fingerprint_oppo_compat:s0 tcontext=u:object_r:default_android_hwservice:s0 tclass=hwservice_manager permissive=0
08-06 20:56:25.109   226   226 I auditd  : avc:  denied  { find } for interface=vendor.oplus.hardware.biometrics.fingerprint::IBiometricsFingerprint sid=u:r:hal_fingerprint_oppo_compat:s0 pid=851 scontext=u:r:hal_fingerprint_oppo_compat:s0 tcontext=u:object_r:default_android_hwservice:s0 tclass=hwservice_manager permissive=0
08-06 20:56:25.113  1012  1012 D NVITEM  : : write origin header
08-06 20:56:25.141  1012  1012 D NVITEM  : : partId2:image write finished 1!
08-06 20:56:25.141  1012  1012 D NVITEM  : : _syncReset: wake lock bEnable = 0!
08-06 20:56:25.142  1012  1012 D NVITEM  : : release wake lock
08-06 20:56:25.142  1012  1012 D NVITEM  : : _getPacket
08-06 20:56:25.142   823  1135 I ServiceManager: Waiting for service 'package_native' on '/dev/binder'...
08-06 20:56:25.183   813   813 I ServiceManager: Waiting for service 'package_native' on '/dev/binder'...
08-06 20:56:25.184   921   921 I LSPosedService: service package is not started, wait 1s.
08-06 20:56:25.244   823  1135 I ServiceManager: Waiting for service 'package_native' on '/dev/binder'...
08-06 20:56:25.283   813   813 I ServiceManager: Waiting for service 'package_native' on '/dev/binder'...
08-06 20:56:25.345   823  1135 I ServiceManager: Waiting for service 'package_native' on '/dev/binder'...
08-06 20:56:25.385   813   813 I ServiceManager: Waiting for service 'package_native' on '/dev/binder'...
08-06 20:56:25.451   823  1135 I ServiceManager: Waiting for service 'package_native' on '/dev/binder'...
08-06 20:56:25.453   777  1161 W adbd    : timed out while waiting for FUNCTIONFS_BIND, trying again
08-06 20:56:25.453   777  1161 I adbd    : UsbFfs: connection terminated: monitor thread finished
08-06 20:56:25.453   777   777 I adbd    : UsbFfs: already offline
08-06 20:56:25.453   777   777 I adbd    : destroying transport UsbFfs
08-06 20:56:25.453   777   777 I adbd    : UsbFfsConnection being destroyed
08-06 20:56:25.485   813   813 I ServiceManager: Waiting for service 'package_native' on '/dev/binder'...
08-06 20:56:25.488   777   782 I adbd    : opening control endpoint /dev/usb-ffs/adb/ep0
08-06 20:56:25.490   777   782 I adbd    : UsbFfsConnection constructed
08-06 20:56:25.491   777  1167 I adbd    : UsbFfs-monitor thread spawned
08-06 20:56:25.552   823  1135 W ServiceManager: Service package_native didn't start. Returning NULL
08-06 20:56:25.552   823  1135 E storaged: getService package_native failed
08-06 20:56:25.588   813   813 I ServiceManager: Waiting for service 'package_native' on '/dev/binder'...
08-06 20:56:25.789   813   813 I chatty  : uid=1071(iorapd) /system/bin/iorapd identical 2 lines
08-06 20:56:25.890   813   813 I ServiceManager: Waiting for service 'package_native' on '/dev/binder'...
08-06 20:56:25.991   813   813 W ServiceManager: Service package_native didn't start. Returning NULL
08-06 20:56:25.991   813   813 E iorapd  : Cannot get package manager service!
08-06 20:56:26.185   921   921 I LSPosedService: service package is not started, wait 1s.
08-06 20:56:26.491   777  1167 W adbd    : timed out while waiting for FUNCTIONFS_BIND, trying again
08-06 20:56:26.492   777  1167 I adbd    : UsbFfs: connection terminated: monitor thread finished
08-06 20:56:26.492   777   777 I adbd    : UsbFfs: already offline
08-06 20:56:26.492   777   777 I adbd    : destroying transport UsbFfs
08-06 20:56:26.492   777   777 I adbd    : UsbFfsConnection being destroyed
08-06 20:56:26.528   777   782 I adbd    : opening control endpoint /dev/usb-ffs/adb/ep0
08-06 20:56:26.529   777   782 I adbd    : UsbFfsConnection constructed
08-06 20:56:26.530   777  1174 I adbd    : UsbFfs-monitor thread spawned
08-06 20:56:26.992   813   813 W iorapd  : Reconnect to package manager service: 3 times
08-06 20:56:26.992   813   813 I ServiceManager: Waiting for service 'package_native' on '/dev/binder'...
08-06 20:56:27.093   813   813 I ServiceManager: Waiting for service 'package_native' on '/dev/binder'...
08-06 20:56:27.186   921   921 I LSPosedService: service package is not started, wait 1s.
08-06 20:56:27.194   813   813 I ServiceManager: Waiting for service 'package_native' on '/dev/binder'...
08-06 20:56:27.395   813   813 I chatty  : uid=1071(iorapd) /system/bin/iorapd identical 2 lines
08-06 20:56:27.496   813   813 I ServiceManager: Waiting for service 'package_native' on '/dev/binder'...
08-06 20:56:27.531   777  1174 W adbd    : timed out while waiting for FUNCTIONFS_BIND, trying again
08-06 20:56:27.531   777  1174 I adbd    : UsbFfs: connection terminated: monitor thread finished
08-06 20:56:27.532   777   777 I adbd    : UsbFfs: already offline
08-06 20:56:27.532   777   777 I adbd    : destroying transport UsbFfs
08-06 20:56:27.533   777   777 I adbd    : UsbFfsConnection being destroyed
08-06 20:56:27.564   777   782 I adbd    : opening control endpoint /dev/usb-ffs/adb/ep0
08-06 20:56:27.565   777   782 I adbd    : UsbFfsConnection constructed
08-06 20:56:27.566   777  1177 I adbd    : UsbFfs-monitor thread spawned
08-06 20:56:27.596   813   813 I ServiceManager: Waiting for service 'package_native' on '/dev/binder'...
08-06 20:56:28.000   813   813 I chatty  : uid=1071(iorapd) /system/bin/iorapd identical 4 lines
08-06 20:56:28.101   813   813 I ServiceManager: Waiting for service 'package_native' on '/dev/binder'...
08-06 20:56:28.187   921   921 I LSPosedService: service package is not started, wait 1s.
08-06 20:56:28.201   813   813 I ServiceManager: Waiting for service 'package_native' on '/dev/binder'...
08-06 20:56:28.403   813   813 I chatty  : uid=1071(iorapd) /system/bin/iorapd identical 2 lines
08-06 20:56:28.504   813   813 I ServiceManager: Waiting for service 'package_native' on '/dev/binder'...
08-06 20:56:28.567   777  1177 W adbd    : timed out while waiting for FUNCTIONFS_BIND, trying again
08-06 20:56:28.567   777  1177 I adbd    : UsbFfs: connection terminated: monitor thread finished
08-06 20:56:28.567   777   777 I adbd    : UsbFfs: already offline
08-06 20:56:28.568   777   777 I adbd    : destroying transport UsbFfs
08-06 20:56:28.568   777   777 I adbd    : UsbFfsConnection being destroyed
08-06 20:56:28.603   777   782 I adbd    : opening control endpoint /dev/usb-ffs/adb/ep0
08-06 20:56:28.604   813   813 I ServiceManager: Waiting for service 'package_native' on '/dev/binder'...
08-06 20:56:28.605   777   782 I adbd    : UsbFfsConnection constructed
08-06 20:56:28.605   777  1181 I adbd    : UsbFfs-monitor thread spawned
08-06 20:56:28.705   813   813 I ServiceManager: Waiting for service 'package_native' on '/dev/binder'...
08-06 20:56:29.007   813   813 I chatty  : uid=1071(iorapd) /system/bin/iorapd identical 3 lines
08-06 20:56:29.108   813   813 I ServiceManager: Waiting for service 'package_native' on '/dev/binder'...
08-06 20:56:29.141   838   865 I ThermalCvtGovernor: soc-thmzone Sum: 196621, cala times: 4
08-06 20:56:29.141   838   863 I ThermalCvtGovernor: board-thmzone Sum: 469196, cala times: 8
08-06 20:56:29.141   838   863 I ThermalCvtGovernor: board-thmzone average temp: 58649
08-06 20:56:29.141   838   865 I ThermalCvtGovernor: soc-thmzone average temp: 49155
08-06 20:56:29.145   838   864 I ThermalCvtGovernor: board-thmzone-backup Sum: 235239, cala times: 4
08-06 20:56:29.145   838   864 I ThermalCvtGovernor: board-thmzone-backup average temp: 58809
08-06 20:56:29.189   921   921 I LSPosedService: service package is not started, wait 1s.
08-06 20:56:29.209   813   813 I ServiceManager: Waiting for service 'package_native' on '/dev/binder'...
08-06 20:56:29.411   813   813 I chatty  : uid=1071(iorapd) /system/bin/iorapd identical 2 lines
08-06 20:56:29.512   813   813 I ServiceManager: Waiting for service 'package_native' on '/dev/binder'...
08-06 20:56:29.607   777  1181 W adbd    : timed out while waiting for FUNCTIONFS_BIND, trying again
08-06 20:56:29.607   777  1181 I adbd    : UsbFfs: connection terminated: monitor thread finished
08-06 20:56:29.608   777   777 I adbd    : UsbFfs: already offline
08-06 20:56:29.608   777   777 I adbd    : destroying transport UsbFfs
08-06 20:56:29.608   777   777 I adbd    : UsbFfsConnection being destroyed
08-06 20:56:29.613   813   813 I ServiceManager: Waiting for service 'package_native' on '/dev/binder'...
08-06 20:56:29.648   777   782 I adbd    : opening control endpoint /dev/usb-ffs/adb/ep0
08-06 20:56:29.649   777   782 I adbd    : UsbFfsConnection constructed
08-06 20:56:29.650   777  1184 I adbd    : UsbFfs-monitor thread spawned
08-06 20:56:29.713   813   813 I ServiceManager: Waiting for service 'package_native' on '/dev/binder'...
08-06 20:56:30.016   813   813 I chatty  : uid=1071(iorapd) /system/bin/iorapd identical 3 lines
08-06 20:56:30.117   813   813 I ServiceManager: Waiting for service 'package_native' on '/dev/binder'...
08-06 20:56:30.190   921   921 I LSPosedService: service package is not started, wait 1s.
08-06 20:56:30.218   813   813 I ServiceManager: Waiting for service 'package_native' on '/dev/binder'...
08-06 20:56:30.285  1024  1063 I audio_hw_primary: bootup_timer_handler in
08-06 20:56:30.318   813   813 I ServiceManager: Waiting for service 'package_native' on '/dev/binder'...
08-06 20:56:30.520   813   813 I chatty  : uid=1071(iorapd) /system/bin/iorapd identical 2 lines
08-06 20:56:30.621   813   813 I ServiceManager: Waiting for service 'package_native' on '/dev/binder'...
08-06 20:56:30.652   777  1184 W adbd    : timed out while waiting for FUNCTIONFS_BIND, trying again
08-06 20:56:30.652   777  1184 I adbd    : UsbFfs: connection terminated: monitor thread finished
08-06 20:56:30.653   777   777 I adbd    : UsbFfs: already offline
08-06 20:56:30.653   777   777 I adbd    : destroying transport UsbFfs
08-06 20:56:30.653   777   777 I adbd    : UsbFfsConnection being destroyed
08-06 20:56:30.688   777   782 I adbd    : opening control endpoint /dev/usb-ffs/adb/ep0
08-06 20:56:30.689   777   782 I adbd    : UsbFfsConnection constructed
08-06 20:56:30.690   777  1188 I adbd    : UsbFfs-monitor thread spawned
08-06 20:56:30.722   813   813 I ServiceManager: Waiting for service 'package_native' on '/dev/binder'...
08-06 20:56:31.024   813   813 I chatty  : uid=1071(iorapd) /system/bin/iorapd identical 3 lines
08-06 20:56:31.124   813   813 I ServiceManager: Waiting for service 'package_native' on '/dev/binder'...
08-06 20:56:31.142   838   865 I ThermalCvtGovernor: soc-thmzone curTemp: 48939 tripTemp: 105000 setPollingDelay: 6000
08-06 20:56:31.142   838   865 I ThermalCvtGovernor: soc-thmzone start calculate temperature.
08-06 20:56:31.142   838   865 I ThermalCvtGovernor: soc-thmzone setPollingDelay: 2000
08-06 20:56:31.142   838   863 I ThermalCvtGovernor: board-thmzone curTemp: 58874 tripTemp: 105000 setPollingDelay: 6000
08-06 20:56:31.142   838   863 I ThermalCvtGovernor: board-thmzone start calculate temperature.
08-06 20:56:31.142   838   863 I ThermalCvtGovernor: board-thmzone setPollingDelay: 2000
08-06 20:56:31.147   838   864 I ThermalCvtGovernor: board-thmzone-backup curTemp: 58874 tripTemp: 105000 setPollingDelay: 6000
08-06 20:56:31.147   838   864 I ThermalCvtGovernor: board-thmzone-backup start calculate temperature.
08-06 20:56:31.147   838   864 I ThermalCvtGovernor: board-thmzone-backup setPollingDelay: 2000
08-06 20:56:31.191   921   921 I LSPosedService: service package is not started, wait 1s.
08-06 20:56:31.225   813   813 I ServiceManager: Waiting for service 'package_native' on '/dev/binder'...
08-06 20:56:31.528   813   813 I chatty  : uid=1071(iorapd) /system/bin/iorapd identical 3 lines
08-06 20:56:31.628   813   813 I ServiceManager: Waiting for service 'package_native' on '/dev/binder'...
08-06 20:56:31.691   777  1188 W adbd    : timed out while waiting for FUNCTIONFS_BIND, trying again
08-06 20:56:31.691   777  1188 I adbd    : UsbFfs: connection terminated: monitor thread finished
08-06 20:56:31.691   777   777 I adbd    : UsbFfs: already offline
08-06 20:56:31.692   777   777 I adbd    : destroying transport UsbFfs
08-06 20:56:31.692   777   777 I adbd    : UsbFfsConnection being destroyed
08-06 20:56:31.724   777   782 I adbd    : opening control endpoint /dev/usb-ffs/adb/ep0
08-06 20:56:31.725   777   782 I adbd    : UsbFfsConnection constructed
08-06 20:56:31.726   777  1192 I adbd    : UsbFfs-monitor thread spawned
08-06 20:56:31.729   813   813 I ServiceManager: Waiting for service 'package_native' on '/dev/binder'...
08-06 20:56:31.830   813   813 I chatty  : uid=1071(iorapd) /system/bin/iorapd identical 1 line
08-06 20:56:31.930   813   813 I ServiceManager: Waiting for service 'package_native' on '/dev/binder'...
08-06 20:56:32.031   813   813 W ServiceManager: Service package_native didn't start. Returning NULL
08-06 20:56:32.031   813   813 E iorapd  : Cannot get package manager service!
08-06 20:56:32.192   921   921 I LSPosedService: service package is not started, wait 1s.
08-06 20:56:32.727   777  1192 W adbd    : timed out while waiting for FUNCTIONFS_BIND, trying again
08-06 20:56:32.727   777  1192 I adbd    : UsbFfs: connection terminated: monitor thread finished
08-06 20:56:32.727   777   777 I adbd    : UsbFfs: already offline
08-06 20:56:32.727   777   777 I adbd    : destroying transport UsbFfs
08-06 20:56:32.727   777   777 I adbd    : UsbFfsConnection being destroyed
08-06 20:56:32.764   777   782 I adbd    : opening control endpoint /dev/usb-ffs/adb/ep0
08-06 20:56:32.765   777   782 I adbd    : UsbFfsConnection constructed
08-06 20:56:32.766   777  1196 I adbd    : UsbFfs-monitor thread spawned
08-06 20:56:33.032   813   813 W iorapd  : Reconnect to package manager service: 4 times
08-06 20:56:33.032   813   813 I ServiceManager: Waiting for service 'package_native' on '/dev/binder'...
08-06 20:56:33.133   813   813 I ServiceManager: Waiting for service 'package_native' on '/dev/binder'...
08-06 20:56:33.194   921   921 I LSPosedService: service package is not started, wait 1s.
08-06 20:56:33.234   813   813 I ServiceManager: Waiting for service 'package_native' on '/dev/binder'...
08-06 20:56:33.435   813   813 I chatty  : uid=1071(iorapd) /system/bin/iorapd identical 2 lines
08-06 20:56:33.536   813   813 I ServiceManager: Waiting for service 'package_native' on '/dev/binder'...
08-06 20:56:33.613  1103  1103 I ashmem  : memfd: device VNDK version (28) is < Q so using ashmem.
08-06 20:56:33.620  1103  1103 W system_server: Unsupported class loader
08-06 20:56:33.620  1103  1103 W system_server: Could not establish class loader context
08-06 20:56:33.637   813   813 I ServiceManager: Waiting for service 'package_native' on '/dev/binder'...
08-06 20:56:33.687  1103  1103 W system_server: Unsupported class loader
08-06 20:56:33.687  1103  1103 W system_server: Could not establish class loader context
08-06 20:56:33.738   813   813 I ServiceManager: Waiting for service 'package_native' on '/dev/binder'...
08-06 20:56:33.766   777  1196 W adbd    : timed out while waiting for FUNCTIONFS_BIND, trying again
08-06 20:56:33.766   777  1196 I adbd    : UsbFfs: connection terminated: monitor thread finished
08-06 20:56:33.767   777   777 I adbd    : UsbFfs: already offline
08-06 20:56:33.767   777   777 I adbd    : destroying transport UsbFfs
08-06 20:56:33.767   777   777 I adbd    : UsbFfsConnection being destroyed
08-06 20:56:33.779  1103  1103 W system_server: Unsupported class loader
08-06 20:56:33.779  1103  1103 W system_server: Could not establish class loader context
08-06 20:56:33.800   777   782 I adbd    : opening control endpoint /dev/usb-ffs/adb/ep0
08-06 20:56:33.801   777   782 I adbd    : UsbFfsConnection constructed
08-06 20:56:33.801   777  1199 I adbd    : UsbFfs-monitor thread spawned
08-06 20:56:33.805  1103  1103 I LSPosedFramework: (system)[com.ceco.r.gravitybox,XposedBridge,44f-19fd7259b0c-2-1,0,1] GB:Hardware: uws6152_1h10_go
08-06 20:56:33.807  1103  1103 I LSPosedFramework: (system)[com.ceco.r.gravitybox,XposedBridge,44f-19fd7259b0c-2-2,0,1] GB:Product: kali Linux
08-06 20:56:33.808  1103  1103 I LSPosedFramework: (system)[com.ceco.r.gravitybox,XposedBridge,44f-19fd7259b0c-2-3,0,1] GB:Device manufacturer: Apple
08-06 20:56:33.809  1103  1103 I LSPosedFramework: (system)[com.ceco.r.gravitybox,XposedBridge,44f-19fd7259b0c-2-4,0,1] GB:Device brand: Apple
08-06 20:56:33.810  1103  1103 I LSPosedFramework: (system)[com.ceco.r.gravitybox,XposedBridge,44f-19fd7259b0c-2-5,0,1] GB:Device model: iphone 18 pro max
08-06 20:56:33.812  1103  1103 I LSPosedFramework: (system)[com.ceco.r.gravitybox,XposedBridge,44f-19fd7259b0c-2-6,0,1] GB:Device: kali Linux
08-06 20:56:33.821  1103  1103 I LSPosedFramework: (system)[com.ceco.r.gravitybox,XposedBridge,44f-19fd7259b0c-2-7,0,1] GB:Device type: phone
08-06 20:56:33.823  1103  1103 I LSPosedFramework: (system)[com.ceco.r.gravitybox,XposedBridge,44f-19fd7259b0c-2-8,0,1] GB:Is MTK device: false
08-06 20:56:33.824  1103  1103 I LSPosedFramework: (system)[com.ceco.r.gravitybox,XposedBridge,44f-19fd7259b0c-2-9,0,1] GB:Is Xperia device: false
08-06 20:56:33.825  1103  1103 I LSPosedFramework: (system)[com.ceco.r.gravitybox,XposedBridge,44f-19fd7259b0c-2-a,0,1] GB:Is Moto XT device: false
08-06 20:56:33.827  1103  1103 I LSPosedFramework: (system)[com.ceco.r.gravitybox,XposedBridge,44f-19fd7259b0c-2-b,0,1] GB:Is OxygenOS ROM: false
08-06 20:56:33.829  1103  1103 I LSPosedFramework: (system)[com.ceco.r.gravitybox,XposedBridge,44f-19fd7259b0c-2-c,0,1] GB:Has telephony support: true
08-06 20:56:33.830  1103  1103 I LSPosedFramework: (system)[com.ceco.r.gravitybox,XposedBridge,44f-19fd7259b0c-2-d,0,1] GB:Has Gemini support: false
08-06 20:56:33.832  1103  1103 I LSPosedFramework: (system)[com.ceco.r.gravitybox,XposedBridge,44f-19fd7259b0c-2-e,0,1] GB:Android SDK: 30
08-06 20:56:33.833  1103  1103 I LSPosedFramework: (system)[com.ceco.r.gravitybox,XposedBridge,44f-19fd7259b0c-2-f,0,1] GB:Android Release: 11
08-06 20:56:33.834  1103  1103 I LSPosedFramework: (system)[com.ceco.r.gravitybox,XposedBridge,44f-19fd7259b0c-2-10,0,1] GB:ROM: RD2A.211001.002
08-06 20:56:33.836  1103  1103 I LSPosedFramework: (system)[com.ceco.r.gravitybox,XposedBridge,44f-19fd7259b0c-2-11,0,1] GB:Preferences: /data/misc/f8d3ce7d-3d46-4b6c-9b83-01d1e832a2c0/prefs/com.ceco.r.gravitybox
08-06 20:56:33.838  1103  1103 I LSPosedFramework: (system)[com.ceco.r.gravitybox,XposedBridge,44f-19fd7259b0c-2-12,0,1] GB:Error logging: false
08-06 20:56:33.838   813   813 I ServiceManager: Waiting for service 'package_native' on '/dev/binder'...
08-06 20:56:33.939   813   813 I ServiceManager: Waiting for service 'package_native' on '/dev/binder'...
08-06 20:56:33.957  1103  1103 W system_server: Unsupported class loader
08-06 20:56:33.958  1103  1103 W system_server: Could not establish class loader context
08-06 20:56:34.040   813   813 I ServiceManager: Waiting for service 'package_native' on '/dev/binder'...
08-06 20:56:34.141   813   813 I ServiceManager: Waiting for service 'package_native' on '/dev/binder'...
08-06 20:56:34.195   921   921 I LSPosedService: service package is not started, wait 1s.
08-06 20:56:34.241   813   813 I ServiceManager: Waiting for service 'package_native' on '/dev/binder'...
08-06 20:56:34.644   813   813 I chatty  : uid=1071(iorapd) /system/bin/iorapd identical 4 lines
08-06 20:56:34.745   813   813 I ServiceManager: Waiting for service 'package_native' on '/dev/binder'...
08-06 20:56:34.803   777  1199 W adbd    : timed out while waiting for FUNCTIONFS_BIND, trying again
08-06 20:56:34.803   777  1199 I adbd    : UsbFfs: connection terminated: monitor thread finished
08-06 20:56:34.803   777   777 I adbd    : UsbFfs: already offline
08-06 20:56:34.803   777   777 I adbd    : destroying transport UsbFfs
08-06 20:56:34.804   777   777 I adbd    : UsbFfsConnection being destroyed
08-06 20:56:34.843   777   782 I adbd    : opening control endpoint /dev/usb-ffs/adb/ep0
08-06 20:56:34.845   777   782 I adbd    : UsbFfsConnection constructed
08-06 20:56:34.846   777  1206 I adbd    : UsbFfs-monitor thread spawned
08-06 20:56:34.846   813   813 I ServiceManager: Waiting for service 'package_native' on '/dev/binder'...
08-06 20:56:34.874  1103  1103 W system_server: Unsupported class loader
08-06 20:56:34.874  1103  1103 W system_server: Could not establish class loader context
08-06 20:56:34.947   813   813 I ServiceManager: Waiting for service 'package_native' on '/dev/binder'...
08-06 20:56:35.042  1103  1103 W system_server: Verification of void github.tornaco.xposed.patchx.XposedHookRegistry_PATCHX.initXposedHookInfos() took 153.765ms (120449.53 bytecodes/s) (581248B approximate peak alloc)
08-06 20:56:35.048   813   813 I ServiceManager: Waiting for service 'package_native' on '/dev/binder'...
08-06 20:56:35.104   226   226 E SELinux : avc:  denied  { find } for interface=vendor.oppo.hardware.biometrics.fingerprint::IBiometricsFingerprint sid=u:r:hal_fingerprint_oppo_compat:s0 pid=852 scontext=u:r:hal_fingerprint_oppo_compat:s0 tcontext=u:object_r:default_android_hwservice:s0 tclass=hwservice_manager permissive=0
08-06 20:56:35.104   226   226 I auditd  : avc:  denied  { find } for interface=vendor.oppo.hardware.biometrics.fingerprint::IBiometricsFingerprint sid=u:r:hal_fingerprint_oppo_compat:s0 pid=852 scontext=u:r:hal_fingerprint_oppo_compat:s0 tcontext=u:object_r:default_android_hwservice:s0 tclass=hwservice_manager permissive=0
08-06 20:56:35.109   226   226 E SELinux : avc:  denied  { find } for interface=vendor.oplus.hardware.biometrics.fingerprint::IBiometricsFingerprint sid=u:r:hal_fingerprint_oppo_compat:s0 pid=851 scontext=u:r:hal_fingerprint_oppo_compat:s0 tcontext=u:object_r:default_android_hwservice:s0 tclass=hwservice_manager permissive=0
08-06 20:56:35.109   226   226 I auditd  : avc:  denied  { find } for interface=vendor.oplus.hardware.biometrics.fingerprint::IBiometricsFingerprint sid=u:r:hal_fingerprint_oppo_compat:s0 pid=851 scontext=u:r:hal_fingerprint_oppo_compat:s0 tcontext=u:object_r:default_android_hwservice:s0 tclass=hwservice_manager permissive=0
08-06 20:56:35.148   813   813 I ServiceManager: Waiting for service 'package_native' on '/dev/binder'...
08-06 20:56:35.196   921   921 I LSPosedService: service package is not started, wait 1s.
08-06 20:56:35.249   813   813 I ServiceManager: Waiting for service 'package_native' on '/dev/binder'...
08-06 20:56:35.552   813   813 I chatty  : uid=1071(iorapd) /system/bin/iorapd identical 3 lines
08-06 20:56:35.653   813   813 I ServiceManager: Waiting for service 'package_native' on '/dev/binder'...
08-06 20:56:35.686  1103  1103 I ThanoxLog: Invoke initZygote: github.tornaco.android.thanos.services.xposed.hooks.pm.ProtectedPackagesRegistry@e3f88e7
08-06 20:56:35.686  1103  1103 I ThanoxLog: Invoke initZygote: github.tornaco.android.thanos.services.xposed.hooks.pm.SetApplicationEnabledSettingRegistry@66ddc94
08-06 20:56:35.686  1103  1103 I ThanoxLog: Invoke initZygote: github.tornaco.android.thanos.services.xposed.hooks.pm.SetComponentEnabledSettingRegistry@474333d
08-06 20:56:35.687  1103  1103 I ThanoxLog: Invoke initZygote: github.tornaco.android.thanos.services.xposed.hooks.pm.PackageManagerServiceRegistry@b449732
08-06 20:56:35.687  1103  1103 I ThanoxLog: Invoke initZygote: github.tornaco.android.thanos.services.xposed.hooks.pm.PackageInstallerRegistry@4f1cc83
08-06 20:56:35.687  1103  1103 I ThanoxLog: Invoke initZygote: github.tornaco.android.thanos.services.xposed.hooks.power.PowerManagerServiceRegistry@7962e00
08-06 20:56:35.687  1103  1103 I ThanoxLog: Invoke initZygote: github.tornaco.android.thanos.services.xposed.hooks.workaround.NetworkStatsServiceFixRegistry@f5c639
08-06 20:56:35.687  1103  1103 I ThanoxLog: Invoke initZygote: github.tornaco.android.thanos.services.xposed.hooks.workaround.ActiveServicesBindingFixRegistry@420f47e
08-06 20:56:35.687  1103  1103 I ThanoxLog: Invoke initZygote: github.tornaco.android.thanos.services.xposed.hooks.AppWidgetRegistry@3faaddf
08-06 20:56:35.687  1103  1103 I ThanoxLog: Invoke initZygote: github.tornaco.android.thanos.services.xposed.hooks.privacy.SecureSettingsRegistry@c302a2c
08-06 20:56:35.697  1103  1103 I ThanoxLog: Invoke initZygote: github.tornaco.android.thanos.services.xposed.hooks.privacy.PMSGetPackageInfoRegistry@4d3da8a
08-06 20:56:35.697  1103  1103 I ThanoxLog: Invoke initZygote: github.tornaco.android.thanos.services.xposed.hooks.privacy.AdjustWindowBrightnessRegistry@b8648fb
08-06 20:56:35.697  1103  1103 I ThanoxLog: Invoke initZygote: github.tornaco.android.thanos.services.xposed.hooks.privacy.TelephonyManagerRegistry@f8bbd18
08-06 20:56:35.751  1103  1103 I ThanoxLog: Invoke initZygote: github.tornaco.android.thanos.services.xposed.hooks.privacy.SettingsEditRegistry@ab0141d
08-06 20:56:35.753   813   813 I ServiceManager: Waiting for service 'package_native' on '/dev/binder'...
08-06 20:56:35.756  1103  1103 I ThanoxLog: Invoke initZygote: github.tornaco.android.thanos.services.xposed.hooks.privacy.PMSGetInstalledPackagesRegistry@670ac60
08-06 20:56:35.756  1103  1103 I ThanoxLog: Invoke initZygote: github.tornaco.android.thanos.services.xposed.hooks.IntentFirewallRegistry@4bed519
08-06 20:56:35.756  1103  1103 I ThanoxLog: Invoke initZygote: github.tornaco.android.thanos.services.xposed.hooks.input.InputManagerServiceRegistry@48489de
08-06 20:56:35.759  1103  1103 I ThanoxLog: Invoke initZygote: github.tornaco.android.thanos.services.xposed.hooks.input.PWMInterceptKeyRegistry@3a42e8c
08-06 20:56:35.759  1103  1103 I ThanoxLog: Invoke initZygote: github.tornaco.android.thanos.services.xposed.hooks.input.InputManagerInjectInputRegistry@f5ea9d5
08-06 20:56:35.762  1103  1103 I ThanoxLog: Invoke initZygote: github.tornaco.android.thanos.services.xposed.hooks.notification.NMSRegistry@6a3e0db
08-06 20:56:35.762  1103  1103 I ThanoxLog: Invoke initZygote: github.tornaco.android.thanos.services.xposed.hooks.notification.ToastRegistry@6aba778
08-06 20:56:35.762  1103  1103 W ThanoxLog: hookShowToast...
08-06 20:56:35.765  1103  1103 W ThanoxLog: hookShowToast OK:[vPBzk.QXoHRq.AOMgojn.R.XC_MethodHook$Unhook@2ed0e51]
08-06 20:56:35.769  1103  1103 I ThanoxLog: Invoke initZygote: github.tornaco.android.thanos.services.xposed.hooks.notification.NotificationUsageStatsRegistry@cafc324
08-06 20:56:35.769  1103  1103 I ThanoxLog: Invoke initZygote: github.tornaco.android.thanos.services.xposed.hooks.activity.ActivityStartInterceptorRegistry33@6233e8d
08-06 20:56:35.769  1103  1103 I ThanoxLog: Invoke initZygote: github.tornaco.android.thanos.services.xposed.hooks.activity.SupervisorCheckStartAnyActivityRegistry@81ec842
08-06 20:56:35.769  1103  1103 I ThanoxLog: Invoke initZygote: github.tornaco.android.thanos.services.xposed.hooks.wm.WMSRegistry@b2b9053
08-06 20:56:35.769  1103  1103 I ThanoxLog: Invoke initZygote: github.tornaco.android.thanos.services.xposed.hooks.UsageStatsServiceRegistry@ab7ed90
08-06 20:56:35.769  1103  1103 I ThanoxLog: Invoke initZygote: github.tornaco.android.thanos.services.xposed.hooks.AMSBasicRegistry@8123689
08-06 20:56:35.769  1103  1103 I ThanoxLog: Invoke initZygote: github.tornaco.android.thanos.services.xposed.hooks.push.ActivityIntentResolverRegistry@355268e
08-06 20:56:35.769  1103  1103 I ThanoxLog: Invoke initZygote: github.tornaco.android.thanos.services.xposed.hooks.ServiceManagerRegistry@cd4deaf
08-06 20:56:35.775  1103  1103 I ThanoxLog: Invoke initZygote: github.tornaco.android.thanos.services.xposed.hooks.audio.MediaFocusRegistry@51ab6cb
08-06 20:56:35.775  1103  1103 I ThanoxLog: Invoke initZygote: github.tornaco.android.thanos.services.xposed.hooks.task.AMSRemoveTaskRegistry@c13dea8
08-06 20:56:35.775  1103  1103 I ThanoxLog: Invoke initZygote: github.tornaco.android.thanos.services.xposed.hooks.task.CreateRecentTaskInfoRegistryR@3d2dc1
08-06 20:56:35.776  1103  1103 I ThanoxLog: Invoke initZygote: github.tornaco.android.thanos.services.xposed.hooks.task.TaskChangeNotificationControllerRegistry@2437966
08-06 20:56:35.776  1103  1103 I ThanoxLog: Invoke initZygote: github.tornaco.android.thanos.services.xposed.hooks.view.DialogRegistry@9bf4a7
08-06 20:56:35.779  1103  1103 I ThanoxLog: Invoke initZygote: github.tornaco.android.thanos.services.xposed.hooks.permission.ContextImplPermissionRegistry@4ade4fd
08-06 20:56:35.779  1103  1103 W ThanoxLog: ContextImplSubModule hookEnforce...
08-06 20:56:35.783  1103  1103 W ThanoxLog: ContextImplSubModule hookEnforce OK:[vPBzk.QXoHRq.AOMgojn.R.XC_MethodHook$Unhook@27dc5f2]
08-06 20:56:35.788  1103  1103 I ThanoxLog: Invoke initZygote: github.tornaco.android.thanos.services.xposed.hooks.q.core.AMSStartProcessLockedRegistry@d093443
08-06 20:56:35.788  1103  1103 I ThanoxLog: Invoke initZygote: github.tornaco.android.thanos.services.xposed.hooks.q.core.AMSRemoveLruProcessRegistry@9a9dac0
08-06 20:56:35.788  1103  1103 I ThanoxLog: Invoke initZygote: github.tornaco.android.thanos.services.xposed.hooks.q.core.AMSGetProviderImplRegistry@e78d3f9
08-06 20:56:35.788  1103  1103 I ThanoxLog: Invoke initZygote: github.tornaco.android.thanos.services.xposed.hooks.q.task.RecentTaskBlurRegistryQ@59e4f3e
08-06 20:56:35.788  1103  1103 I ThanoxLog: Invoke initZygote: github.tornaco.android.thanos.services.xposed.hooks.q.ops.OpsServiceRegistryQ@880d19f
08-06 20:56:35.789  1103  1103 I ThanoxLog: Invoke initZygote: github.tornaco.android.thanos.services.xposed.hooks.r.ActivityStartHookRegistry@eb1e2ec
08-06 20:56:35.790  1103  1103 I ThanoxLog: Invoke initZygote: github.tornaco.android.thanos.services.xposed.hooks.r.NoopRegistry@369b6b5
08-06 20:56:35.794  1103  1103 I ThanoxLog: Invoke initZygote: github.tornaco.android.thanos.services.xposed.hooks.s.NoopRegistry@eac214a
08-06 20:56:35.801  1103  1103 W system_server: Unsupported class loader
08-06 20:56:35.801  1103  1103 W system_server: Could not establish class loader context
08-06 20:56:35.847   777  1206 W adbd    : timed out while waiting for FUNCTIONFS_BIND, trying again
08-06 20:56:35.847   777  1206 I adbd    : UsbFfs: connection terminated: monitor thread finished
08-06 20:56:35.847   777   777 I adbd    : UsbFfs: already offline
08-06 20:56:35.847   777   777 I adbd    : destroying transport UsbFfs
08-06 20:56:35.847   777   777 I adbd    : UsbFfsConnection being destroyed
08-06 20:56:35.854   813   813 I ServiceManager: Waiting for service 'package_native' on '/dev/binder'...
08-06 20:56:35.884   777   782 I adbd    : opening control endpoint /dev/usb-ffs/adb/ep0
08-06 20:56:35.885   777   782 I adbd    : UsbFfsConnection constructed
08-06 20:56:35.885   777  1214 I adbd    : UsbFfs-monitor thread spawned
08-06 20:56:35.887  1103  1209 I system_server: Method exceeds compiler instruction limit: 18521 in void github.tornaco.xposed.patchx.XposedHookRegistry_PATCHX.initXposedHookInfos()
08-06 20:56:35.955   813   813 I ServiceManager: Waiting for service 'package_native' on '/dev/binder'...
08-06 20:56:36.024  1103  1103 I SystemServerTiming: InitBeforeStartServices
08-06 20:56:36.027  1103  1103 I system_server_start: [1,66339,66339]
08-06 20:56:36.027  1103  1103 I SystemServer: Entered the Android system server!
08-06 20:56:36.027  1103  1103 I boot_progress_system_run: 66348
08-06 20:56:36.056   813   813 I chatty  : uid=1071(iorapd) /system/bin/iorapd identical 1 line
08-06 20:56:36.157   813   813 I ServiceManager: Waiting for service 'package_native' on '/dev/binder'...
08-06 20:56:36.197   921   921 I LSPosedService: service package is not started, wait 1s.
08-06 20:56:36.202  1103  1103 E UsbAlsaJackDetectorJNI: Can't register UsbAlsaJackDetector native methods
08-06 20:56:36.260   813   813 I ServiceManager: Waiting for service 'package_native' on '/dev/binder'...
08-06 20:56:36.766   813   813 I chatty  : uid=1071(iorapd) /system/bin/iorapd identical 5 lines
08-06 20:56:36.867   813   813 I ServiceManager: Waiting for service 'package_native' on '/dev/binder'...
08-06 20:56:36.886   777  1214 W adbd    : timed out while waiting for FUNCTIONFS_BIND, trying again
08-06 20:56:36.886   777  1214 I adbd    : UsbFfs: connection terminated: monitor thread finished
08-06 20:56:36.887   777   777 I adbd    : UsbFfs: already offline
08-06 20:56:36.887   777   777 I adbd    : destroying transport UsbFfs
08-06 20:56:36.887   777   777 I adbd    : UsbFfsConnection being destroyed
08-06 20:56:36.915   777   782 I adbd    : opening control endpoint /dev/usb-ffs/adb/ep0
08-06 20:56:36.917   777   782 I adbd    : UsbFfsConnection constructed
08-06 20:56:36.918   777  1225 I adbd    : UsbFfs-monitor thread spawned
08-06 20:56:36.968   813   813 I ServiceManager: Waiting for service 'package_native' on '/dev/binder'...
08-06 20:56:37.068   813   813 I ServiceManager: Waiting for service 'package_native' on '/dev/binder'...
08-06 20:56:37.143   838   865 I ThermalCvtGovernor: soc-thmzone Sum: 199851, cala times: 4
08-06 20:56:37.143   838   865 I ThermalCvtGovernor: soc-thmzone average temp: 49962
08-06 20:56:37.150   838   864 I ThermalCvtGovernor: board-thmzone-backup Sum: 235624, cala times: 4
08-06 20:56:37.150   838   864 I ThermalCvtGovernor: board-thmzone-backup average temp: 58906
08-06 20:56:37.170   813   813 I ServiceManager: Waiting for service 'package_native' on '/dev/binder'...
08-06 20:56:37.201   921   921 I LSPosedService: service package is not started, wait 1s.
08-06 20:56:37.270   813   813 I ServiceManager: Waiting for service 'package_native' on '/dev/binder'...
08-06 20:56:37.774   813   813 I chatty  : uid=1071(iorapd) /system/bin/iorapd identical 5 lines
08-06 20:56:37.875   813   813 I ServiceManager: Waiting for service 'package_native' on '/dev/binder'...
08-06 20:56:37.919   777  1225 W adbd    : timed out while waiting for FUNCTIONFS_BIND, trying again
08-06 20:56:37.919   777  1225 I adbd    : UsbFfs: connection terminated: monitor thread finished
08-06 20:56:37.920   777   777 I adbd    : UsbFfs: already offline
08-06 20:56:37.920   777   777 I adbd    : destroying transport UsbFfs
08-06 20:56:37.920   777   777 I adbd    : UsbFfsConnection being destroyed
08-06 20:56:37.951   777   782 I adbd    : opening control endpoint /dev/usb-ffs/adb/ep0
08-06 20:56:37.954   777   782 I adbd    : UsbFfsConnection constructed
08-06 20:56:37.954   777  1228 I adbd    : UsbFfs-monitor thread spawned
08-06 20:56:37.975   813   813 I ServiceManager: Waiting for service 'package_native' on '/dev/binder'...
08-06 20:56:38.076   813   813 W ServiceManager: Service package_native didn't start. Returning NULL
08-06 20:56:38.076   813   813 E iorapd  : Cannot get package manager service!
08-06 20:56:38.202   921   921 I LSPosedService: service package is not started, wait 1s.
08-06 20:56:38.955   777  1228 W adbd    : timed out while waiting for FUNCTIONFS_BIND, trying again
08-06 20:56:38.956   777  1228 I adbd    : UsbFfs: connection terminated: monitor thread finished
08-06 20:56:38.956   777   777 I adbd    : UsbFfs: already offline
08-06 20:56:38.956   777   777 I adbd    : destroying transport UsbFfs
08-06 20:56:38.956   777   777 I adbd    : UsbFfsConnection being destroyed
08-06 20:56:38.996   777   782 I adbd    : opening control endpoint /dev/usb-ffs/adb/ep0
08-06 20:56:38.997   777   782 I adbd    : UsbFfsConnection constructed
08-06 20:56:38.998   777  1231 I adbd    : UsbFfs-monitor thread spawned
08-06 20:56:39.076   813   813 W iorapd  : Reconnect to package manager service: 5 times
08-06 20:56:39.077   813   813 I ServiceManager: Waiting for service 'package_native' on '/dev/binder'...
08-06 20:56:39.143   838   865 I ThermalCvtGovernor: soc-thmzone curTemp: 51505 tripTemp: 105000 setPollingDelay: 6000
08-06 20:56:39.144   838   865 I ThermalCvtGovernor: soc-thmzone start calculate temperature.
08-06 20:56:39.144   838   865 I ThermalCvtGovernor: soc-thmzone setPollingDelay: 2000
08-06 20:56:39.151   838   864 I ThermalCvtGovernor: board-thmzone-backup curTemp: 59258 tripTemp: 105000 setPollingDelay: 6000
08-06 20:56:39.151   838   864 I ThermalCvtGovernor: board-thmzone-backup start calculate temperature.
08-06 20:56:39.151   838   864 I ThermalCvtGovernor: board-thmzone-backup setPollingDelay: 2000
08-06 20:56:39.178   813   813 I ServiceManager: Waiting for service 'package_native' on '/dev/binder'...
08-06 20:56:39.204   921   921 I LSPosedService: service package is not started, wait 1s.
08-06 20:56:39.278   813   813 I ServiceManager: Waiting for service 'package_native' on '/dev/binder'...
08-06 20:56:39.883   813   813 I chatty  : uid=1071(iorapd) /system/bin/iorapd identical 6 lines
08-06 20:56:39.984   813   813 I ServiceManager: Waiting for service 'package_native' on '/dev/binder'...
08-06 20:56:39.999   777  1231 W adbd    : timed out while waiting for FUNCTIONFS_BIND, trying again
08-06 20:56:40.000   777  1231 I adbd    : UsbFfs: connection terminated: monitor thread finished
08-06 20:56:40.000   777   777 I adbd    : UsbFfs: already offline
08-06 20:56:40.000   777   777 I adbd    : destroying transport UsbFfs
08-06 20:56:40.000   777   777 I adbd    : UsbFfsConnection being destroyed
08-06 20:56:40.032   777   782 I adbd    : opening control endpoint /dev/usb-ffs/adb/ep0
08-06 20:56:40.033   777   782 I adbd    : UsbFfsConnection constructed
08-06 20:56:40.034   777  1236 I adbd    : UsbFfs-monitor thread spawned
08-06 20:56:40.085   813   813 I ServiceManager: Waiting for service 'package_native' on '/dev/binder'...
08-06 20:56:40.185   813   813 I ServiceManager: Waiting for service 'package_native' on '/dev/binder'...
08-06 20:56:40.206   921   921 I LSPosedService: service package is not started, wait 1s.
08-06 20:56:40.286   813   813 I ServiceManager: Waiting for service 'package_native' on '/dev/binder'...
